"","age","education","evac_orders","evacuation","gender","Q1_1","Q1_2","Q1_3","Q1_4","Q1_5","Q1_6","Q10","Q11","Q12a_1","Q12b_1","Q13a_1","Q13b_1","Q14_1","Q14_10","Q14_11","Q14_12","Q14_13","Q14_14","Q14_15","Q14_16","Q14_17","Q14_18","Q14_19","Q14_2","Q14_20","Q14_21","Q14_22","Q14_3","Q14_4","Q14_5","Q14_6","Q14_7","Q14_8","Q14_9","Q15_1","Q15_2","Q15_3","Q15_4","Q15_5","Q15_6","Q15_7","Q16","Q17_1","Q17_2","Q17_3","Q17_4","Q17_5","Q18_1","Q18_10","Q18_11","Q18_12","Q18_13","Q18_14","Q18_15","Q18_16","Q18_17","Q18_18","Q18_19","Q18_2","Q18_20","Q18_21","Q18_22","Q18_3","Q18_4","Q18_5","Q18_6","Q18_7","Q18_8","Q18_9","Q19","Q2_1","Q2_2","Q2_3","Q2_4","Q2_5","Q20","Q21","Q22","Q23","Q24","Q25","Q26","Q27_1","Q27_2","Q27_3","Q27_4","Q28_1","Q28_2","Q29","Q3_1","Q3_2","Q3_3","Q3_4","Q3_5","Q3_6","Q3_7","Q3_8","Q30","Q31","Q32_1","Q32_2","Q33","Q34","Q35_1","Q35_2","Q35_3","Q36","Q37","Q38","Q39","Q4_1","Q4_10","Q4_11","Q4_12","Q4_2","Q4_3","Q4_4","Q4_5","Q4_6","Q4_7","Q4_8","Q4_9","Q40","Q41","Q5","Q7_1","Q7_2","Q7_3","Q7_4","Q7_5","Q7_6","Q7_7","Q8","Q9_1","Q9_2","Q9_3","Q9_4","Q9_5","Q9_6","Q9_7","Q9_8","risk_area"
"1",54,12,"mandatory","yes","female",1,4,3,1,1,2,1,NA,4,14,NA,NA,0,1,1,0,0,0,0,0,0,0,0,0,0,0,0,0,0,0,0,1,0,0,0,0,0,0,0,1,0,1,NA,NA,NA,NA,NA,NA,NA,NA,NA,NA,NA,NA,NA,NA,NA,NA,NA,NA,NA,NA,NA,NA,NA,NA,NA,NA,NA,"2",5,1,2,5,2,"2","0",NA,"Franklin, TX",2,1,1,1,1,1,1,1,2,2,5,1,1,1,2,4,5,5,1,3,3,2,"54",1,"1","1","",2,2,2,1,1,1,1,1,1,5,1,1,1,1,1,1,2,5,2,2,2,2,5,1,6,2,1,NA,NA,NA,NA,NA,NA,NA,NA,"yes"
"2",55,21,"voluntary","yes",NA,NA,NA,5,NA,NA,NA,0,1,4,22,NA,NA,0,0,1,0,0,0,0,0,0,0,0,0,0,0,1,0,1,0,0,0,0,0,0,0,0,0,0,1,0,1,NA,NA,NA,NA,NA,NA,NA,NA,NA,NA,NA,NA,NA,NA,NA,NA,NA,NA,NA,NA,NA,NA,NA,NA,NA,NA,NA,"1",5,NA,NA,4,4,"2","1",NA,"N/A",1,4,1,NA,NA,NA,NA,NA,NA,2,NA,5,1,1,4,1,1,5,2,1,1,1,"55",1,"2","2","",5,8,NA,1,1,1,1,4,1,1,4,2,1,4,4,1,2,4,2,1,1,1,6,6,3,1,1,NA,NA,NA,NA,NA,NA,NA,NA,"yes"
"3",66,18,"mandatory","yes","female",NA,NA,NA,3,NA,3,1,NA,NA,NA,NA,NA,0,0,0,0,0,0,1,0,0,0,0,0,0,0,1,0,0,0,0,0,0,0,0,0,0,0,0,1,0,1,NA,NA,NA,NA,NA,NA,NA,NA,NA,NA,NA,NA,NA,NA,NA,NA,NA,NA,NA,NA,NA,NA,NA,NA,NA,NA,NA,"1",3,NA,NA,NA,NA,"1","0",NA,"Kerrville",2,2,1,1,1,1,0,1,2,2,5,5,2,4,4,4,NA,5,1,3,2,1,"66",4,"","","1",4,1,2,1,NA,1,1,1,5,5,5,1,1,1,1,1,2,4,2,1,1,6,6,3,3,5,NA,1,1,0,0,1,0,1,0,"yes"
"4",87,21,"mandatory","yes","male",2,3,1,3,NA,3,1,NA,NA,NA,NA,NA,0,0,0,0,0,0,1,0,0,0,0,0,0,0,0,0,0,0,0,0,0,0,0,0,0,0,0,1,0,NA,NA,NA,NA,NA,NA,NA,NA,1,NA,NA,NA,1,NA,NA,NA,NA,NA,NA,NA,1,NA,NA,NA,NA,NA,NA,NA,"1",5,5,5,1,2,"1","0",NA,"San Antonio",1,3,1,1,0,0,0,1,1,2,5,3,2,1,3,2,5,5,1,1,3,2,"87",4,"","","1",5,8,1,1,1,1,2,5,3,4,5,5,2,2,5,1,2,5,2,1,1,1,5,6,6,1,1,NA,NA,NA,NA,NA,NA,NA,NA,"yes"
"5",61,12,"mandatory","no","female",2,4,3,3,3,2,NA,NA,NA,NA,NA,NA,NA,NA,NA,NA,NA,NA,NA,NA,NA,NA,NA,NA,NA,NA,NA,NA,NA,NA,NA,NA,NA,NA,NA,NA,NA,NA,NA,NA,NA,NA,NA,NA,NA,NA,NA,NA,NA,NA,NA,NA,NA,NA,NA,NA,NA,NA,NA,NA,NA,NA,NA,NA,NA,NA,NA,NA,NA,"",5,1,1,1,1,"","",NA,"",NA,NA,NA,NA,NA,NA,NA,NA,NA,2,3,3,1,1,3,3,1,5,1,3,3,2,"61",1,"","2","1",2,1,2,4,NA,1,5,5,4,5,5,5,5,5,5,5,2,5,1,NA,NA,NA,NA,NA,NA,NA,NA,NA,NA,NA,NA,NA,NA,NA,NA,"yes"
"6",45,18,"mandatory","yes","female",1,2,5,5,5,5,1,NA,4,17,NA,NA,0,0,0,0,0,0,0,0,0,0,0,0,0,0,0,0,1,0,0,0,0,0,0,0,0,1,0,0,0,1,NA,NA,NA,NA,NA,NA,NA,NA,NA,NA,NA,NA,NA,NA,NA,NA,NA,NA,NA,NA,NA,NA,NA,NA,NA,NA,NA,"2",5,5,5,5,5,"4","0",NA,"Hondo, Texas",2,1,1,1,1,1,1,1,2,2,4,3,2,1,2,2,2,5,1,1,2,1,"45",1,"2","2","0",4,8,2,1,1,1,1,2,1,5,5,5,5,2,3,1,2,5,2,1,1,6,6,6,6,2,2,1,0,0,0,1,0,1,0,"yes"
"7",68,16,"mandatory","yes","female",2,4,4,3,1,5,1,NA,4,20,NA,NA,0,1,0,0,0,0,0,0,0,0,0,0,0,0,1,0,0,0,0,0,0,0,0,0,1,0,0,0,0,1,NA,NA,NA,NA,NA,NA,NA,NA,NA,NA,NA,NA,NA,NA,NA,NA,NA,NA,NA,NA,NA,NA,NA,NA,NA,NA,NA,"1",5,3,4,5,4,"2","0",NA,"Los Fresnos/Indian Lake",2,4,1,1,1,1,1,2,2,2,1,1,1,1,1,1,1,1,1,3,3,2,"68",2,"","1","2",3,2,2,1,4,5,5,5,3,3,4,1,3,4,2,4,2,5,2,1,1,1,6,1,6,6,2,1,0,0,0,0,0,0,1,"yes"
"8",76,18,"mandatory","yes","male",2,5,5,5,5,5,1,NA,4,16,NA,NA,0,0,0,0,0,0,1,0,0,0,0,0,0,0,0,0,0,0,0,0,0,0,0,0,0,0,1,1,0,2,1,5,1,1,NA,NA,NA,1,NA,NA,NA,NA,NA,NA,NA,NA,NA,NA,NA,NA,NA,NA,NA,NA,NA,NA,NA,"1",5,5,5,5,5,"2","0",NA,"Utopia, TX",2,1,1,1,1,0,0,1,1,2,5,5,1,1,3,3,1,5,1,1,3,1,"76",1,"","","2",4,8,1,1,3,1,1,3,4,5,5,5,3,3,3,1,2,4,2,1,1,1,6,NA,NA,1,1,NA,NA,NA,NA,NA,NA,NA,NA,"yes"
"9",67,18,"mandatory","yes","male",1,2,5,5,5,3,1,NA,4,17,NA,NA,0,0,0,0,1,0,1,0,0,0,0,1,0,0,0,0,0,0,0,0,0,0,0,1,0,0,0,0,1,2,1,5,1,5,NA,NA,NA,NA,NA,1,NA,1,NA,NA,NA,NA,1,NA,NA,NA,NA,NA,NA,NA,NA,NA,NA,"1",5,1,1,3,3,"2","0",NA,"Jonestown, TX",2,1,1,1,1,0,0,1,2,2,4,5,2,2,3,1,5,5,2,3,3,2,"67",1,"","1","1",4,8,1,1,1,1,5,5,4,5,5,4,1,3,5,1,2,4,2,1,1,2,6,6,6,6,1,NA,NA,NA,NA,NA,NA,NA,NA,"yes"
"10",68,18,"mandatory","no","male",2,5,3,2,1,4,NA,NA,NA,NA,NA,NA,NA,NA,NA,NA,NA,NA,NA,NA,NA,NA,NA,NA,NA,NA,NA,NA,NA,NA,NA,NA,NA,NA,NA,NA,NA,NA,NA,NA,NA,NA,NA,NA,NA,NA,NA,NA,NA,NA,NA,NA,NA,NA,NA,NA,NA,NA,NA,NA,NA,NA,NA,NA,NA,NA,NA,NA,NA,"",4,1,1,4,4,"","",NA,"",NA,NA,NA,NA,NA,NA,NA,NA,NA,2,4,1,1,1,2,1,2,5,1,1,3,3,"68",1,"","","2",4,5,1,1,2,1,2,4,3,3,4,4,4,5,3,1,2,5,1,NA,NA,NA,NA,NA,NA,NA,NA,NA,NA,NA,NA,NA,NA,NA,NA,"yes"
"11",80,18,"voluntary","yes","male",1,NA,5,NA,NA,NA,1,NA,NA,NA,NA,NA,0,1,0,0,0,0,0,0,0,0,0,0,0,0,0,0,0,0,0,0,0,0,0,0,0,0,0,1,0,1,NA,NA,NA,NA,NA,NA,NA,NA,NA,NA,NA,NA,NA,NA,NA,NA,NA,NA,NA,NA,NA,NA,NA,NA,NA,NA,NA,"2",5,NA,NA,NA,5,"2","1",NA,"Kingsville & Weslaco, TX",3,2,1,1,1,1,0,1,1,1,NA,4,NA,NA,NA,NA,NA,NA,NA,NA,2,3,"80",1,"","","2",4,NA,1,1,NA,NA,NA,NA,NA,5,NA,NA,NA,NA,NA,NA,2,4,2,NA,6,NA,NA,6,6,NA,1,NA,NA,NA,NA,NA,NA,NA,NA,"yes"
"12",64,16,"mandatory","yes","female",1,2,2,1,1,1,1,NA,1,12,NA,NA,0,0,0,0,0,0,0,0,0,0,0,0,0,0,1,0,0,0,0,0,0,0,0,0,0,0,0,1,0,1,NA,NA,NA,NA,NA,NA,NA,NA,NA,NA,NA,NA,NA,NA,NA,NA,NA,NA,NA,NA,NA,NA,NA,NA,NA,NA,NA,"1",5,NA,NA,2,2,"1","0",NA,"San Antonia, TX",2,1,1,1,1,0,0,NA,NA,2,5,5,1,1,2,5,1,5,1,3,3,2,"64",2,"","1","",3,1,2,1,1,1,2,5,5,5,5,1,NA,1,1,1,2,5,2,1,1,1,4,1,2,3,1,NA,NA,NA,NA,NA,NA,NA,NA,"yes"
"13",72,18,"mandatory","no","male",NA,3,2,NA,NA,NA,NA,NA,NA,NA,NA,NA,NA,NA,NA,NA,NA,NA,NA,NA,NA,NA,NA,NA,NA,NA,NA,NA,NA,NA,NA,NA,NA,NA,NA,NA,NA,NA,NA,NA,NA,NA,NA,NA,NA,NA,NA,NA,NA,NA,NA,NA,NA,NA,NA,NA,NA,NA,NA,NA,NA,NA,NA,NA,NA,NA,NA,NA,NA,"",3,3,NA,2,NA,"","",NA,"",NA,NA,NA,NA,NA,NA,NA,NA,NA,2,2,1,NA,NA,2,1,NA,5,1,1,3,1,"72",1,"","1","1",4,7,1,1,NA,NA,NA,NA,NA,4,5,2,NA,1,4,NA,NA,5,1,NA,NA,NA,NA,NA,NA,NA,NA,NA,NA,NA,NA,NA,NA,NA,NA,"yes"
"14",70,16,"mandatory","yes","male",2,3,3,3,3,2,1,NA,4,18,NA,NA,0,0,1,0,1,0,0,0,0,0,0,0,0,1,0,0,0,0,0,0,0,0,0,0,0,0,0,1,0,1,NA,NA,NA,NA,NA,NA,NA,NA,NA,NA,NA,NA,NA,NA,NA,NA,NA,NA,NA,NA,NA,NA,NA,NA,NA,NA,NA,"2",5,5,5,5,5,"3","1",NA,"Smiley, TX",2,1,1,1,1,0,0,1,2,2,3,3,3,3,3,3,3,3,1,1,2,1,"70",1,"","","2",3,8,1,1,3,1,1,3,3,3,4,3,2,1,2,1,2,4,2,1,1,3,4,6,6,6,2,1,0,0,0,0,0,0,0,"yes"
"15",NA,NA,"mandatory","not applicable",NA,NA,NA,NA,NA,NA,NA,NA,NA,NA,NA,NA,NA,NA,NA,NA,NA,NA,NA,NA,NA,NA,NA,NA,NA,NA,NA,NA,NA,NA,NA,NA,NA,NA,NA,NA,NA,NA,NA,NA,NA,NA,NA,NA,NA,NA,NA,NA,NA,NA,NA,NA,NA,NA,NA,NA,NA,NA,NA,NA,NA,NA,NA,NA,NA,NA,NA,NA,NA,NA,"",NA,NA,NA,NA,NA,"","",NA,"",NA,NA,NA,NA,NA,NA,NA,NA,NA,NA,NA,NA,NA,NA,NA,NA,NA,NA,NA,NA,NA,NA,"",NA,"","","",NA,NA,NA,NA,NA,NA,NA,NA,NA,NA,NA,NA,NA,NA,NA,NA,NA,NA,NA,NA,NA,NA,NA,NA,NA,NA,NA,NA,NA,NA,NA,NA,NA,NA,NA,"yes"
"16",56,18,"mandatory","yes","male",1,5,5,5,1,3,1,NA,4,7,NA,NA,0,0,0,0,0,0,0,0,0,0,0,0,0,0,1,0,0,0,0,0,0,0,0,0,0,0,0,1,0,1,NA,NA,NA,NA,NA,NA,NA,NA,NA,NA,NA,NA,NA,NA,NA,NA,NA,NA,NA,NA,NA,NA,NA,NA,NA,NA,NA,"1",5,5,3,5,5,"3","0",NA,"SPRING BRANCH TX",2,4,1,1,1,1,1,1,1,2,3,4,3,1,3,4,1,4,1,1,3,1,"56",1,"","2","",4,8,1,1,4,1,1,2,4,4,4,1,1,1,1,2,2,4,2,1,1,1,1,5,3,1,2,1,0,0,0,0,1,0,1,"yes"
"17",54,12,"mandatory","yes","male",1,4,4,1,1,4,1,NA,3,NA,NA,NA,0,0,0,0,0,0,0,0,0,0,0,0,0,0,1,0,0,0,0,0,0,0,0,0,0,0,1,1,0,1,NA,NA,NA,NA,NA,NA,NA,NA,NA,NA,NA,NA,NA,NA,NA,NA,NA,NA,NA,NA,NA,NA,NA,NA,NA,NA,NA,"0",5,1,1,3,3,"3","0",1,"Catisville",1,2,1,1,1,1,1,1,2,1,2,2,2,2,2,2,2,3,1,2,3,2,"54",1,"","2","",2,2,1,1,5,5,3,3,5,5,5,3,3,5,5,5,2,5,2,6,2,5,5,6,3,2,1,NA,NA,NA,NA,NA,NA,NA,NA,"yes"
"18",73,12,"mandatory","yes","female",5,5,5,5,5,5,0,1,1,12,NA,NA,0,1,1,0,0,0,0,0,0,0,0,0,0,0,0,0,0,0,0,1,0,0,0,0,0,0,0,1,0,1,NA,NA,NA,NA,NA,NA,NA,NA,NA,NA,NA,NA,NA,NA,NA,NA,NA,NA,NA,NA,NA,NA,NA,NA,NA,NA,NA,"1",5,1,5,NA,5,"1","0",NA,"Somerville, TX",2,1,1,1,1,1,1,1,1,1,5,5,2,5,5,5,3,5,1,1,3,3,"73",2,"","","1",2,1,2,1,4,1,1,3,4,5,4,2,2,3,5,5,1,4,2,5,1,1,4,1,1,1,1,NA,NA,NA,NA,NA,NA,NA,NA,"yes"
"19",73,18,"mandatory","not applicable","female",1,1,1,2,1,1,NA,NA,NA,NA,NA,NA,NA,NA,NA,NA,NA,NA,NA,NA,NA,NA,NA,NA,NA,NA,NA,NA,NA,NA,NA,NA,NA,NA,NA,NA,NA,NA,NA,NA,NA,NA,NA,NA,NA,NA,NA,NA,NA,NA,NA,NA,NA,NA,NA,NA,NA,NA,NA,NA,NA,NA,NA,NA,NA,NA,NA,NA,NA,"",2,2,2,2,2,"","",NA,"",NA,NA,NA,NA,NA,NA,NA,NA,NA,NA,2,1,1,1,1,1,2,4,NA,NA,NA,NA,"73",1,"","","2",4,8,2,1,2,1,2,4,2,5,2,2,3,3,3,3,2,5,3,NA,NA,NA,NA,NA,NA,NA,NA,NA,NA,NA,NA,NA,NA,NA,NA,"yes"
"20",83,16,"mandatory","yes","male",1,5,5,3,1,4,1,NA,3,10,NA,NA,0,0,0,0,0,0,0,0,0,0,0,0,0,0,1,0,0,0,0,0,0,0,0,0,0,0,0,1,0,1,NA,NA,NA,NA,NA,NA,NA,NA,NA,NA,NA,NA,NA,NA,NA,NA,NA,NA,NA,NA,NA,NA,NA,NA,NA,NA,NA,"1",3,3,3,3,3,"1","0",NA,"San Antonio",3,2,1,0,1,1,0,1,1,NA,2,4,2,2,2,3,1,5,1,1,3,1,"83",1,"","","2",3,8,1,1,1,1,5,5,4,4,4,3,1,2,5,2,2,4,NA,1,1,6,6,6,6,6,1,NA,NA,NA,NA,NA,NA,NA,NA,"yes"
"21",62,18,"mandatory","yes","male",5,5,5,5,5,5,1,NA,4,18,NA,NA,0,0,0,0,0,0,0,0,0,0,1,0,0,0,0,0,0,0,0,0,0,0,0,0,0,1,1,1,0,1,NA,NA,NA,NA,NA,NA,NA,NA,NA,NA,NA,NA,NA,NA,NA,NA,NA,NA,NA,NA,NA,NA,NA,NA,NA,NA,NA,"2",5,5,5,4,4,"2","0",NA,"Jourdanton, TX",2,1,1,1,1,0,0,1,1,2,4,3,2,2,3,4,4,5,1,1,3,1,"62",1,"","2","",4,7,1,1,3,3,3,4,4,5,5,5,3,3,3,4,2,5,2,6,6,6,6,6,6,6,2,0,0,0,0,0,0,1,1,"yes"
"22",60,16,"mandatory","no","male",1,5,5,4,1,4,NA,NA,NA,NA,NA,NA,NA,NA,NA,NA,NA,NA,NA,NA,NA,NA,NA,NA,NA,NA,NA,NA,NA,NA,NA,NA,NA,NA,NA,NA,NA,NA,NA,NA,NA,NA,NA,NA,NA,NA,NA,NA,NA,NA,NA,NA,NA,NA,NA,NA,NA,NA,NA,NA,NA,NA,NA,NA,NA,NA,NA,NA,NA,"",5,1,1,4,4,"","",NA,"",NA,NA,NA,NA,NA,NA,NA,NA,NA,2,1,1,1,1,2,1,5,5,1,1,3,3,"60",1,"","1","",3,8,1,1,1,1,1,1,1,1,1,1,1,1,1,1,2,4,1,NA,NA,NA,NA,NA,NA,NA,NA,NA,NA,NA,NA,NA,NA,NA,NA,"yes"
"23",83,21,"voluntary","yes","male",1,3,3,2,1,1,1,NA,4,13,NA,NA,NA,NA,NA,NA,NA,NA,NA,NA,NA,NA,NA,NA,NA,NA,NA,NA,NA,NA,NA,NA,NA,NA,0,0,0,0,0,1,0,1,NA,NA,NA,NA,NA,NA,NA,NA,NA,NA,NA,NA,NA,NA,NA,NA,NA,NA,NA,NA,NA,NA,NA,NA,NA,NA,NA,"1",2,1,1,3,1,"1","0",NA,"Austin, TX",1,1,1,0,0,1,0,1,1,2,5,5,1,1,1,1,1,5,1,2,3,3,"83",4,"","","1",5,5,1,1,2,1,2,2,3,3,3,5,3,1,1,1,2,5,2,1,1,1,4,1,1,1,1,NA,NA,NA,NA,NA,NA,NA,NA,"yes"
"24",71,16,"mandatory","yes","male",NA,4,4,NA,NA,NA,1,NA,4,13,NA,NA,0,0,0,0,0,0,1,0,0,0,0,0,0,0,1,0,0,0,0,0,0,0,0,0,0,0,0,1,0,1,NA,NA,NA,NA,NA,NA,NA,NA,NA,NA,NA,NA,NA,NA,NA,NA,NA,NA,NA,NA,NA,NA,NA,NA,NA,NA,NA,"2",5,5,5,1,5,"2","2",NA,"Pleasanton",2,1,1,1,1,1,0,1,1,2,5,5,4,5,5,5,5,5,1,3,3,1,"71",1,"","","2",3,3,1,1,1,1,4,5,1,5,5,5,1,3,3,5,2,4,2,6,1,1,6,3,3,3,2,1,0,0,0,1,0,0,0,"yes"
"25",65,18,"mandatory","yes","male",1,2,4,2,1,5,0,2,4,17,5,6,0,0,0,0,0,0,0,0,0,0,0,0,0,1,0,0,0,0,0,0,0,0,0,0,0,0,0,1,0,1,NA,NA,NA,NA,NA,NA,NA,NA,NA,NA,NA,NA,NA,NA,NA,NA,NA,NA,NA,NA,NA,NA,NA,NA,NA,NA,NA,"1",5,1,1,4,5,"4","0",NA,"New Braunfels",2,1,1,1,0,0,0,1,2,2,4,5,1,1,4,1,1,5,1,1,3,3,"65",1,"2","","",4,4,1,1,1,4,1,1,1,1,1,5,1,1,1,1,2,4,2,2,2,4,4,2,3,3,2,1,1,0,0,0,0,0,0,"yes"
"26",58,12,"mandatory","yes","female",2,4,5,2,2,4,1,NA,3,9,NA,NA,0,1,0,0,0,0,0,1,0,0,0,0,0,0,0,0,0,0,0,0,0,0,1,1,1,0,0,1,0,1,NA,NA,NA,NA,NA,NA,NA,NA,NA,NA,NA,NA,NA,NA,NA,NA,NA,NA,NA,NA,NA,NA,NA,NA,NA,NA,NA,"2",5,3,4,5,5,"1","0",1,"San Antonio",1,2,1,1,1,1,0,2,2,1,4,5,5,5,5,5,5,5,1,2,2,2,"58",1,"","2","",2,1,2,1,4,5,2,5,5,5,4,4,5,5,5,NA,1,5,2,1,1,2,2,3,2,2,2,1,1,1,1,1,1,0,0,"yes"
"27",85,18,"mandatory","yes","female",1,4,2,1,1,3,1,NA,4,18,NA,NA,0,1,0,0,0,0,0,0,0,0,0,0,0,0,0,0,0,0,0,0,0,0,0,0,0,0,0,1,0,2,1,5,1,1,1,NA,1,NA,NA,NA,NA,NA,NA,NA,NA,NA,NA,NA,NA,NA,NA,NA,NA,NA,NA,NA,NA,"1",5,5,5,5,5,"1","0",NA,"Dallas, TX",2,1,1,NA,NA,NA,NA,1,1,2,5,5,4,4,4,5,1,5,1,2,3,3,"85",1,"","","1",4,NA,2,1,1,1,1,3,1,5,4,1,1,5,5,1,2,5,2,1,1,6,6,6,6,3,1,NA,NA,NA,NA,NA,NA,NA,NA,"yes"
"28",80,21,"mandatory","yes","female",3,2,2,1,1,3,1,NA,4,14,NA,NA,0,1,1,0,0,0,0,0,0,0,0,0,0,0,0,0,0,0,0,0,0,0,0,0,0,0,0,1,0,1,NA,NA,NA,NA,NA,NA,NA,NA,NA,NA,NA,NA,NA,NA,NA,NA,NA,NA,NA,NA,NA,NA,NA,NA,NA,NA,NA,"1",5,2,3,4,5,"2","0",NA,"Waco, TX",1,1,1,1,0,0,0,2,1,2,1,3,1,1,3,5,1,3,2,1,3,3,"80",1,"","","2",5,3,2,1,2,1,2,2,5,2,5,1,1,3,4,1,2,4,2,1,1,1,3,1,3,1,1,NA,NA,NA,NA,NA,NA,NA,NA,"yes"
"29",63,16,"mandatory","yes","male",1,1,1,1,1,3,1,NA,3,12,NA,NA,0,0,1,0,1,0,0,0,0,0,0,0,0,1,0,0,1,0,0,0,0,0,0,0,0,1,0,0,0,1,NA,NA,NA,NA,NA,NA,NA,NA,NA,NA,NA,NA,NA,NA,NA,NA,NA,NA,NA,NA,NA,NA,NA,NA,NA,NA,NA,"1",3,3,3,3,3,"2","0",NA,"Wimberley, TX",1,1,1,0,1,1,1,1,1,2,4,NA,3,5,NA,4,4,5,1,1,3,3,"63",1,"","2","1",3,2,1,1,3,3,3,4,4,3,4,NA,4,2,4,3,2,4,2,1,1,5,5,1,1,1,1,NA,NA,NA,NA,NA,NA,NA,NA,"yes"
"30",59,16,"mandatory","no","male",2,5,5,5,2,2,NA,NA,NA,NA,NA,NA,NA,NA,NA,NA,NA,NA,NA,NA,NA,NA,NA,NA,NA,NA,NA,NA,NA,NA,NA,NA,NA,NA,NA,NA,NA,NA,NA,NA,NA,NA,NA,NA,NA,NA,NA,NA,NA,NA,NA,NA,NA,NA,NA,NA,NA,NA,NA,NA,NA,NA,NA,NA,NA,NA,NA,NA,NA,"",5,5,5,5,5,"","",NA,"",NA,NA,NA,NA,NA,NA,NA,NA,NA,2,4,5,3,2,4,2,5,5,1,3,3,2,"59",3,"","2","",3,NA,1,5,3,5,5,5,3,3,3,5,5,5,5,5,2,5,1,NA,NA,NA,NA,NA,NA,NA,NA,NA,NA,NA,NA,NA,NA,NA,NA,"yes"
"31",67,18,"mandatory","no","male",1,3,2,2,1,4,NA,NA,NA,NA,NA,NA,NA,NA,NA,NA,NA,NA,NA,NA,NA,NA,NA,NA,NA,NA,NA,NA,NA,NA,NA,NA,NA,NA,NA,NA,NA,NA,NA,NA,NA,NA,NA,NA,NA,NA,NA,NA,NA,NA,NA,NA,NA,NA,NA,NA,NA,NA,NA,NA,NA,NA,NA,NA,NA,NA,NA,NA,NA,"",5,5,5,5,4,"","",NA,"",NA,NA,NA,NA,NA,NA,NA,NA,NA,2,3,3,1,1,3,2,1,5,1,1,3,3,"67",3,"0","0","1",4,6,1,1,2,1,2,4,2,2,3,3,1,4,5,3,2,5,1,NA,NA,NA,NA,NA,NA,NA,NA,NA,NA,NA,NA,NA,NA,NA,NA,"yes"
"32",NA,NA,"voluntary",NA,NA,NA,NA,NA,NA,NA,NA,NA,NA,NA,NA,NA,NA,NA,NA,NA,NA,NA,NA,NA,NA,NA,NA,NA,NA,NA,NA,NA,NA,NA,NA,NA,NA,NA,NA,NA,NA,NA,NA,NA,NA,NA,NA,NA,NA,NA,NA,NA,NA,NA,NA,NA,NA,NA,NA,NA,NA,NA,NA,NA,NA,NA,NA,NA,NA,NA,NA,NA,NA,NA,"",NA,NA,NA,NA,NA,"","",NA,"",NA,NA,NA,NA,NA,NA,NA,NA,NA,NA,NA,NA,NA,NA,NA,NA,NA,NA,NA,NA,NA,NA,"",NA,"","","",NA,NA,NA,NA,NA,NA,NA,NA,NA,NA,NA,NA,NA,NA,NA,NA,NA,NA,NA,NA,NA,NA,NA,NA,NA,NA,NA,NA,NA,NA,NA,NA,NA,NA,NA,"yes"
"33",56,12,"mandatory","no","female",NA,3,3,3,3,3,NA,NA,NA,NA,NA,NA,NA,NA,NA,NA,NA,NA,NA,NA,NA,NA,NA,NA,NA,NA,NA,NA,NA,NA,NA,NA,NA,NA,NA,NA,NA,NA,NA,NA,NA,NA,NA,NA,NA,NA,NA,NA,NA,NA,NA,NA,NA,NA,NA,NA,NA,NA,NA,NA,NA,NA,NA,NA,NA,NA,NA,NA,NA,"",5,4,4,5,4,"","",NA,"",NA,NA,NA,NA,NA,NA,NA,NA,NA,2,4,5,2,2,3,3,3,5,1,1,3,1,"56",1,"","1","1",2,8,2,1,4,1,1,4,4,3,3,3,1,1,1,1,2,5,1,NA,NA,NA,NA,NA,NA,NA,NA,NA,NA,NA,NA,NA,NA,NA,NA,"yes"
"34",63,10,"mandatory","yes","male",2,4,3,3,1,2,1,NA,5,14,NA,NA,0,0,1,0,0,0,0,0,0,0,0,0,0,0,0,0,0,0,0,0,0,0,0,0,0,1,0,0,0,1,NA,NA,NA,NA,NA,NA,NA,NA,NA,NA,NA,NA,NA,NA,NA,NA,NA,NA,NA,NA,NA,NA,NA,NA,NA,NA,NA,"1",5,5,2,5,3,"","0",NA,"Austin",3,1,1,1,1,1,1,1,2,2,3,3,1,1,2,4,3,5,1,1,3,3,"63",1,"","2","",1,4,1,1,1,2,2,2,1,3,5,1,1,5,5,NA,2,4,2,5,1,2,4,6,2,4,1,NA,NA,NA,NA,NA,NA,NA,NA,"yes"
"35",41,21,"mandatory","yes","female",1,1,1,1,1,1,1,NA,4,NA,NA,NA,0,1,1,0,0,0,0,0,0,0,0,0,0,1,0,0,0,0,0,0,0,0,0,1,0,0,0,0,0,1,NA,NA,NA,NA,NA,NA,NA,NA,NA,NA,NA,NA,NA,NA,NA,NA,NA,NA,NA,NA,NA,NA,NA,NA,NA,NA,NA,"1",5,4,4,5,5,"3","0",NA,"Shiner, TX",2,2,1,1,1,1,0,1,1,2,3,3,2,1,3,2,3,5,1,1,3,3,"41",1,"4","","",5,8,2,3,5,1,1,3,5,5,5,2,3,1,2,2,2,5,2,6,2,5,5,1,1,NA,1,NA,NA,NA,NA,NA,NA,NA,NA,"yes"
"36",73,21,"mandatory","no","male",3,2,3,4,1,3,NA,NA,NA,NA,NA,NA,NA,NA,NA,NA,NA,NA,NA,NA,NA,NA,NA,NA,NA,NA,NA,NA,NA,NA,NA,NA,NA,NA,NA,NA,NA,NA,NA,NA,NA,NA,NA,NA,NA,NA,NA,NA,NA,NA,NA,NA,NA,NA,NA,NA,NA,NA,NA,NA,NA,NA,NA,NA,NA,NA,NA,NA,NA,"",5,5,5,5,5,"","",NA,"",NA,NA,NA,NA,NA,NA,NA,NA,NA,2,4,4,2,2,1,1,3,5,1,1,3,1,"73",1,"","","2",5,6,1,1,1,1,2,3,1,1,2,4,1,2,NA,1,2,4,1,NA,NA,NA,NA,NA,NA,NA,NA,NA,NA,NA,NA,NA,NA,NA,NA,"yes"
"37",72,21,"mandatory","yes","male",1,1,1,5,1,1,1,NA,5,4,NA,NA,0,0,1,0,0,0,0,0,0,0,0,0,0,0,0,0,0,0,0,0,0,0,0,0,0,1,0,0,0,1,NA,NA,NA,NA,NA,NA,NA,NA,NA,NA,NA,NA,NA,NA,NA,NA,NA,NA,NA,NA,NA,NA,NA,NA,NA,NA,NA,"1",1,1,1,1,1,"2","0",NA,"Laredo TX",2,2,1,1,1,1,1,1,1,2,4,4,2,2,3,2,4,5,1,1,3,3,"72",1,"0","0","2",5,8,1,1,1,1,1,2,1,4,3,4,2,1,1,1,2,4,2,1,1,1,3,3,3,1,1,NA,NA,NA,NA,NA,NA,NA,NA,"yes"
"38",46,12,"mandatory","yes","male",1,2,2,1,1,5,1,NA,5,19,NA,NA,0,0,0,0,0,0,0,0,0,0,1,0,0,0,0,0,0,0,0,0,0,0,0,0,0,0,1,0,0,1,NA,NA,NA,NA,NA,NA,NA,NA,NA,NA,NA,NA,NA,NA,NA,NA,NA,NA,NA,NA,NA,NA,NA,NA,NA,NA,NA,"1",5,5,5,5,5,"1","",NA,"San Antonio",1,2,1,1,1,1,1,2,1,2,5,5,5,5,5,5,5,5,1,3,3,3,"46",2,"","1","",2,3,1,NA,5,5,5,5,5,5,5,5,5,5,5,5,1,5,2,1,6,1,6,5,6,1,2,1,1,1,0,1,0,0,0,"yes"
"39",62,16,"mandatory","yes","female",1,1,1,1,3,3,1,NA,4,14,NA,NA,0,0,0,0,0,0,0,0,0,0,0,0,0,0,1,0,1,0,0,0,0,0,0,0,0,0,0,1,0,1,NA,NA,NA,NA,NA,NA,NA,NA,NA,NA,NA,NA,NA,NA,NA,NA,NA,NA,NA,NA,NA,NA,NA,NA,NA,NA,NA,"2",3,1,1,1,3,"1","0",NA,"San Antonio",2,1,1,1,1,0,0,1,1,2,5,5,5,3,5,3,3,3,1,3,2,2,"62",3,"","1","",3,1,2,1,5,5,3,5,5,5,5,1,1,5,5,5,2,5,2,2,2,2,6,5,3,2,1,NA,NA,NA,NA,NA,NA,NA,NA,"yes"
"40",43,16,"mandatory","yes","female",2,3,3,4,4,1,1,NA,2,12,NA,NA,0,0,1,0,0,0,0,0,0,0,0,0,0,0,0,0,0,0,0,0,0,0,0,0,0,0,0,1,0,1,NA,NA,NA,NA,NA,NA,NA,NA,NA,NA,NA,NA,NA,NA,NA,NA,NA,NA,NA,NA,NA,NA,NA,NA,NA,NA,NA,"2",1,1,1,1,1,"2","0",NA,"Kerrville",2,1,1,1,1,0,1,1,1,2,5,5,1,1,3,4,1,5,1,1,3,2,"43",2,"1","1","",3,2,2,1,1,1,2,5,1,3,4,5,3,3,3,5,2,4,2,2,6,6,6,4,6,1,1,NA,NA,NA,NA,NA,NA,NA,NA,"yes"
"41",62,16,"mandatory","yes","female",2,5,5,4,5,5,1,NA,4,12,NA,NA,0,0,1,0,0,0,0,0,0,0,0,0,0,0,0,0,0,0,0,0,0,0,0,0,0,0,0,1,0,1,NA,NA,NA,NA,NA,NA,NA,NA,NA,NA,NA,NA,NA,NA,NA,NA,NA,NA,NA,NA,NA,NA,NA,NA,NA,NA,NA,"1",5,4,5,5,5,"1","0",NA,"Galveston",2,1,1,1,1,0,0,1,2,2,5,5,3,3,5,5,5,5,1,1,3,3,"62",4,"","1","",3,2,2,1,5,1,1,1,5,5,5,1,1,1,1,1,2,4,2,1,1,1,4,4,5,2,1,NA,NA,NA,NA,NA,NA,NA,NA,"yes"
"42",67,16,"mandatory","yes","female",1,4,5,1,1,5,1,NA,4,19,NA,NA,0,1,1,0,0,0,0,0,0,0,0,0,0,1,0,0,0,0,0,0,0,0,0,0,0,0,0,1,0,1,NA,NA,NA,NA,NA,NA,NA,NA,NA,NA,NA,NA,NA,NA,NA,NA,NA,NA,NA,NA,NA,NA,NA,NA,NA,NA,NA,"2",5,1,NA,3,4,"3","1",NA,"Victoria",2,NA,1,1,1,0,0,1,2,2,4,5,3,1,3,2,3,5,1,1,3,2,"67",3,"","1","",3,4,2,1,5,1,NA,4,5,4,4,5,5,2,5,1,2,5,2,1,1,6,6,6,6,6,2,0,0,0,0,0,1,0,1,"yes"
"43",28,21,"mandatory","yes","female",1,4,4,4,4,4,1,NA,4,23,NA,NA,0,0,0,0,0,0,1,0,0,0,0,0,0,0,0,0,0,0,0,0,0,0,0,0,0,0,0,1,0,1,NA,NA,NA,NA,NA,NA,NA,NA,NA,NA,NA,NA,NA,NA,NA,NA,NA,NA,NA,NA,NA,NA,NA,NA,NA,NA,NA,"2",5,5,5,5,5,"2","1",NA,"La Vernia, TX",2,1,1,1,0,0,0,1,1,2,2,2,1,1,5,5,1,5,1,1,3,1,"28",1,"","2","",5,8,2,1,5,1,1,1,5,1,5,3,3,1,5,1,2,4,2,1,1,6,6,6,6,2,1,NA,NA,NA,NA,NA,NA,NA,NA,"yes"
"44",72,12,"mandatory","yes","female",2,5,5,2,1,5,1,NA,4,12,NA,NA,0,0,0,0,0,0,0,0,0,0,1,0,0,0,0,0,0,0,0,0,0,0,0,0,0,0,0,1,0,1,NA,NA,NA,NA,NA,NA,NA,NA,NA,NA,NA,NA,NA,NA,NA,NA,NA,NA,NA,NA,NA,NA,NA,NA,NA,NA,NA,"1",5,1,1,5,5,"1","0",1,"San Antonio",2,1,1,1,0,0,0,1,1,2,5,5,4,3,5,5,5,5,1,3,2,NA,"72",4,"","","",2,1,2,1,5,2,4,5,5,5,5,3,5,4,5,5,1,4,2,1,1,6,5,5,4,3,1,NA,NA,NA,NA,NA,NA,NA,NA,"yes"
"45",42,18,"mandatory","no","female",1,5,3,5,5,1,NA,NA,NA,NA,NA,NA,NA,NA,NA,NA,NA,NA,NA,NA,NA,NA,NA,NA,NA,NA,NA,NA,NA,NA,NA,NA,NA,NA,NA,NA,NA,NA,NA,NA,NA,NA,NA,NA,NA,NA,NA,NA,NA,NA,NA,NA,NA,NA,NA,NA,NA,NA,NA,NA,NA,NA,NA,NA,NA,NA,NA,NA,NA,"",5,1,1,3,5,"","",NA,"",NA,NA,NA,NA,NA,NA,NA,NA,NA,2,4,5,1,1,3,2,1,5,1,1,3,3,"42",3,"2","","",4,4,2,3,2,2,5,5,2,3,2,5,5,1,5,3,2,4,1,NA,NA,NA,NA,NA,NA,NA,NA,NA,NA,NA,NA,NA,NA,NA,NA,"yes"
"46",64,16,"voluntary","yes","female",1,4,3,2,1,2,1,NA,5,16,NA,NA,0,0,0,0,0,0,0,0,0,0,0,0,0,0,1,0,0,1,0,0,0,0,0,0,0,0,0,1,0,1,NA,NA,NA,NA,NA,NA,NA,NA,NA,NA,NA,NA,NA,NA,NA,NA,NA,NA,NA,NA,NA,NA,NA,NA,NA,NA,NA,"2",5,5,5,5,5,"3","0",NA,"Mathis, Tx.",2,1,2,NA,NA,NA,NA,1,1,2,2,2,3,3,3,3,4,4,1,2,3,2,"64",3,"","1","1",3,8,2,1,2,2,3,3,2,4,5,5,2,1,2,2,2,4,2,5,5,2,6,5,6,1,2,1,1,1,0,0,0,0,0,"yes"
"47",63,18,"mandatory","yes","female",1,5,5,5,5,5,1,NA,5,8,NA,NA,0,0,0,0,0,0,1,0,0,0,0,0,0,0,0,0,1,0,0,0,0,0,0,0,0,0,0,1,0,1,NA,NA,NA,NA,NA,NA,NA,NA,NA,NA,NA,NA,NA,NA,NA,NA,NA,NA,NA,NA,NA,NA,NA,NA,NA,NA,NA,"2",5,1,1,5,5,"4","0",NA,"San Antonio",2,1,1,1,1,0,1,1,1,2,3,5,3,1,5,5,5,5,1,2,3,3,"63",1,"","1","1",4,5,2,1,1,5,3,3,3,5,1,5,5,5,5,5,2,4,2,1,1,4,4,4,6,2,1,NA,NA,NA,NA,NA,NA,NA,NA,"yes"
"48",74,18,"mandatory","yes","male",2,3,3,4,1,3,0,2,6,9,6,18,0,0,1,0,0,0,1,0,0,0,0,0,0,0,0,0,0,0,0,0,0,0,1,0,0,0,1,1,1,1,NA,NA,NA,NA,NA,NA,NA,NA,NA,NA,NA,NA,NA,NA,NA,NA,NA,NA,NA,NA,NA,NA,NA,NA,NA,NA,NA,"1",3,1,1,2,2,"1","0",NA,"San Antonio, TX",2,2,1,1,1,1,0,1,1,2,5,5,3,1,4,4,3,5,1,1,3,2,"74",1,"","","1",4,4,1,1,3,1,4,4,4,5,5,2,1,5,5,1,2,4,2,2,2,2,6,6,5,6,2,1,1,1,0,1,1,0,0,"yes"
"49",74,18,"mandatory","yes","male",1,3,2,1,1,1,0,2,3,10,4,3,0,0,1,0,0,0,0,0,0,0,0,0,0,1,0,0,0,0,0,1,0,0,0,0,0,0,0,1,0,1,NA,NA,NA,NA,NA,NA,NA,NA,NA,NA,NA,NA,NA,NA,NA,NA,NA,NA,NA,NA,NA,NA,NA,NA,NA,NA,NA,"2",3,3,3,3,2,"2","0",NA,"Houston",2,1,1,1,1,0,0,1,1,2,5,3,5,1,4,5,1,5,1,1,3,3,"74",1,"","","2",4,NA,1,1,1,1,2,3,1,4,4,1,1,1,1,1,2,5,2,1,1,2,3,6,3,1,1,NA,NA,NA,NA,NA,NA,NA,NA,"yes"
"50",79,16,"mandatory","no","male",NA,2,NA,NA,NA,NA,NA,NA,NA,NA,NA,NA,NA,NA,NA,NA,NA,NA,NA,NA,NA,NA,NA,NA,NA,NA,NA,NA,NA,NA,NA,NA,NA,NA,NA,NA,NA,NA,NA,NA,NA,NA,NA,NA,NA,NA,NA,NA,NA,NA,NA,NA,NA,NA,NA,NA,NA,NA,NA,NA,NA,NA,NA,NA,NA,NA,NA,NA,NA,"",3,3,3,3,3,"","",NA,"",NA,NA,NA,NA,NA,NA,NA,NA,NA,2,4,4,1,1,1,1,5,5,1,1,3,2,"79",1,"","","2",3,7,1,1,5,1,1,1,5,5,5,5,5,5,5,1,2,4,1,NA,NA,NA,NA,NA,NA,NA,NA,NA,NA,NA,NA,NA,NA,NA,NA,"yes"
"51",81,12,"mandatory","yes","male",NA,5,5,5,4,3,1,NA,NA,NA,NA,NA,0,0,1,0,1,0,1,0,0,0,0,0,0,0,0,0,0,0,1,0,0,0,0,0,0,0,0,1,0,1,NA,NA,NA,NA,NA,NA,NA,NA,NA,NA,NA,NA,NA,NA,NA,NA,NA,NA,NA,NA,NA,NA,NA,NA,NA,NA,NA,"2",5,NA,NA,4,4,"2","",NA,"Mission, TX",2,1,1,NA,NA,NA,NA,1,1,2,5,5,5,NA,5,5,NA,5,1,3,3,3,"81",1,"","","2",2,1,1,1,1,NA,NA,5,4,4,5,5,5,5,5,5,NA,5,2,NA,NA,3,4,4,5,NA,1,NA,NA,NA,NA,NA,NA,NA,NA,"yes"
"52",58,18,"mandatory","yes","female",2,3,4,1,1,1,0,2,5,5,5,6,0,0,1,0,0,0,1,0,0,0,0,0,0,0,1,0,0,0,0,0,0,0,0,0,0,0,0,1,0,1,NA,NA,NA,NA,NA,NA,NA,NA,NA,NA,NA,NA,NA,NA,NA,NA,NA,NA,NA,NA,NA,NA,NA,NA,NA,NA,NA,"2",5,1,2,5,1,"2","0",NA,"San Antonio",2,2,1,1,1,1,0,1,1,2,2,2,2,1,2,3,1,3,2,1,3,3,"58",2,"","6","",4,7,2,1,5,1,1,1,3,5,5,5,1,2,2,1,2,4,2,1,1,2,6,6,6,1,2,1,0,1,0,0,1,0,0,"yes"
"53",77,16,"mandatory","yes","female",2,4,4,2,1,5,0,3,2,12,2,12,NA,NA,NA,NA,NA,NA,NA,NA,NA,NA,NA,NA,NA,NA,NA,NA,NA,NA,NA,NA,NA,NA,0,0,0,0,1,0,0,1,NA,NA,NA,NA,NA,NA,NA,NA,NA,NA,NA,NA,NA,NA,NA,NA,NA,NA,NA,NA,NA,NA,NA,NA,NA,NA,NA,"1",5,1,1,1,5,"1","0",NA,"Frederickburg - Then Raymondville",2,2,1,1,1,1,1,1,1,2,5,5,1,1,5,3,3,5,1,2,2,1,"77",4,"","","1",3,NA,2,NA,5,1,4,4,5,5,5,1,3,5,5,1,NA,4,2,NA,NA,NA,3,1,3,2,1,NA,NA,NA,NA,NA,NA,NA,NA,"yes"
"54",46,18,"mandatory","yes","female",3,3,1,3,3,2,1,NA,NA,16,NA,NA,0,0,0,0,0,0,0,0,0,0,0,0,0,1,0,0,0,0,0,0,0,0,0,0,0,0,0,1,0,1,NA,NA,NA,NA,NA,NA,NA,NA,NA,NA,NA,NA,NA,NA,NA,NA,NA,NA,NA,NA,NA,NA,NA,NA,NA,NA,NA,"2",5,4,3,5,3,"2","0",NA,"Bryan, Texas",2,1,1,1,1,0,1,1,1,2,5,5,2,3,5,4,5,5,1,3,3,2,"46",1,"2","2","",4,4,2,1,3,4,4,4,4,5,5,4,4,4,3,4,2,4,2,1,1,6,6,5,6,NA,2,0,0,1,1,1,0,0,0,"yes"
"55",65,16,"mandatory","no","female",1,4,4,4,3,3,NA,NA,NA,NA,NA,NA,NA,NA,NA,NA,NA,NA,NA,NA,NA,NA,NA,NA,NA,NA,NA,NA,NA,NA,NA,NA,NA,NA,NA,NA,NA,NA,NA,NA,NA,NA,NA,NA,NA,NA,NA,NA,NA,NA,NA,NA,NA,NA,NA,NA,NA,NA,NA,NA,NA,NA,NA,NA,NA,NA,NA,NA,NA,"",5,1,1,3,3,"","",NA,"",NA,NA,NA,NA,NA,NA,NA,NA,NA,1,5,5,1,2,3,2,2,5,1,1,3,3,"65",1,"2","","",3,4,2,1,1,2,3,5,3,3,3,1,1,3,3,2,2,5,1,NA,NA,NA,NA,NA,NA,NA,NA,NA,NA,NA,NA,NA,NA,NA,NA,"yes"
"56",72,21,"mandatory","yes","female",4,5,5,5,3,5,1,NA,4,16,NA,NA,0,1,1,0,0,0,0,0,0,0,0,0,0,1,0,0,0,0,0,0,0,0,0,0,0,0,0,1,0,1,NA,NA,NA,NA,NA,NA,NA,NA,NA,NA,NA,NA,NA,NA,NA,NA,NA,NA,NA,NA,NA,NA,NA,NA,NA,NA,NA,"One",5,5,5,5,5,"Four","None",NA,"Bastrop, TX",1,4,1,1,1,0,0,1,1,2,4,2,2,4,5,3,1,5,1,1,3,3,"72",1,"","","2",5,7,2,1,1,1,4,5,2,2,5,4,5,1,5,1,2,4,2,1,1,2,3,2,2,1,1,NA,NA,NA,NA,NA,NA,NA,NA,"yes"
"57",60,18,"mandatory","yes","male",NA,5,4,NA,NA,4,1,NA,4,12,NA,NA,0,1,0,0,0,0,1,0,0,0,0,0,0,0,1,0,0,1,0,0,0,0,0,0,0,1,0,0,0,2,1,4,2,4,5,NA,1,1,NA,NA,NA,1,NA,NA,NA,NA,NA,NA,NA,1,NA,1,1,NA,NA,NA,NA,"2",5,3,3,5,2,"4","1",NA,"Uvalde",3,1,1,1,1,0,1,2,2,2,4,4,3,1,5,5,5,5,1,1,3,3,"60",1,"","4","",4,8,1,1,2,2,4,4,3,3,3,4,3,4,4,4,2,5,2,1,1,6,6,6,6,6,2,1,1,1,1,1,1,1,1,"yes"
"58",76,21,"mandatory","yes","female",3,4,3,3,1,3,1,NA,4,NA,NA,NA,0,1,0,0,0,0,0,0,0,0,0,0,0,0,1,0,0,0,0,0,0,0,0,0,1,0,0,0,0,1,NA,NA,NA,NA,NA,NA,NA,NA,NA,NA,NA,NA,NA,NA,NA,NA,NA,NA,NA,NA,NA,NA,NA,NA,NA,NA,NA,"1",2,2,2,4,5,"1","2",NA,"Mathis",1,4,1,0,1,1,0,2,1,2,2,2,2,2,2,2,2,5,2,3,3,NA,"76",1,"","","2",5,8,2,1,4,4,2,5,4,5,5,4,5,2,3,3,2,5,2,NA,2,1,2,4,3,1,1,NA,NA,NA,NA,NA,NA,NA,NA,"yes"
"59",78,16,"mandatory","yes","male",1,3,3,1,1,2,1,NA,4,15,NA,NA,0,0,1,0,0,0,1,0,0,0,1,0,0,0,0,0,0,0,0,0,0,0,0,0,0,0,0,1,0,1,NA,NA,NA,NA,NA,NA,NA,NA,NA,NA,NA,NA,NA,NA,NA,NA,NA,NA,NA,NA,NA,NA,NA,NA,NA,NA,NA,"1",4,4,4,4,3,"1","0",NA,"San Antonio",2,1,1,1,0,0,0,1,1,2,1,1,1,1,5,3,3,5,1,3,3,2,"78",4,"","","1",3,4,1,1,4,1,1,1,3,5,2,5,1,1,1,1,2,5,2,1,1,1,4,1,2,1,1,NA,NA,NA,NA,NA,NA,NA,NA,"yes"
"60",59,12,"mandatory","yes","female",1,4,5,1,1,3,1,NA,4,23,NA,NA,0,0,0,0,0,0,0,0,0,0,0,0,0,0,0,0,0,0,0,1,0,0,0,0,0,0,0,1,0,2,1,1,NA,5,NA,NA,NA,NA,NA,NA,1,NA,NA,NA,NA,NA,NA,NA,NA,NA,NA,NA,NA,NA,NA,NA,NA,"2",5,1,2,4,5,"4","0",NA,"Alice",3,2,1,1,1,1,1,1,1,1,2,1,2,1,3,1,3,5,1,1,3,3,"59",1,"1","4","",2,3,2,1,5,4,2,4,5,5,5,2,4,2,2,5,2,4,2,4,2,2,4,4,2,3,1,NA,NA,NA,NA,NA,NA,NA,NA,"yes"
"61",49,18,"mandatory","yes","female",2,1,1,2,2,2,1,NA,5,12,NA,NA,0,0,0,0,0,0,0,0,0,0,0,0,0,0,0,0,1,0,0,0,0,0,0,0,0,1,0,0,0,1,NA,NA,NA,NA,NA,NA,NA,NA,NA,NA,NA,NA,NA,NA,NA,NA,NA,NA,NA,NA,NA,NA,NA,NA,NA,NA,NA,"3",5,5,5,5,5,"4","0",NA,"Palestine, TX",2,1,1,1,1,1,1,1,2,2,5,5,2,1,4,2,4,5,1,1,2,1,"49",1,"2","4","",4,7,2,1,1,1,1,1,1,3,3,5,1,1,1,2,2,5,2,1,1,6,6,6,6,6,2,1,1,1,0,0,1,1,1,"yes"
"62",67,21,"mandatory","yes","male",2,2,3,3,1,2,1,NA,4,16,NA,NA,0,0,0,0,0,0,0,0,0,0,0,0,0,0,0,0,1,0,0,0,0,0,0,0,0,1,0,1,0,1,NA,NA,NA,NA,NA,NA,NA,NA,NA,NA,NA,NA,NA,NA,NA,NA,NA,NA,NA,NA,NA,NA,NA,NA,NA,NA,NA,"1",3,2,2,2,1,"2","0",NA,"Grapevine, TX, but not at son's home; stayed at Hilton Inn in Grapevine for 4 nights",3,2,1,1,1,1,1,1,1,2,3,1,1,1,1,1,1,2,1,1,3,1,"67",1,"0","0","2",5,NA,1,1,1,1,1,1,1,2,5,5,1,1,3,1,2,4,2,1,1,6,5,6,6,1,1,NA,NA,NA,NA,NA,NA,NA,NA,"yes"
"63",79,18,"mandatory","yes","male",1,4,4,4,2,2,1,NA,5,6,NA,NA,0,0,0,0,0,0,0,0,0,0,0,0,0,0,1,0,0,0,0,0,0,0,0,0,0,0,0,1,0,1,NA,NA,NA,NA,NA,NA,NA,NA,NA,NA,NA,NA,NA,NA,NA,NA,NA,NA,NA,NA,NA,NA,NA,NA,NA,NA,NA,"1",5,5,5,5,5,"3","0",NA,"San Antonio",2,1,1,1,1,1,1,1,1,2,3,5,1,1,4,3,1,5,1,1,1,1,"79",1,"","1","2",4,4,1,1,3,1,2,4,3,3,4,5,4,2,5,2,2,4,2,1,1,1,6,6,6,1,1,NA,NA,NA,NA,NA,NA,NA,NA,"yes"
"64",64,12,"mandatory","yes","female",NA,4,NA,NA,NA,NA,1,NA,4,14,NA,NA,0,0,1,0,0,0,0,0,0,0,0,0,0,0,0,0,0,0,0,0,0,0,0,0,0,0,0,1,0,1,NA,NA,NA,NA,NA,NA,NA,NA,NA,NA,NA,NA,NA,NA,NA,NA,NA,NA,NA,NA,NA,NA,NA,NA,NA,NA,NA,"1",4,NA,NA,NA,NA,"2","1",NA,"Victoria",1,1,1,NA,NA,NA,NA,1,1,2,2,2,NA,NA,NA,NA,NA,2,1,1,2,2,"64",1,"","1","1",2,6,2,1,NA,NA,NA,NA,5,5,5,NA,NA,NA,NA,NA,2,4,2,NA,NA,5,5,5,NA,NA,1,NA,NA,NA,NA,NA,NA,NA,NA,"yes"
"65",57,16,"mandatory","yes","female",2,2,2,2,2,2,1,NA,4,19,NA,NA,0,0,1,0,1,0,0,0,0,0,0,0,0,0,0,0,0,0,0,0,0,0,NA,NA,NA,NA,NA,NA,NA,NA,NA,NA,NA,NA,NA,NA,NA,NA,NA,NA,NA,NA,NA,NA,NA,NA,NA,NA,NA,NA,NA,NA,NA,NA,NA,NA,NA,"3",2,2,2,2,2,"2","0",1,"San Marcos, TX",2,2,1,1,1,1,1,1,2,2,1,1,1,1,1,1,1,1,1,2,3,1,"57",3,"2","2","",3,3,2,1,5,5,5,5,5,2,1,1,1,5,5,5,2,4,2,1,1,4,2,5,5,2,1,NA,NA,NA,NA,NA,NA,NA,NA,"yes"
"66",70,16,"mandatory","yes","female",3,3,4,NA,NA,NA,1,NA,5,17,NA,NA,0,0,0,0,0,0,0,1,0,0,0,0,0,1,0,0,1,0,0,0,0,0,0,0,0,0,0,1,0,1,NA,NA,NA,NA,NA,NA,NA,NA,NA,NA,NA,NA,NA,NA,NA,NA,NA,NA,NA,NA,NA,NA,NA,NA,NA,NA,NA,"1",5,5,5,3,5,"2","",NA,"San Antonio, TX",2,1,1,1,1,0,0,1,2,2,5,5,1,1,NA,5,1,5,1,3,3,1,"70",4,"","","1",3,2,2,1,3,1,4,4,3,4,5,5,5,4,5,5,2,4,2,1,1,6,6,6,4,4,1,NA,NA,NA,NA,NA,NA,NA,NA,"yes"
"67",70,16,"mandatory","no","male",1,4,5,1,1,3,NA,NA,NA,NA,NA,NA,NA,NA,NA,NA,NA,NA,NA,NA,NA,NA,NA,NA,NA,NA,NA,NA,NA,NA,NA,NA,NA,NA,NA,NA,NA,NA,NA,NA,NA,NA,NA,NA,NA,NA,NA,NA,NA,NA,NA,NA,NA,NA,NA,NA,NA,NA,NA,NA,NA,NA,NA,NA,NA,NA,NA,NA,NA,"",1,2,5,4,5,"","",NA,"",NA,NA,NA,NA,NA,NA,NA,NA,NA,2,1,5,1,1,1,1,1,5,1,1,3,1,"70",1,"","","2",3,2,1,1,1,1,5,5,1,1,5,5,1,1,5,1,2,5,1,NA,NA,NA,NA,NA,NA,NA,NA,NA,NA,NA,NA,NA,NA,NA,NA,"yes"
"68",85,21,"mandatory","no","male",1,2,2,1,1,1,NA,NA,NA,NA,NA,NA,NA,NA,NA,NA,NA,NA,NA,NA,NA,NA,NA,NA,NA,NA,NA,NA,NA,NA,NA,NA,NA,NA,NA,NA,NA,NA,NA,NA,NA,NA,NA,NA,NA,NA,NA,NA,NA,NA,NA,NA,NA,NA,NA,NA,NA,NA,NA,NA,NA,NA,NA,NA,NA,NA,NA,NA,NA,"",2,2,2,2,2,"","",NA,"",NA,NA,NA,NA,NA,NA,NA,NA,NA,2,2,2,1,1,2,1,2,5,1,1,NA,NA,"85",1,"","","2",5,4,1,1,3,1,1,1,2,5,4,5,4,1,4,1,2,4,1,NA,NA,NA,NA,NA,NA,NA,NA,NA,NA,NA,NA,NA,NA,NA,NA,"yes"
"69",76,21,"mandatory","yes","female",2,4,4,4,1,2,1,NA,3,19,NA,NA,0,0,1,0,0,0,1,0,0,0,0,0,0,0,1,0,1,0,0,0,0,0,0,0,0,0,1,1,0,1,NA,NA,NA,NA,NA,NA,NA,NA,NA,NA,NA,NA,NA,NA,NA,NA,NA,NA,NA,NA,NA,NA,NA,NA,NA,NA,NA,"1",5,3,3,4,4,"2","0",NA,"Bandera, TX",2,1,1,1,0,1,NA,1,1,2,5,5,4,4,4,5,1,5,1,2,3,2,"76",4,"","","2",5,2,2,1,4,1,3,4,4,5,5,5,2,3,5,5,2,4,2,1,1,3,6,6,6,4,2,1,0,0,0,1,0,0,0,"yes"
"70",63,12,"mandatory","yes","male",NA,4,4,NA,NA,2,1,NA,4,17,NA,NA,0,0,1,0,0,0,0,0,0,0,1,0,0,1,0,0,0,0,0,0,0,0,0,0,0,1,0,1,0,1,NA,NA,NA,NA,NA,NA,NA,NA,NA,NA,NA,NA,NA,NA,NA,NA,NA,NA,NA,NA,NA,NA,NA,NA,NA,NA,NA,"2",5,3,3,5,2,"3","0",NA,"Bulverde",2,1,1,1,1,0,0,1,2,2,3,5,3,2,4,4,3,5,2,1,3,1,"63",1,"","2","",2,7,1,1,1,1,1,2,4,4,5,2,1,3,3,1,2,5,2,1,1,2,3,6,4,4,1,NA,NA,NA,NA,NA,NA,NA,NA,"yes"
"71",60,18,"mandatory","yes","male",1,5,5,5,5,5,0,2,5,10,5,14,0,0,0,0,0,0,1,0,0,0,0,0,0,0,1,0,0,0,0,0,0,0,0,0,0,0,0,1,0,1,NA,NA,NA,NA,NA,NA,NA,NA,NA,NA,NA,NA,NA,NA,NA,NA,NA,NA,NA,NA,NA,NA,NA,NA,NA,NA,NA,"2",5,5,NA,5,5,"2","0",NA,"San Antonio",2,1,1,1,1,0,0,1,1,2,2,4,1,1,4,2,4,5,1,1,3,1,"60",3,"1","2","",4,8,1,1,1,1,1,5,3,1,1,1,4,4,1,4,2,4,2,1,1,1,3,6,6,3,1,NA,NA,NA,NA,NA,NA,NA,NA,"yes"
"72",79,10,"mandatory","yes","male",1,3,2,1,1,1,0,2,5,4,5,5,0,0,1,0,0,0,0,0,0,0,0,0,0,0,0,0,0,0,0,0,0,0,0,0,0,0,0,1,0,1,NA,NA,NA,NA,NA,NA,NA,NA,NA,NA,NA,NA,NA,NA,NA,NA,NA,NA,NA,NA,NA,NA,NA,NA,NA,NA,NA,"2",5,5,4,5,5,"2","0",NA,"Pharr, TX",1,2,1,1,1,1,1,1,1,2,3,3,1,2,3,1,4,5,1,1,3,2,"79",1,"1","2","2",1,4,1,5,4,1,3,5,5,5,5,5,4,5,5,5,1,5,2,1,1,6,6,6,6,1,2,1,1,0,1,1,0,0,0,"yes"
"73",58,18,"voluntary","yes","female",NA,5,5,5,NA,NA,0,2,5,7,5,8,0,1,0,0,0,0,0,0,0,0,0,0,0,0,0,0,0,0,0,0,0,0,0,0,0,0,1,0,0,1,NA,NA,NA,NA,NA,NA,NA,NA,NA,NA,NA,NA,NA,NA,NA,NA,NA,NA,NA,NA,NA,NA,NA,NA,NA,NA,NA,"2",5,5,5,5,5,"2","0",NA,"McAllen, TExas",2,2,1,1,1,1,0,1,1,2,3,3,2,2,2,1,3,3,1,1,3,1,"58",1,"","2","",4,8,2,1,5,1,1,5,5,5,5,5,3,1,1,1,2,4,2,6,5,6,6,6,6,1,NA,1,0,0,0,1,0,0,0,"yes"
"74",85,18,"mandatory","yes","male",1,5,5,5,1,3,1,NA,5,5,NA,NA,0,0,0,0,0,0,0,1,0,0,1,0,0,0,0,0,1,0,0,0,0,0,0,0,0,1,0,0,0,1,NA,NA,NA,NA,NA,NA,NA,NA,NA,NA,NA,NA,NA,NA,NA,NA,NA,NA,NA,NA,NA,NA,NA,NA,NA,NA,NA,"1",5,1,1,1,1,"2","0",NA,"Kerrville,TX",2,1,1,1,1,0,0,1,1,2,4,5,2,1,2,3,NA,5,1,1,3,2,"85",1,"","","2",4,2,1,1,1,1,3,5,1,NA,NA,NA,NA,3,3,1,2,4,2,1,1,2,3,6,4,1,1,NA,NA,NA,NA,NA,NA,NA,NA,"yes"
"75",65,18,"voluntary","yes","male",2,2,2,4,4,1,1,NA,3,9,NA,NA,0,0,0,0,0,0,0,0,0,0,0,0,0,0,1,0,1,0,0,0,0,0,0,0,0,0,0,1,0,1,NA,NA,NA,NA,NA,NA,NA,NA,NA,NA,NA,NA,NA,NA,NA,NA,NA,NA,NA,NA,NA,NA,NA,NA,NA,NA,NA,"1",3,3,3,3,3,"2","0",NA,"Canyon Lake",2,2,1,1,1,1,1,1,1,2,3,3,3,2,3,3,1,5,1,2,1,3,"65",1,"","","2",4,NA,1,1,1,1,1,1,1,5,5,5,3,1,1,1,2,4,2,1,1,1,2,2,2,1,1,NA,NA,NA,NA,NA,NA,NA,NA,"yes"
"76",56,16,"mandatory","yes","male",2,3,3,4,3,3,1,NA,4,14,NA,NA,0,0,0,0,0,0,0,0,0,0,1,0,0,0,0,0,0,0,0,0,0,0,0,0,1,0,0,1,0,1,NA,NA,NA,NA,NA,NA,NA,NA,NA,NA,NA,NA,NA,NA,NA,NA,NA,NA,NA,NA,NA,NA,NA,NA,NA,NA,NA,"3",5,3,3,5,5,"4","0",NA,"Leakey, Tx.",2,1,1,1,1,0,0,1,1,2,1,1,1,1,1,1,2,2,1,1,3,1,"56",1,"","4","",3,8,1,1,2,3,1,2,3,3,4,3,2,2,2,3,2,4,2,1,1,4,6,6,2,4,1,NA,NA,NA,NA,NA,NA,NA,NA,"yes"
"77",70,NA,"mandatory","yes","female",1,1,1,1,3,3,0,2,5,15,5,17,0,1,0,0,0,0,0,0,0,0,1,0,0,0,0,0,0,0,0,0,0,0,0,0,0,1,0,0,0,1,NA,NA,NA,NA,NA,NA,NA,NA,NA,NA,NA,NA,NA,NA,NA,NA,NA,NA,NA,NA,NA,NA,NA,NA,NA,NA,NA,"5",1,1,1,1,1,"5","1",NA,"Fredericksburg",1,2,1,1,1,1,1,2,2,1,2,1,1,1,1,2,1,2,1,3,2,1,"70",4,"4","5","1",NA,1,2,1,1,1,1,1,2,1,1,3,1,1,2,5,2,5,2,1,1,6,6,5,2,5,2,0,1,1,0,0,0,0,0,"yes"
"78",NA,NA,"mandatory","not applicable",NA,NA,NA,NA,NA,NA,NA,NA,NA,NA,NA,NA,NA,NA,NA,NA,NA,NA,NA,NA,NA,NA,NA,NA,NA,NA,NA,NA,NA,NA,NA,NA,NA,NA,NA,NA,NA,NA,NA,NA,NA,NA,NA,NA,NA,NA,NA,NA,NA,NA,NA,NA,NA,NA,NA,NA,NA,NA,NA,NA,NA,NA,NA,NA,NA,NA,NA,NA,NA,NA,"",NA,NA,NA,NA,NA,"","",NA,"",NA,NA,NA,NA,NA,NA,NA,NA,NA,NA,NA,NA,NA,NA,NA,NA,NA,NA,NA,NA,NA,NA,"",NA,"","","",NA,NA,NA,NA,NA,NA,NA,NA,NA,NA,NA,NA,NA,NA,NA,NA,NA,NA,NA,NA,NA,NA,NA,NA,NA,NA,NA,NA,NA,NA,NA,NA,NA,NA,NA,"yes"
"79",80,16,"mandatory","yes","female",NA,NA,NA,3,NA,4,1,NA,3,12,NA,NA,0,0,1,0,0,0,0,0,0,0,0,0,0,0,0,0,0,0,0,0,0,0,0,0,0,1,0,0,0,1,NA,NA,NA,NA,NA,NA,NA,NA,NA,NA,NA,NA,NA,NA,NA,NA,NA,NA,NA,NA,NA,NA,NA,NA,NA,NA,NA,"1",5,NA,4,3,4,"1","0",NA,"shcikman, Tx.",2,1,1,1,0,0,0,1,1,2,3,3,3,4,3,4,1,5,1,2,3,1,"80",2,"","","1",3,3,2,1,1,1,2,3,3,4,5,5,1,2,2,2,2,NA,2,1,NA,NA,5,5,5,NA,1,NA,NA,NA,NA,NA,NA,NA,NA,"yes"
"80",75,18,"mandatory","yes","female",3,1,1,1,3,3,1,NA,4,12,NA,NA,0,1,1,0,0,0,0,0,0,0,0,0,0,0,0,0,1,0,0,0,0,0,0,0,0,1,0,0,0,1,NA,NA,NA,NA,NA,NA,NA,NA,NA,NA,NA,NA,NA,NA,NA,NA,NA,NA,NA,NA,NA,NA,NA,NA,NA,NA,NA,"1",1,1,1,1,1,"2","",NA,"Nederland",2,1,1,1,0,1,1,1,2,2,1,1,1,2,3,2,5,5,1,3,1,1,"75",3,"","","1",4,1,2,1,1,5,5,5,1,1,1,5,5,2,4,4,2,5,2,1,1,3,3,1,3,2,2,1,0,0,0,0,0,0,0,"yes"
"81",65,NA,"mandatory","yes","male",1,3,2,2,1,2,1,NA,4,15,NA,NA,0,0,1,0,0,0,0,0,0,0,0,0,0,0,0,0,0,0,0,0,0,0,0,0,0,0,0,1,0,1,NA,NA,NA,NA,NA,NA,NA,NA,NA,NA,NA,NA,NA,NA,NA,NA,NA,NA,NA,NA,NA,NA,NA,NA,NA,NA,NA,"1",5,4,3,3,2,"1","0",NA,"San Antonio",2,2,1,1,1,1,0,1,1,2,4,5,2,2,2,3,1,5,1,1,3,3,"65",1,"","1","1",NA,2,1,1,4,1,5,5,4,5,4,3,1,2,3,3,2,4,2,1,1,1,5,6,5,4,1,NA,NA,NA,NA,NA,NA,NA,NA,"yes"
"82",77,16,"mandatory","yes","female",5,5,NA,NA,NA,NA,1,NA,3,15,NA,NA,0,1,0,0,0,0,1,0,0,0,0,0,0,0,0,0,0,0,0,0,0,0,0,0,0,0,0,1,0,1,NA,NA,NA,NA,NA,NA,NA,NA,NA,NA,NA,NA,NA,NA,NA,NA,NA,NA,NA,NA,NA,NA,NA,NA,NA,NA,NA,"2",5,NA,NA,NA,NA,"2","0",NA,"Rockdale, TX",1,2,1,1,1,1,0,1,2,2,4,4,NA,NA,5,5,NA,NA,1,3,2,2,"77",1,"","","1",3,3,2,1,NA,NA,NA,5,NA,5,5,NA,NA,NA,NA,5,2,4,2,NA,NA,5,5,NA,6,4,1,NA,NA,NA,NA,NA,NA,NA,NA,"yes"
"83",66,18,"mandatory","yes","male",NA,2,NA,NA,NA,NA,1,NA,5,4,NA,NA,0,0,0,0,0,0,0,0,0,0,1,0,0,0,0,0,0,0,0,0,0,0,0,0,0,0,0,1,0,1,NA,NA,NA,NA,NA,NA,NA,NA,NA,NA,NA,NA,NA,NA,NA,NA,NA,NA,NA,NA,NA,NA,NA,NA,NA,NA,NA,"1",3,1,3,2,3,"2","0",NA,"Mountain Home, TX",1,4,1,1,1,0,0,1,1,2,5,3,1,1,4,1,1,5,1,1,3,2,"66",1,"","1","",4,8,1,1,2,1,5,5,5,3,4,2,1,4,4,1,2,4,2,1,1,1,4,6,6,1,1,NA,NA,NA,NA,NA,NA,NA,NA,"yes"
"84",72,10,"mandatory","yes","male",5,5,5,5,1,5,1,NA,3,16,NA,NA,0,0,0,0,0,0,0,0,0,0,0,0,0,0,1,0,0,0,0,0,0,0,0,0,0,0,0,1,0,1,NA,NA,NA,NA,NA,NA,NA,NA,NA,NA,NA,NA,NA,NA,NA,NA,NA,NA,NA,NA,NA,NA,NA,NA,NA,NA,NA,"2",5,5,5,5,5,"2","0",NA,"Bulverde",1,1,1,1,0,0,0,1,1,2,4,3,4,4,4,4,1,2,2,2,3,3,"72",1,"","","2",1,8,1,1,5,1,2,2,5,5,5,4,4,4,4,4,2,4,2,1,1,1,2,5,4,1,1,NA,NA,NA,NA,NA,NA,NA,NA,"yes"
"85",62,16,"mandatory","yes","female",5,5,3,4,1,3,1,NA,5,7,NA,NA,0,0,0,0,0,0,0,0,0,0,0,0,0,0,1,0,0,0,0,0,0,0,0,0,0,0,0,1,0,1,NA,NA,NA,NA,NA,NA,NA,NA,NA,NA,NA,NA,NA,NA,NA,NA,NA,NA,NA,NA,NA,NA,NA,NA,NA,NA,NA,"3",5,5,5,5,5,"4","0",NA,"Eagle Pass",2,4,1,1,1,1,0,1,1,2,3,2,5,4,4,5,2,5,1,1,3,3,"62",1,"","","1",3,5,2,1,2,1,3,5,2,4,4,5,NA,1,4,5,2,5,2,5,2,6,6,6,6,1,1,NA,NA,NA,NA,NA,NA,NA,NA,"yes"
"86",80,18,"mandatory","yes","male",3,4,3,4,1,3,1,NA,4,14,NA,NA,0,0,0,0,1,0,0,0,0,0,0,0,0,0,0,0,0,0,0,0,0,0,0,0,0,0,0,1,0,1,NA,NA,NA,NA,NA,NA,NA,NA,NA,NA,NA,NA,NA,NA,NA,NA,NA,NA,NA,NA,NA,NA,NA,NA,NA,NA,NA,"1",4,1,1,3,3,"2","0",2,"College Station",2,2,1,1,0,0,0,1,2,2,5,5,3,1,3,4,5,5,1,3,3,1,"80",1,"","","2",4,3,1,1,1,1,2,3,1,5,5,5,1,3,1,1,2,4,2,1,6,2,6,4,4,2,1,NA,NA,NA,NA,NA,NA,NA,NA,"yes"
"87",63,12,"mandatory","yes","male",1,3,5,2,1,2,1,NA,5,9,NA,NA,0,0,1,0,0,0,0,0,0,0,0,0,0,0,1,0,0,0,0,0,0,0,1,0,1,0,0,0,0,1,NA,NA,NA,NA,NA,NA,NA,NA,NA,NA,NA,NA,NA,NA,NA,NA,NA,NA,NA,NA,NA,NA,NA,NA,NA,NA,NA,"1",3,3,3,3,3,"2","0",NA,"Johnson City, TX",3,2,1,1,1,1,0,1,1,2,1,2,2,2,NA,5,1,5,NA,2,3,2,"63",1,"","2","",2,NA,1,1,2,1,1,1,5,5,5,NA,3,5,3,1,2,5,2,6,1,2,4,6,2,2,1,NA,NA,NA,NA,NA,NA,NA,NA,"yes"
"88",75,18,"mandatory","yes","male",1,5,1,3,1,3,1,NA,5,6,NA,NA,0,1,1,0,0,0,0,1,0,0,0,0,0,1,0,0,1,0,0,0,0,0,0,0,0,0,0,1,0,1,NA,NA,NA,NA,NA,NA,NA,NA,NA,NA,NA,NA,NA,NA,NA,NA,NA,NA,NA,NA,NA,NA,NA,NA,NA,NA,NA,"1",5,3,3,3,3,"3","0",NA,"Gonzales",2,1,1,1,1,0,0,1,2,2,3,2,1,2,2,2,1,4,1,1,3,3,"75",1,"","","1",4,7,1,1,1,1,1,5,1,1,NA,5,4,3,3,1,2,4,2,1,1,1,5,6,2,2,1,NA,NA,NA,NA,NA,NA,NA,NA,"yes"
"89",65,16,"mandatory","yes","male",2,3,3,4,3,2,1,NA,4,17,NA,NA,1,1,1,0,0,0,0,0,0,0,0,0,0,0,0,0,0,0,0,0,0,0,0,0,0,0,0,1,0,2,1,5,2,1,NA,1,NA,1,NA,1,NA,NA,NA,NA,NA,NA,NA,NA,NA,NA,NA,NA,NA,NA,NA,NA,NA,"1",5,1,1,3,3,"1","",NA,"Austin",1,4,1,1,0,0,0,1,1,2,2,2,3,1,4,3,3,5,2,1,3,3,"65",1,"","1","1",3,8,1,1,2,1,3,3,3,4,5,1,1,3,5,1,2,4,2,1,1,3,1,5,5,1,2,0,0,0,0,0,0,0,1,"yes"
"90",80,12,"mandatory","yes","female",1,3,3,1,1,1,1,NA,4,17,NA,NA,0,0,0,0,0,0,0,0,0,0,1,0,0,0,1,0,0,0,0,0,0,0,0,0,0,0,0,1,0,1,NA,NA,NA,NA,NA,NA,NA,NA,NA,NA,NA,NA,NA,NA,NA,NA,NA,NA,NA,NA,NA,NA,NA,NA,NA,NA,NA,"1",5,NA,NA,NA,NA,"1","0",NA,"Leakey",2,4,1,1,0,0,0,1,1,2,5,4,1,1,2,3,1,5,1,1,3,NA,"80",4,"","","1",2,5,2,1,1,1,2,3,1,2,4,5,1,4,3,1,2,4,2,1,1,4,4,4,3,1,NA,NA,NA,NA,NA,NA,NA,NA,NA,"yes"
"91",59,18,"mandatory","yes","male",2,5,5,4,1,2,0,3,2,12,2,14,0,0,0,0,1,0,1,0,0,0,1,0,0,0,0,0,0,0,0,0,0,0,1,0,0,0,1,1,0,1,NA,NA,NA,NA,NA,NA,NA,NA,NA,NA,NA,NA,NA,NA,NA,NA,NA,NA,NA,NA,NA,NA,NA,NA,NA,NA,NA,"2",3,3,3,3,2,"3","0",NA,"Uvalde, Tx",2,2,1,1,1,1,1,1,2,2,2,2,3,3,2,2,2,3,1,1,3,3,"59",2,"","1","",4,4,1,1,3,1,2,3,4,4,4,5,4,2,2,2,2,5,2,2,1,6,6,6,6,6,2,1,0,1,0,0,0,0,1,"yes"
"92",66,16,"mandatory","yes","female",1,3,4,4,2,1,1,NA,5,11,NA,NA,0,0,1,0,0,0,0,0,0,0,0,0,0,0,0,0,0,0,0,0,0,0,0,0,0,0,0,1,0,1,NA,NA,NA,NA,NA,NA,NA,NA,NA,NA,NA,NA,NA,NA,NA,NA,NA,NA,NA,NA,NA,NA,NA,NA,NA,NA,NA,"1",5,2,2,4,3,"2","0",NA,"Bryan, TX",2,1,1,1,1,0,0,1,2,2,4,5,1,1,2,2,3,4,1,1,3,1,"66",4,"","","1",3,4,2,1,1,1,2,3,2,2,3,5,1,2,3,3,2,4,2,1,1,2,5,6,4,5,1,NA,NA,NA,NA,NA,NA,NA,NA,"yes"
"93",69,16,"mandatory","no","female",1,5,5,3,1,3,NA,NA,NA,NA,NA,NA,NA,NA,NA,NA,NA,NA,NA,NA,NA,NA,NA,NA,NA,NA,NA,NA,NA,NA,NA,NA,NA,NA,NA,NA,NA,NA,NA,NA,NA,NA,NA,NA,NA,NA,NA,NA,NA,NA,NA,NA,NA,NA,NA,NA,NA,NA,NA,NA,NA,NA,NA,NA,NA,NA,NA,NA,NA,"",5,1,1,5,5,"","",NA,"",NA,NA,NA,NA,NA,NA,NA,NA,NA,2,3,4,1,1,2,2,1,5,1,1,3,1,"69",1,"","","2",3,4,2,1,1,1,5,5,2,2,2,5,5,5,5,4,2,5,1,NA,NA,NA,NA,NA,NA,NA,NA,NA,NA,NA,NA,NA,NA,NA,NA,"yes"
"94",37,18,"mandatory","yes","female",3,4,4,5,4,4,0,2,3,13,4,12,0,0,0,0,0,0,0,1,0,0,0,0,0,0,0,0,0,0,0,1,0,0,0,0,0,0,0,1,0,1,NA,NA,NA,NA,NA,NA,NA,NA,NA,NA,NA,NA,NA,NA,NA,NA,NA,NA,NA,NA,NA,NA,NA,NA,NA,NA,NA,"1",5,NA,2,5,5,"1","0",NA,"Goliad",2,1,1,1,1,0,0,1,1,1,4,4,4,3,3,2,4,5,1,1,2,2,"37",3,"3","","",4,5,2,1,3,4,3,2,5,4,5,1,1,2,3,4,NA,4,2,6,4,4,5,4,5,1,2,0,1,0,0,0,0,0,0,"yes"
"95",55,12,"mandatory","yes","female",5,5,5,1,2,5,1,NA,3,16,NA,NA,0,0,0,0,0,0,0,0,0,0,0,1,0,0,0,0,0,0,0,0,0,0,0,0,1,0,0,0,0,2,1,1,4,5,NA,NA,NA,1,NA,NA,NA,NA,NA,NA,NA,NA,NA,NA,NA,NA,NA,NA,NA,NA,NA,NA,NA,"4",5,2,3,3,4,"4","0",NA,"Austin, TX",1,2,1,1,1,1,1,1,1,1,5,4,1,1,2,1,5,5,1,1,3,2,"55",4,"6","9","",2,3,2,1,5,5,3,4,5,3,5,4,1,1,1,5,2,4,2,3,2,5,3,1,3,3,2,1,0,1,1,1,0,0,0,"yes"
"96",34,18,"mandatory","yes","female",1,5,3,5,3,5,0,2,3,10,5,5,0,1,0,0,0,0,0,0,0,0,0,0,0,0,0,0,0,0,0,0,0,0,0,0,0,1,0,0,0,1,NA,NA,NA,NA,NA,NA,NA,NA,NA,NA,NA,NA,NA,NA,NA,NA,NA,NA,NA,NA,NA,NA,NA,NA,NA,NA,NA,"2",5,1,1,3,5,"3","0",NA,"Waco, TX",2,1,1,1,1,1,1,1,1,2,2,3,3,2,3,1,1,4,1,1,3,3,"34",1,"3","2","0",4,8,2,1,1,1,1,1,5,4,2,1,1,1,3,2,2,4,2,1,1,6,6,6,3,1,2,1,0,0,0,0,0,0,1,"yes"
"97",86,12,"mandatory","no","female",1,2,2,2,1,2,NA,NA,NA,NA,NA,NA,NA,NA,NA,NA,NA,NA,NA,NA,NA,NA,NA,NA,NA,NA,NA,NA,NA,NA,NA,NA,NA,NA,NA,NA,NA,NA,NA,NA,NA,NA,NA,NA,NA,NA,NA,NA,NA,NA,NA,NA,NA,NA,NA,NA,NA,NA,NA,NA,NA,NA,NA,NA,NA,NA,NA,NA,NA,"",3,3,3,3,3,"","",NA,"",NA,NA,NA,NA,NA,NA,NA,NA,NA,NA,5,5,1,1,1,1,2,5,NA,NA,NA,NA,"86",4,"","1","",2,NA,2,1,1,1,1,1,1,1,1,3,1,3,3,1,2,5,1,NA,NA,NA,NA,NA,NA,NA,NA,NA,NA,NA,NA,NA,NA,NA,NA,"yes"
"98",50,12,"mandatory","yes","male",1,3,NA,3,1,4,1,NA,7,12,NA,NA,0,0,0,1,0,0,0,1,0,0,0,0,0,0,0,0,0,0,0,0,0,0,0,0,0,0,1,1,0,1,NA,NA,NA,NA,NA,NA,NA,NA,NA,NA,NA,NA,NA,NA,NA,NA,NA,NA,NA,NA,NA,NA,NA,NA,NA,NA,NA,"1",3,3,3,1,5,"4","0",NA,"Lockhart, TX",1,4,1,1,1,1,0,1,1,2,4,3,4,4,4,5,4,5,1,1,3,3,"50",1,"","2","",2,7,1,1,1,2,5,5,2,3,5,4,4,5,5,5,2,NA,2,2,2,3,3,5,5,1,1,NA,NA,NA,NA,NA,NA,NA,NA,"no"
"99",67,21,"mandatory","no","female",1,4,5,2,2,2,NA,NA,NA,NA,NA,NA,NA,NA,NA,NA,NA,NA,NA,NA,NA,NA,NA,NA,NA,NA,NA,NA,NA,NA,NA,NA,NA,NA,NA,NA,NA,NA,NA,NA,NA,NA,NA,NA,NA,NA,NA,NA,NA,NA,NA,NA,NA,NA,NA,NA,NA,NA,NA,NA,NA,NA,NA,NA,NA,NA,NA,NA,NA,"",5,5,5,1,5,"","",NA,"",NA,NA,NA,NA,NA,NA,NA,NA,NA,2,5,5,5,1,5,5,1,5,2,3,3,3,"67",1,"","","1",5,8,2,1,1,1,1,1,5,5,5,1,1,1,1,1,2,4,1,NA,NA,NA,NA,NA,NA,NA,NA,NA,NA,NA,NA,NA,NA,NA,NA,"yes"
"100",82,16,"mandatory","yes","male",1,5,3,5,1,3,1,NA,3,12,NA,NA,0,0,0,0,0,0,0,0,0,0,0,0,0,0,0,0,0,0,0,1,0,0,0,0,0,1,0,0,0,1,NA,NA,NA,NA,NA,NA,NA,NA,NA,NA,NA,NA,NA,NA,NA,NA,NA,NA,NA,NA,NA,NA,NA,NA,NA,NA,NA,"1",5,5,5,5,5,"1","1",NA,"Richmond",2,1,1,1,0,0,0,1,1,2,4,4,3,1,3,4,1,5,2,1,2,3,"82",4,"","","1",3,1,1,1,2,1,1,1,3,3,4,5,2,3,4,2,2,4,2,1,1,1,4,6,6,5,1,NA,NA,NA,NA,NA,NA,NA,NA,"yes"
"101",52,18,"mandatory","yes","female",2,4,4,4,4,4,1,NA,4,19,NA,NA,0,0,0,1,0,0,0,0,0,0,0,0,0,0,0,0,0,0,0,0,0,0,0,0,0,1,0,0,0,1,NA,NA,NA,NA,NA,NA,NA,NA,NA,NA,NA,NA,NA,NA,NA,NA,NA,NA,NA,NA,NA,NA,NA,NA,NA,NA,NA,"1",5,5,5,5,5,"1","1",NA,"Spring",1,1,1,1,0,0,0,1,1,2,5,5,5,1,5,4,2,5,1,1,3,3,"52",1,"","2","",4,8,2,1,1,1,3,3,5,5,5,5,5,5,5,1,2,4,2,1,1,6,6,6,6,1,2,0,0,0,0,0,0,0,1,"yes"
"102",67,16,"mandatory","yes","male",1,5,5,5,2,5,1,NA,5,13,NA,NA,0,0,1,0,0,0,0,0,0,0,0,1,0,0,0,0,0,0,0,0,0,1,0,0,0,0,0,1,0,1,NA,NA,NA,NA,NA,NA,NA,NA,NA,NA,NA,NA,NA,NA,NA,NA,NA,NA,NA,NA,NA,NA,NA,NA,NA,NA,NA,"2",5,5,5,4,4,"2","1",NA,"El Campo",2,1,1,1,1,0,0,1,1,2,4,4,3,2,4,4,5,5,1,1,3,3,"67",1,"","1","1",3,4,1,1,2,2,3,4,5,5,5,5,5,3,5,2,2,4,2,1,1,2,6,6,6,3,1,NA,NA,NA,NA,NA,NA,NA,NA,"yes"
"103",43,NA,"mandatory","yes","female",2,3,4,3,3,4,0,2,3,20,4,5,0,0,1,0,0,0,0,1,0,0,0,0,0,0,0,0,0,0,0,1,0,0,0,0,0,1,0,1,0,1,NA,NA,NA,NA,NA,NA,NA,NA,NA,NA,NA,NA,NA,NA,NA,NA,NA,NA,NA,NA,NA,NA,NA,NA,NA,NA,NA,"3",5,2,3,4,3,"3","2",NA,"Floresville, TX",2,1,1,1,1,0,1,1,1,2,4,2,3,3,4,1,5,5,1,1,3,2,"43",1,"2","2","",NA,7,2,1,3,5,5,5,5,3,3,3,5,5,5,5,2,5,2,6,4,6,5,6,5,2,2,1,1,1,0,1,0,1,0,"yes"
"104",63,18,"mandatory","yes","female",NA,5,5,5,5,5,0,1,7,12,NA,NA,0,0,1,0,0,0,0,1,0,0,0,0,0,0,0,0,0,0,0,0,0,0,0,0,0,0,0,1,0,1,NA,NA,NA,NA,NA,NA,NA,NA,NA,NA,NA,NA,NA,NA,NA,NA,NA,NA,NA,NA,NA,NA,NA,NA,NA,NA,NA,"1",5,5,5,5,5,"2","0",NA,"La Grange",3,2,1,1,1,1,0,2,1,2,4,4,3,3,3,4,5,5,1,1,3,1,"63",2,"","1","1",4,4,2,1,1,1,3,3,2,2,4,4,4,1,3,3,2,5,2,1,1,2,3,6,1,3,1,NA,NA,NA,NA,NA,NA,NA,NA,"yes"
"105",62,21,"mandatory","yes","female",1,4,4,4,4,NA,0,2,4,8,4,10,NA,NA,NA,NA,NA,NA,NA,NA,NA,NA,NA,NA,NA,NA,NA,NA,NA,NA,NA,NA,NA,NA,NA,NA,NA,NA,NA,NA,NA,1,NA,NA,NA,NA,NA,NA,NA,NA,NA,NA,NA,NA,NA,NA,NA,NA,NA,NA,NA,NA,NA,NA,NA,NA,NA,NA,NA,"2",5,5,5,5,5,"2","",NA,"Austin",2,1,1,NA,NA,NA,NA,1,1,2,3,4,2,2,2,3,3,5,1,1,3,1,"62",1,"","2","",5,8,2,1,5,2,2,2,5,4,5,5,1,3,4,2,2,4,2,5,5,5,5,5,5,5,1,NA,NA,NA,NA,NA,NA,NA,NA,"yes"
"106",NA,10,"mandatory","no","female",1,2,2,1,3,2,NA,NA,NA,NA,NA,NA,NA,NA,NA,NA,NA,NA,NA,NA,NA,NA,NA,NA,NA,NA,NA,NA,NA,NA,NA,NA,NA,NA,NA,NA,NA,NA,NA,NA,NA,NA,NA,NA,NA,NA,NA,NA,NA,NA,NA,NA,NA,NA,NA,NA,NA,NA,NA,NA,NA,NA,NA,NA,NA,NA,NA,NA,NA,"",1,1,1,1,1,"","",NA,"",NA,NA,NA,NA,NA,NA,NA,NA,NA,2,2,1,1,1,2,1,1,1,2,3,3,1,"",NA,"3","1","",1,NA,2,1,2,1,2,3,2,1,1,2,1,3,2,3,1,4,1,NA,NA,NA,NA,NA,NA,NA,NA,NA,NA,NA,NA,NA,NA,NA,NA,"yes"
"107",44,18,"mandatory","yes","female",3,4,5,3,1,3,1,NA,5,NA,NA,NA,0,0,0,1,1,0,0,0,0,0,0,0,0,0,0,0,0,0,0,0,0,0,0,0,0,0,1,1,0,1,NA,NA,NA,NA,NA,NA,NA,NA,NA,NA,NA,NA,NA,NA,NA,NA,NA,NA,NA,NA,NA,NA,NA,NA,NA,NA,NA,"1",5,1,1,5,5,"2","0",NA,"Gonzales/Austin",2,1,1,1,1,0,0,1,2,2,5,5,3,5,5,5,5,5,1,1,3,1,"44",1,"","2","",4,7,2,1,5,1,1,1,4,3,5,5,3,3,3,1,2,4,2,6,3,6,6,6,4,5,2,1,0,0,0,1,0,0,0,"yes"
"108",67,12,"mandatory","yes","male",2,2,2,3,3,5,1,NA,4,10,NA,NA,0,0,1,0,0,0,0,1,0,0,0,0,0,0,0,0,0,0,0,0,0,0,0,0,1,0,0,0,0,1,NA,NA,NA,NA,NA,NA,NA,NA,NA,NA,NA,NA,NA,NA,NA,NA,NA,NA,NA,NA,NA,NA,NA,NA,NA,NA,NA,"1",5,5,5,5,5,"2","0",NA,"Moulton",2,2,1,1,1,1,0,1,1,2,1,1,2,2,3,1,4,5,1,1,2,2,"67",1,"","","2",2,4,1,1,5,NA,NA,NA,NA,NA,NA,NA,NA,NA,NA,NA,2,4,2,2,6,6,5,6,6,2,1,NA,NA,NA,NA,NA,NA,NA,NA,"yes"
"109",71,16,"mandatory","yes","male",4,4,3,5,4,3,1,NA,4,12,NA,NA,1,0,1,1,0,0,0,0,0,0,0,0,0,0,0,0,1,0,0,1,0,0,0,0,0,1,0,0,0,1,NA,NA,NA,NA,NA,NA,NA,NA,NA,NA,NA,NA,NA,NA,NA,NA,NA,NA,NA,NA,NA,NA,NA,NA,NA,NA,NA,"1",5,2,2,3,2,"2","0",NA,"Kingwood, TX",1,4,1,1,0,0,0,1,2,2,4,4,4,2,3,3,5,5,1,1,3,3,"71",1,"","","2",3,8,1,1,2,1,2,4,2,3,4,4,3,1,4,1,2,4,2,6,5,2,3,6,3,2,1,NA,NA,NA,NA,NA,NA,NA,NA,"yes"
"110",NA,12,"mandatory","yes","female",1,1,4,1,1,3,0,NA,NA,NA,NA,NA,0,1,0,0,0,0,0,0,0,0,0,0,0,0,0,0,0,0,0,0,0,0,0,0,0,0,0,1,0,1,NA,NA,NA,NA,NA,NA,NA,NA,NA,NA,NA,NA,NA,NA,NA,NA,NA,NA,NA,NA,NA,NA,NA,NA,NA,NA,NA,"1",1,1,1,1,1,"1","0",NA,"",3,1,1,1,0,0,0,1,1,2,1,1,1,1,1,1,1,5,1,NA,2,2,"",2,"","","1",2,NA,2,1,1,1,1,1,1,1,1,1,1,1,1,1,2,5,2,1,1,1,2,1,1,1,1,NA,NA,NA,NA,NA,NA,NA,NA,"yes"
"111",85,18,"mandatory","not applicable","female",1,1,1,1,1,1,NA,NA,NA,NA,NA,NA,NA,NA,NA,NA,NA,NA,NA,NA,NA,NA,NA,NA,NA,NA,NA,NA,NA,NA,NA,NA,NA,NA,NA,NA,NA,NA,NA,NA,NA,NA,NA,NA,NA,NA,NA,NA,NA,NA,NA,NA,NA,NA,NA,NA,NA,NA,NA,NA,NA,NA,NA,NA,NA,NA,NA,NA,NA,"",1,1,1,1,1,"","",NA,"",NA,NA,NA,NA,NA,NA,NA,NA,NA,NA,1,1,1,1,1,1,1,1,NA,NA,NA,NA,"85",1,"","","2",4,7,2,1,NA,NA,NA,NA,NA,NA,NA,NA,NA,NA,NA,NA,2,5,3,NA,NA,NA,NA,NA,NA,NA,NA,NA,NA,NA,NA,NA,NA,NA,NA,"yes"
"112",63,10,"mandatory","yes","male",2,5,5,5,5,5,1,NA,1,NA,NA,NA,0,0,0,0,0,0,0,1,0,0,0,0,0,0,0,0,0,0,0,0,0,0,1,1,1,0,1,1,1,1,NA,NA,NA,NA,NA,NA,NA,NA,NA,NA,NA,NA,NA,NA,NA,NA,NA,NA,NA,NA,NA,NA,NA,NA,NA,NA,NA,"2",5,1,1,1,4,"3","1",1,"San Antonio",1,2,1,1,0,0,0,2,2,2,1,5,5,5,5,5,5,5,1,1,3,3,"63",1,"","2","",1,1,1,1,5,5,5,5,5,5,5,5,5,5,5,5,1,4,2,5,3,5,5,6,6,3,2,1,1,1,1,1,0,0,0,"yes"
"113",60,16,"mandatory","yes","female",1,5,5,3,3,3,0,NA,NA,NA,NA,NA,0,0,0,1,0,0,0,1,0,0,0,0,0,0,0,0,1,0,0,0,0,0,0,0,0,1,0,0,0,1,NA,NA,NA,NA,NA,NA,NA,NA,NA,NA,NA,NA,NA,NA,NA,NA,NA,NA,NA,NA,NA,NA,NA,NA,NA,NA,NA,"1",5,2,NA,5,5,"2","0",NA,"",2,1,1,1,1,0,0,2,1,2,5,5,2,2,2,1,1,5,1,1,3,3,"60",1,"","1","1",3,NA,2,1,5,1,1,1,5,5,5,5,4,1,1,4,2,5,2,1,1,1,1,2,NA,NA,2,1,1,0,0,0,0,1,0,"yes"
"114",78,16,"mandatory","yes","male",1,4,4,3,1,2,1,NA,2,10,NA,NA,0,0,0,1,0,0,0,1,0,0,0,0,0,0,0,0,0,0,0,0,0,0,0,0,0,0,0,1,0,1,NA,NA,NA,NA,NA,NA,NA,NA,NA,NA,NA,NA,NA,NA,NA,NA,NA,NA,NA,NA,NA,NA,NA,NA,NA,NA,NA,"1",4,4,4,4,4,"2","1",NA,"San Antonio, TX",2,1,1,1,1,0,0,1,1,2,4,3,3,1,3,2,1,5,1,3,3,3,"78",1,"","","2",3,NA,1,4,1,1,1,1,1,3,2,5,3,3,3,1,2,4,2,1,1,2,6,6,2,1,1,NA,NA,NA,NA,NA,NA,NA,NA,"yes"
"115",77,10,"mandatory","no","male",1,1,1,1,1,1,NA,NA,NA,NA,NA,NA,NA,NA,NA,NA,NA,NA,NA,NA,NA,NA,NA,NA,NA,NA,NA,NA,NA,NA,NA,NA,NA,NA,NA,NA,NA,NA,NA,NA,NA,NA,NA,NA,NA,NA,NA,NA,NA,NA,NA,NA,NA,NA,NA,NA,NA,NA,NA,NA,NA,NA,NA,NA,NA,NA,NA,NA,NA,"",2,2,1,1,1,"","",NA,"",NA,NA,NA,NA,NA,NA,NA,NA,NA,2,4,4,1,1,1,1,1,5,1,1,2,2,"77",3,"","","1",1,1,1,1,5,NA,1,1,5,4,1,1,1,1,3,1,2,5,1,NA,NA,NA,NA,NA,NA,NA,NA,NA,NA,NA,NA,NA,NA,NA,NA,"yes"
"116",75,12,"mandatory","yes","male",1,1,1,1,1,2,1,NA,NA,NA,NA,NA,0,0,0,0,0,0,0,1,0,0,0,0,0,0,0,0,0,0,0,0,0,0,0,0,0,1,1,0,0,1,NA,NA,NA,NA,NA,NA,NA,NA,NA,NA,NA,NA,NA,NA,NA,NA,NA,NA,NA,NA,NA,NA,NA,NA,NA,NA,NA,"1",2,2,2,NA,2,"","",NA,"",NA,NA,1,NA,NA,NA,NA,1,1,2,1,2,2,2,2,5,1,5,NA,2,2,1,"75",2,"","","",2,1,1,NA,1,1,1,1,1,NA,4,1,NA,4,NA,1,NA,NA,2,1,1,1,1,1,3,1,1,NA,NA,NA,NA,NA,NA,NA,NA,"yes"
"117",NA,NA,"mandatory",NA,NA,NA,NA,NA,NA,NA,NA,NA,NA,NA,NA,NA,NA,NA,NA,NA,NA,NA,NA,NA,NA,NA,NA,NA,NA,NA,NA,NA,NA,NA,NA,NA,NA,NA,NA,NA,NA,NA,NA,NA,NA,NA,NA,NA,NA,NA,NA,NA,NA,NA,NA,NA,NA,NA,NA,NA,NA,NA,NA,NA,NA,NA,NA,NA,NA,NA,NA,NA,NA,NA,"",NA,NA,NA,NA,NA,"","",NA,"",NA,NA,NA,NA,NA,NA,NA,NA,NA,NA,NA,NA,NA,NA,NA,NA,NA,NA,NA,NA,NA,NA,"",NA,"","","",NA,NA,NA,NA,NA,NA,NA,NA,NA,NA,NA,NA,NA,NA,NA,NA,NA,NA,NA,NA,NA,NA,NA,NA,NA,NA,NA,NA,NA,NA,NA,NA,NA,NA,NA,"yes"
"118",68,16,"mandatory","yes","male",NA,3,NA,NA,NA,2,1,NA,NA,NA,NA,NA,0,0,0,0,0,0,0,0,0,0,0,0,0,0,0,0,0,0,0,1,0,1,0,0,0,0,0,1,0,1,NA,NA,NA,NA,NA,NA,NA,NA,NA,NA,NA,NA,NA,NA,NA,NA,NA,NA,NA,NA,NA,NA,NA,NA,NA,NA,NA,"1",5,NA,2,NA,5,"2","0",NA,"El Campo",1,2,1,1,1,1,1,1,1,2,4,1,1,1,3,4,5,5,1,1,3,2,"68",2,"","","1",3,6,1,1,1,5,2,4,2,3,1,4,3,4,5,5,2,4,2,1,1,1,2,4,2,1,2,1,1,0,0,1,0,0,0,"yes"
"119",64,18,"mandatory","yes","male",1,5,5,3,1,3,1,NA,5,NA,NA,NA,0,0,0,1,0,0,0,0,0,0,0,0,0,0,0,0,0,0,0,0,0,0,0,0,0,0,0,1,0,1,NA,NA,NA,NA,NA,NA,NA,NA,NA,NA,NA,NA,NA,NA,NA,NA,NA,NA,NA,NA,NA,NA,NA,NA,NA,NA,NA,"2",5,5,5,5,5,"3","",NA,"San Antonio/Dallas",2,1,1,1,1,0,0,2,1,2,5,5,5,1,5,4,4,5,1,1,3,3,"64",1,"","1","",4,8,1,1,2,1,2,5,4,4,5,5,5,3,5,5,2,4,2,4,6,6,6,6,6,6,1,NA,NA,NA,NA,NA,NA,NA,NA,"yes"
"120",49,18,"mandatory","yes","female",NA,3,3,5,3,5,1,NA,2,NA,NA,NA,0,0,0,1,0,0,0,1,0,0,0,0,0,0,0,0,1,0,0,0,0,0,0,0,0,0,0,1,0,1,NA,NA,NA,NA,NA,NA,NA,NA,NA,NA,NA,NA,NA,NA,NA,NA,NA,NA,NA,NA,NA,NA,NA,NA,NA,NA,NA,"3",5,5,5,5,5,"3","6",NA,"Victoria, TX",NA,4,1,1,0,0,0,1,2,2,4,5,2,1,2,3,5,5,1,1,3,2,"49",1,"","2","",4,8,2,1,4,2,2,2,4,4,4,5,1,4,2,2,2,5,2,6,6,6,6,6,6,6,1,NA,NA,NA,NA,NA,NA,NA,NA,"yes"
"121",61,18,"mandatory","no","female",NA,NA,2,2,NA,NA,NA,NA,NA,NA,NA,NA,NA,NA,NA,NA,NA,NA,NA,NA,NA,NA,NA,NA,NA,NA,NA,NA,NA,NA,NA,NA,NA,NA,NA,NA,NA,NA,NA,NA,NA,NA,NA,NA,NA,NA,NA,NA,NA,NA,NA,NA,NA,NA,NA,NA,NA,NA,NA,NA,NA,NA,NA,NA,NA,NA,NA,NA,NA,"",2,2,2,2,1,"","",NA,"",NA,NA,NA,NA,NA,NA,NA,NA,NA,2,3,3,2,2,NA,NA,NA,NA,1,1,3,2,"61",1,"","1","1",4,8,2,1,1,1,3,4,1,1,1,3,2,2,2,1,2,5,1,NA,NA,NA,NA,NA,NA,NA,NA,NA,NA,NA,NA,NA,NA,NA,NA,"yes"
"122",64,12,"mandatory","yes","male",1,5,5,5,3,4,1,NA,1,NA,NA,NA,0,1,0,0,0,0,0,1,0,0,0,0,0,0,0,0,0,0,0,0,0,0,1,0,0,0,0,0,0,1,NA,NA,NA,NA,NA,NA,NA,NA,NA,NA,NA,NA,NA,NA,NA,NA,NA,NA,NA,NA,NA,NA,NA,NA,NA,NA,NA,"0",5,1,1,5,5,"1","0",1,"Kyle, TX",2,1,1,1,1,1,1,1,1,1,4,5,4,3,4,4,5,5,1,1,3,3,"64",3,"","1","",2,2,1,5,5,5,5,5,5,5,5,5,5,1,5,5,1,4,2,1,4,6,6,6,NA,4,1,NA,NA,NA,NA,NA,NA,NA,NA,"yes"
"123",62,12,"mandatory","yes","female",2,3,3,1,2,2,1,NA,5,9,NA,NA,0,0,0,0,0,0,0,1,0,0,0,1,0,0,0,0,0,0,0,0,0,1,0,0,0,0,0,1,0,1,NA,NA,NA,NA,NA,NA,NA,NA,NA,NA,NA,NA,NA,NA,NA,NA,NA,NA,NA,NA,NA,NA,NA,NA,NA,NA,NA,"1",4,2,4,4,4,"2","0",NA,"Gonzales",2,2,1,1,1,1,1,1,1,2,5,5,1,1,5,4,5,5,1,1,3,1,"62",1,"","2","1",2,5,2,1,4,3,3,4,4,4,5,4,1,2,4,1,2,4,2,1,1,6,6,6,6,1,2,1,0,0,0,0,0,1,0,"yes"
"124",57,16,"mandatory","yes","female",1,1,2,NA,4,5,NA,NA,NA,NA,NA,NA,NA,NA,NA,NA,NA,NA,NA,NA,NA,NA,NA,NA,NA,NA,NA,NA,NA,NA,NA,NA,NA,NA,NA,NA,NA,NA,NA,NA,NA,NA,NA,NA,NA,NA,NA,NA,NA,NA,NA,NA,NA,NA,NA,NA,NA,NA,NA,NA,NA,NA,NA,NA,NA,NA,NA,NA,NA,"",1,1,4,1,5,"","",NA,"",NA,NA,NA,NA,NA,NA,NA,NA,NA,NA,4,4,4,4,5,5,3,3,NA,NA,NA,NA,"57",1,"","2","",3,4,2,3,2,5,5,5,5,3,5,NA,4,5,5,5,2,NA,2,NA,NA,NA,NA,NA,NA,NA,NA,NA,NA,NA,NA,NA,NA,NA,NA,"yes"
"125",94,10,"mandatory","no","female",1,4,4,5,5,5,NA,NA,NA,NA,NA,NA,NA,NA,NA,NA,NA,NA,NA,NA,NA,NA,NA,NA,NA,NA,NA,NA,NA,NA,NA,NA,NA,NA,NA,NA,NA,NA,NA,NA,NA,NA,NA,NA,NA,NA,NA,NA,NA,NA,NA,NA,NA,NA,NA,NA,NA,NA,NA,NA,NA,NA,NA,NA,NA,NA,NA,NA,NA,"",5,5,5,5,5,"","",NA,"",NA,NA,NA,NA,NA,NA,NA,NA,NA,2,5,5,1,1,3,3,5,4,1,1,2,1,"94",4,"","","1",1,2,2,1,3,1,5,5,4,3,4,5,5,5,5,4,2,4,1,NA,NA,NA,NA,NA,NA,NA,NA,NA,NA,NA,NA,NA,NA,NA,NA,"yes"
"126",75,18,"mandatory","yes","male",1,2,2,1,1,2,1,NA,5,15,NA,NA,0,0,1,0,1,0,0,0,0,0,0,0,0,1,0,0,1,0,0,0,0,0,0,0,0,0,0,1,0,1,NA,NA,NA,NA,NA,NA,NA,NA,NA,NA,NA,NA,NA,NA,NA,NA,NA,NA,NA,NA,NA,NA,NA,NA,NA,NA,NA,"2",5,5,5,5,5,"2","0",NA,"Canyon Lake",2,1,1,1,1,1,NA,1,2,2,3,3,3,1,3,3,2,5,1,1,3,3,"75",1,"","","2",4,6,1,1,3,1,2,4,4,3,3,5,1,4,4,2,2,4,2,1,1,5,5,1,2,5,2,1,0,0,0,0,0,0,0,"yes"
"127",24,16,"mandatory","yes","female",2,3,4,3,4,3,0,2,4,18,5,14,0,1,1,0,0,0,0,1,0,0,0,0,0,0,0,0,0,0,0,1,0,0,0,0,0,0,0,1,0,1,NA,NA,NA,NA,NA,NA,NA,NA,NA,NA,NA,NA,NA,NA,NA,NA,NA,NA,NA,NA,NA,NA,NA,NA,NA,NA,NA,"2",4,3,4,4,2,"2","0",NA,"Hurst, TX",2,1,1,1,1,0,1,1,2,2,3,5,4,2,5,3,4,5,1,2,3,2,"24",1,"1","1","",3,8,2,1,NA,NA,NA,NA,NA,NA,NA,NA,NA,NA,NA,NA,2,5,2,3,2,6,6,6,6,6,1,NA,NA,NA,NA,NA,NA,NA,NA,"yes"
"128",74,21,"mandatory","yes","male",1,2,2,1,1,1,1,NA,5,15,NA,NA,0,0,0,0,0,0,0,1,0,0,0,1,0,0,0,0,1,0,0,0,0,0,0,0,0,0,1,1,0,1,NA,NA,NA,NA,NA,NA,NA,NA,NA,NA,NA,NA,NA,NA,NA,NA,NA,NA,NA,NA,NA,NA,NA,NA,NA,NA,NA,"1",4,3,1,2,4,"2","0",NA,"San Marcos, TX",2,2,1,1,1,1,1,2,1,2,5,3,1,1,1,1,4,5,1,1,3,2,"74",3,"","","2",5,2,1,1,1,1,1,1,1,1,1,5,1,1,1,4,2,4,2,1,1,4,3,3,2,1,2,1,0,0,1,0,0,0,0,"yes"
"129",64,18,"mandatory","yes","male",1,4,4,4,4,3,1,NA,5,14,NA,NA,0,0,0,0,1,0,0,0,0,0,0,0,0,0,0,0,0,0,0,0,0,0,0,0,0,0,0,1,0,1,NA,NA,NA,NA,NA,NA,NA,NA,NA,NA,NA,NA,NA,NA,NA,NA,NA,NA,NA,NA,NA,NA,NA,NA,NA,NA,NA,"1",5,5,5,5,5,"1","1",NA,"Austin",2,1,1,1,1,1,0,1,2,2,3,4,2,2,3,3,3,4,1,1,3,1,"64",1,"0","1","",4,8,1,1,4,2,4,4,4,4,4,4,4,4,4,2,2,4,2,2,2,2,6,6,5,4,2,1,0,1,0,1,1,0,0,"yes"
"130",69,18,"mandatory","yes","male",1,2,4,4,3,3,1,NA,3,NA,NA,NA,0,0,0,0,0,0,0,1,0,0,0,0,0,0,0,0,0,0,0,0,0,0,0,0,0,0,1,0,0,1,NA,NA,NA,NA,NA,NA,NA,NA,NA,NA,NA,NA,NA,NA,NA,NA,NA,NA,NA,NA,NA,NA,NA,NA,NA,NA,NA,"1",3,3,3,3,3,"2","0",NA,"San Antonio",2,1,1,1,1,1,0,1,1,2,4,4,1,1,3,3,1,5,1,1,3,3,"69",1,"","","1",4,4,1,1,5,3,3,5,5,5,5,5,5,5,5,5,1,4,2,1,1,6,6,6,6,1,1,NA,NA,NA,NA,NA,NA,NA,NA,"yes"
"131",66,16,"mandatory","yes","male",NA,3,3,NA,NA,2,1,NA,4,11,NA,NA,0,0,0,0,0,0,0,1,0,0,0,0,0,0,0,0,0,0,0,0,0,0,0,0,0,0,0,1,0,1,NA,NA,NA,NA,NA,NA,NA,NA,NA,NA,NA,NA,NA,NA,NA,NA,NA,NA,NA,NA,NA,NA,NA,NA,NA,NA,NA,"1",5,5,5,5,5,"3","0",NA,"San Antonio",2,1,1,1,1,0,0,1,1,2,3,2,3,1,2,2,3,3,1,1,3,2,"66",4,"","","1",3,4,1,1,1,1,1,3,2,2,3,4,5,2,2,1,1,4,2,1,1,1,NA,1,6,3,2,1,1,1,0,1,0,0,0,"yes"
"132",66,18,"mandatory","yes","male",1,1,5,5,1,3,1,NA,3,16,NA,NA,0,0,0,0,0,0,0,0,0,0,0,0,0,0,0,0,0,0,0,1,0,1,0,0,0,0,0,1,0,1,NA,NA,NA,NA,NA,NA,NA,NA,NA,NA,NA,NA,NA,NA,NA,NA,NA,NA,NA,NA,NA,NA,NA,NA,NA,NA,NA,"1",1,3,3,1,3,"1","0",NA,"Houston",2,1,1,1,1,0,0,1,1,2,4,3,1,1,3,4,1,5,1,1,3,2,"66",1,"","","2",4,NA,1,3,5,1,3,5,5,4,4,5,3,3,4,1,2,4,2,1,1,2,6,6,3,1,1,NA,NA,NA,NA,NA,NA,NA,NA,"yes"
"133",79,16,"mandatory","yes","female",3,4,5,1,1,3,1,NA,4,NA,NA,NA,0,1,0,0,0,0,0,0,0,0,0,0,0,0,0,0,0,0,0,1,0,0,0,0,0,0,0,1,0,1,NA,NA,NA,NA,NA,NA,NA,NA,NA,NA,NA,NA,NA,NA,NA,NA,NA,NA,NA,NA,NA,NA,NA,NA,NA,NA,NA,"1",2,1,1,1,2,"2","",NA,"Weimar",1,4,1,NA,NA,NA,NA,1,1,2,2,2,5,5,5,5,1,5,2,2,1,NA,"79",1,"","","1",3,NA,2,1,5,1,2,2,5,5,4,4,1,5,5,5,2,4,2,1,1,1,2,2,2,1,1,NA,NA,NA,NA,NA,NA,NA,NA,"yes"
"134",74,12,"mandatory","no","female",1,1,2,1,1,2,NA,NA,NA,NA,NA,NA,NA,NA,NA,NA,NA,NA,NA,NA,NA,NA,NA,NA,NA,NA,NA,NA,NA,NA,NA,NA,NA,NA,NA,NA,NA,NA,NA,NA,NA,NA,NA,NA,NA,NA,NA,NA,NA,NA,NA,NA,NA,NA,NA,NA,NA,NA,NA,NA,NA,NA,NA,NA,NA,NA,NA,NA,NA,"",2,1,2,1,2,"","",NA,"",NA,NA,NA,NA,NA,NA,NA,NA,NA,2,5,5,1,1,1,1,1,5,1,1,3,NA,"74",1,"","","1",2,3,2,1,1,1,1,1,1,2,2,5,5,3,1,1,NA,4,1,NA,NA,NA,NA,NA,NA,NA,NA,NA,NA,NA,NA,NA,NA,NA,NA,"yes"
"135",82,12,"mandatory","yes","male",2,4,3,NA,NA,3,1,NA,4,7,NA,NA,0,0,0,0,0,0,0,1,0,0,0,0,0,0,0,0,0,0,0,0,0,0,1,1,1,0,1,1,1,1,NA,NA,NA,NA,NA,NA,NA,NA,NA,NA,NA,NA,NA,NA,NA,NA,NA,NA,NA,NA,NA,NA,NA,NA,NA,NA,NA,"3",3,NA,NA,NA,2,"3","",NA,"Victoria, TX",2,1,1,1,1,0,0,2,2,2,4,4,2,3,3,3,4,5,1,1,3,3,"82",1,"","2","2",2,3,1,5,5,1,3,4,5,5,5,5,2,2,4,2,1,4,2,NA,NA,6,6,6,5,4,2,1,1,1,1,1,0,0,0,"yes"
"136",84,12,"mandatory","no","male",1,2,2,1,1,2,NA,NA,NA,NA,NA,NA,NA,NA,NA,NA,NA,NA,NA,NA,NA,NA,NA,NA,NA,NA,NA,NA,NA,NA,NA,NA,NA,NA,NA,NA,NA,NA,NA,NA,NA,NA,NA,NA,NA,NA,NA,NA,NA,NA,NA,NA,NA,NA,NA,NA,NA,NA,NA,NA,NA,NA,NA,NA,NA,NA,NA,NA,NA,"",2,1,1,2,1,"","",NA,"",NA,NA,NA,NA,NA,NA,NA,NA,NA,2,2,3,1,1,1,1,2,5,1,1,3,NA,"84",3,"","1","1",2,8,1,1,2,2,1,1,2,3,3,2,2,2,2,1,2,4,1,NA,NA,NA,NA,NA,NA,NA,NA,NA,NA,NA,NA,NA,NA,NA,NA,"yes"
"137",58,NA,"mandatory","no","female",2,2,1,2,3,2,NA,NA,NA,NA,NA,NA,NA,NA,NA,NA,NA,NA,NA,NA,NA,NA,NA,NA,NA,NA,NA,NA,NA,NA,NA,NA,NA,NA,NA,NA,NA,NA,NA,NA,NA,NA,NA,NA,NA,NA,NA,NA,NA,NA,NA,NA,NA,NA,NA,NA,NA,NA,NA,NA,NA,NA,NA,NA,NA,NA,NA,NA,NA,"",1,1,1,1,1,"","",NA,"",NA,NA,NA,NA,NA,NA,NA,NA,NA,1,2,2,1,1,2,1,2,4,1,1,3,2,"58",3,"","1","",NA,2,2,1,3,3,4,4,3,3,3,2,5,5,3,5,2,4,1,NA,NA,NA,NA,NA,NA,NA,NA,NA,NA,NA,NA,NA,NA,NA,NA,"yes"
"138",76,18,"mandatory","no","female",1,4,4,1,1,3,NA,NA,NA,NA,NA,NA,NA,NA,NA,NA,NA,NA,NA,NA,NA,NA,NA,NA,NA,NA,NA,NA,NA,NA,NA,NA,NA,NA,NA,NA,NA,NA,NA,NA,NA,NA,NA,NA,NA,NA,NA,NA,NA,NA,NA,NA,NA,NA,NA,NA,NA,NA,NA,NA,NA,NA,NA,NA,NA,NA,NA,NA,NA,"",4,4,4,4,4,"","",NA,"",NA,NA,NA,NA,NA,NA,NA,NA,NA,2,1,1,1,1,1,1,1,5,1,2,2,1,"76",3,"","","1",4,2,2,1,1,1,1,1,NA,NA,2,4,5,2,3,1,2,5,1,NA,NA,NA,NA,NA,NA,NA,NA,NA,NA,NA,NA,NA,NA,NA,NA,"yes"
"139",NA,18,"mandatory","no","male",1,4,3,3,1,3,NA,NA,NA,NA,NA,NA,NA,NA,NA,NA,NA,NA,NA,NA,NA,NA,NA,NA,NA,NA,NA,NA,NA,NA,NA,NA,NA,NA,NA,NA,NA,NA,NA,NA,NA,NA,NA,NA,NA,NA,NA,NA,NA,NA,NA,NA,NA,NA,NA,NA,NA,NA,NA,NA,NA,NA,NA,NA,NA,NA,NA,NA,NA,"",5,5,5,5,5,"","",NA,"",NA,NA,NA,NA,NA,NA,NA,NA,NA,2,3,1,1,1,2,1,1,5,1,1,3,3,"",1,"","1","1",4,NA,1,1,1,1,2,2,1,1,1,5,5,5,5,3,NA,4,1,NA,NA,NA,NA,NA,NA,NA,NA,NA,NA,NA,NA,NA,NA,NA,NA,"yes"
"140",59,12,"mandatory","yes","female",1,3,3,1,3,2,1,NA,NA,7,NA,NA,0,0,1,0,0,0,0,0,0,0,0,0,0,0,0,0,0,0,0,0,0,0,0,0,0,0,1,1,0,2,1,5,4,4,NA,NA,NA,1,NA,NA,NA,NA,NA,NA,NA,NA,NA,NA,NA,NA,NA,NA,NA,NA,1,NA,NA,"1",3,3,3,3,1,"6","0",NA,"houston",1,1,1,1,1,0,0,1,2,2,4,5,5,5,4,5,3,5,2,1,3,3,"59",1,"0","2","",2,7,2,1,5,1,2,5,5,5,5,5,5,2,3,2,2,4,2,6,6,2,4,3,3,3,1,NA,NA,NA,NA,NA,NA,NA,NA,"yes"
"141",60,12,"mandatory","yes","female",2,2,2,2,1,2,0,2,4,12,4,13,0,0,0,0,0,0,0,1,0,0,0,0,0,0,0,0,0,0,0,0,0,0,0,1,1,0,0,0,0,1,NA,NA,NA,NA,NA,NA,NA,NA,NA,NA,NA,NA,NA,NA,NA,NA,NA,NA,NA,NA,NA,NA,NA,NA,NA,NA,NA,"3",2,1,2,1,2,"3","0",1,"San antonio",1,1,1,0,0,0,1,1,1,1,2,2,1,1,2,2,2,2,1,2,3,NA,"60",3,"0","","",2,1,2,1,2,2,1,2,2,2,2,2,2,2,2,2,2,5,2,1,2,1,2,2,2,2,1,NA,NA,NA,NA,NA,NA,NA,NA,"yes"
"142",70,16,"mandatory","yes","female",1,3,3,1,1,4,1,NA,NA,NA,NA,NA,0,1,0,0,0,0,0,1,0,0,0,0,0,0,0,0,0,0,0,0,0,0,0,0,1,0,0,0,0,1,NA,NA,NA,NA,NA,NA,NA,NA,NA,NA,NA,NA,NA,NA,NA,NA,NA,NA,NA,NA,NA,NA,NA,NA,NA,NA,NA,"1",3,1,1,1,4,"1","0",NA,"Bastrop",2,1,1,1,1,0,1,NA,NA,1,5,5,3,1,3,3,5,5,1,2,3,3,"70",3,"","","1",3,1,2,1,4,5,5,5,5,5,5,5,2,1,4,3,2,4,2,NA,NA,NA,4,NA,NA,NA,1,NA,NA,NA,NA,NA,NA,NA,NA,"yes"
"143",60,21,"mandatory","not applicable","female",1,1,1,2,1,1,NA,NA,NA,NA,NA,NA,NA,NA,NA,NA,NA,NA,NA,NA,NA,NA,NA,NA,NA,NA,NA,NA,NA,NA,NA,NA,NA,NA,NA,NA,NA,NA,NA,NA,NA,NA,NA,NA,NA,NA,NA,NA,NA,NA,NA,NA,NA,NA,NA,NA,NA,NA,NA,NA,NA,NA,NA,NA,NA,NA,NA,NA,NA,"",5,1,5,5,5,"","",NA,"",NA,NA,NA,NA,NA,NA,NA,NA,NA,NA,1,5,1,1,4,1,1,5,NA,NA,NA,NA,"60",3,"","","",5,6,2,1,NA,NA,NA,NA,NA,NA,NA,NA,NA,NA,NA,NA,2,4,3,NA,NA,NA,NA,NA,NA,NA,NA,NA,NA,NA,NA,NA,NA,NA,NA,"yes"
"144",75,16,"mandatory","yes","male",1,3,3,1,1,2,1,NA,NA,13,NA,NA,0,0,1,0,0,0,0,0,0,0,0,0,0,0,0,0,0,0,0,1,0,0,0,0,0,0,0,1,0,1,NA,NA,NA,NA,NA,NA,NA,NA,NA,NA,NA,NA,NA,NA,NA,NA,NA,NA,NA,NA,NA,NA,NA,NA,NA,NA,NA,"2",3,1,1,3,3,"1","2",NA,"San Antonio",2,2,1,1,1,1,0,1,2,2,5,4,2,2,5,5,5,5,1,2,3,3,"75",1,"","1","",3,3,1,1,4,1,2,2,4,4,5,4,3,3,5,4,2,4,2,5,1,2,3,6,NA,3,2,1,1,1,0,1,1,0,0,"yes"
"145",46,16,"mandatory","yes","female",1,5,5,5,4,3,1,NA,5,10,NA,NA,0,0,1,1,0,0,0,0,0,0,0,0,0,0,0,0,0,0,0,0,0,0,0,0,0,0,0,1,0,1,NA,NA,NA,NA,NA,NA,NA,NA,NA,NA,NA,NA,NA,NA,NA,NA,NA,NA,NA,NA,NA,NA,NA,NA,NA,NA,NA,"2",5,3,3,5,5,"2","0",NA,"Ganado, Texas",1,1,1,1,1,0,0,1,2,2,5,5,3,3,5,5,5,5,1,1,3,2,"46",2,"","2","",3,5,2,5,5,3,2,2,5,4,5,4,4,4,4,2,1,4,2,1,1,2,3,6,4,3,2,1,0,0,0,0,0,0,0,"yes"
"146",59,12,"mandatory","yes","female",1,3,3,2,3,4,0,2,4,18,5,5,0,0,0,1,0,0,0,0,0,0,0,0,0,1,1,0,0,0,0,1,0,0,0,0,0,0,0,1,0,1,NA,NA,NA,NA,NA,NA,NA,NA,NA,NA,NA,NA,NA,NA,NA,NA,NA,NA,NA,NA,NA,NA,NA,NA,NA,NA,NA,"2",5,5,5,5,5,"3","0",NA,"Rio Frio",1,4,1,1,1,0,0,1,2,2,3,3,2,3,2,3,5,5,1,1,3,1,"59",1,"","3","",2,8,2,1,3,2,2,3,3,4,5,3,2,5,5,2,2,4,2,1,1,1,4,6,4,4,1,NA,NA,NA,NA,NA,NA,NA,NA,"yes"
"147",68,16,"voluntary","no","female",NA,NA,5,NA,NA,2,NA,NA,NA,NA,NA,NA,NA,NA,NA,NA,NA,NA,NA,NA,NA,NA,NA,NA,NA,NA,NA,NA,NA,NA,NA,NA,NA,NA,NA,NA,NA,NA,NA,NA,NA,NA,NA,NA,NA,NA,NA,NA,NA,NA,NA,NA,NA,NA,NA,NA,NA,NA,NA,NA,NA,NA,NA,NA,NA,NA,NA,NA,NA,"",5,NA,NA,5,4,"","",NA,"",NA,NA,NA,NA,NA,NA,NA,NA,NA,1,5,4,2,2,3,2,1,5,1,2,3,2,"68",3,"","","1",3,1,2,1,1,1,5,5,2,2,2,2,2,2,2,1,2,4,1,NA,NA,NA,NA,NA,NA,NA,NA,NA,NA,NA,NA,NA,NA,NA,NA,"no"
"148",75,16,"voluntary","no","male",1,4,NA,NA,NA,NA,NA,NA,NA,NA,NA,NA,NA,NA,NA,NA,NA,NA,NA,NA,NA,NA,NA,NA,NA,NA,NA,NA,NA,NA,NA,NA,NA,NA,NA,NA,NA,NA,NA,NA,NA,NA,NA,NA,NA,NA,NA,NA,NA,NA,NA,NA,NA,NA,NA,NA,NA,NA,NA,NA,NA,NA,NA,NA,NA,NA,NA,NA,NA,"",5,NA,NA,NA,NA,"","",NA,"",NA,NA,NA,NA,NA,NA,NA,NA,NA,2,2,2,2,2,2,1,5,2,1,1,3,3,"75",1,"","","2",3,3,1,5,5,3,2,2,4,1,1,3,3,2,3,3,1,4,1,NA,NA,NA,NA,NA,NA,NA,NA,NA,NA,NA,NA,NA,NA,NA,NA,"no"
"149",NA,12,"voluntary","no","male",1,5,5,3,2,5,NA,NA,NA,NA,NA,NA,NA,NA,NA,NA,NA,NA,NA,NA,NA,NA,NA,NA,NA,NA,NA,NA,NA,NA,NA,NA,NA,NA,NA,NA,NA,NA,NA,NA,NA,NA,NA,NA,NA,NA,NA,NA,NA,NA,NA,NA,NA,NA,NA,NA,NA,NA,NA,NA,NA,NA,NA,NA,NA,NA,NA,NA,NA,"",3,1,1,2,2,"","",NA,"",NA,NA,NA,NA,NA,NA,NA,NA,NA,2,4,4,1,2,3,2,1,5,1,1,3,1,"",2,"","","",2,1,1,1,3,1,2,4,2,2,3,2,2,3,3,4,2,5,1,NA,NA,NA,NA,NA,NA,NA,NA,NA,NA,NA,NA,NA,NA,NA,NA,"yes"
"150",51,12,"voluntary","yes","male",1,3,2,1,1,3,1,NA,5,13,NA,NA,0,0,0,0,0,0,0,0,0,0,0,1,0,0,0,0,0,0,0,0,0,0,0,0,0,0,1,0,0,1,NA,NA,NA,NA,NA,NA,NA,NA,NA,NA,NA,NA,NA,NA,NA,NA,NA,NA,NA,NA,NA,NA,NA,NA,NA,NA,NA,"3",3,2,2,1,2,"2","0",2,"George Town, TX",1,3,1,1,1,0,1,1,2,1,3,2,1,1,3,2,4,4,1,3,2,3,"51",2,"","3","",2,1,1,2,3,5,2,3,3,3,3,3,2,4,4,5,2,4,2,5,2,3,3,3,4,2,2,NA,NA,NA,NA,NA,NA,NA,NA,"no"
"151",83,16,"voluntary","no","female",1,3,4,1,1,3,NA,NA,NA,NA,NA,NA,NA,NA,NA,NA,NA,NA,NA,NA,NA,NA,NA,NA,NA,NA,NA,NA,NA,NA,NA,NA,NA,NA,NA,NA,NA,NA,NA,NA,NA,NA,NA,NA,NA,NA,NA,NA,NA,NA,NA,NA,NA,NA,NA,NA,NA,NA,NA,NA,NA,NA,NA,NA,NA,NA,NA,NA,NA,"",5,4,4,5,5,"","",NA,"",NA,NA,NA,NA,NA,NA,NA,NA,NA,2,2,2,1,1,1,1,1,4,1,1,2,1,"83",4,"","","1",3,NA,2,1,1,1,1,1,1,1,1,3,1,4,4,1,2,4,1,NA,NA,NA,NA,NA,NA,NA,NA,NA,NA,NA,NA,NA,NA,NA,NA,"yes"
"152",82,18,"voluntary","yes","male",1,3,4,1,1,2,1,NA,5,14,NA,NA,0,0,0,0,0,0,0,0,0,0,0,0,1,0,0,0,1,0,0,0,0,0,0,0,0,0,1,1,0,1,NA,NA,NA,NA,NA,NA,NA,NA,NA,NA,NA,NA,NA,NA,NA,NA,NA,NA,NA,NA,NA,NA,NA,NA,NA,NA,NA,"2",3,3,3,4,1,"2","2",NA,"austin",1,4,1,1,1,1,1,1,2,2,4,3,3,1,3,4,1,5,2,1,3,3,"82",1," 0","0","2",4,5,1,1,1,1,4,4,4,4,1,5,5,4,2,1,2,5,2,1,1,5,5,6,6,6,1,NA,NA,NA,NA,NA,NA,NA,NA,"yes"
"153",64,18,"voluntary","yes","female",3,3,2,2,1,5,1,NA,4,14,NA,NA,0,0,0,0,0,0,0,0,0,0,0,0,0,0,0,0,1,0,0,1,0,0,0,0,0,0,0,1,0,1,NA,NA,NA,NA,NA,NA,NA,NA,NA,NA,NA,NA,NA,NA,NA,NA,NA,NA,NA,NA,NA,NA,NA,NA,NA,NA,NA,"2",5,2,NA,5,5,"2","0",NA,"Columbus",2,2,1,1,1,1,0,1,1,2,3,5,1,1,4,3,3,5,1,1,3,1,"64",1,"","1","1",4,4,2,1,1,1,3,3,2,4,4,5,3,2,5,3,NA,4,2,1,1,2,6,6,5,3,2,1,1,1,0,1,0,0,0,"no"
"154",81,21,"voluntary","no","female",1,3,3,1,1,1,NA,NA,NA,NA,NA,NA,NA,NA,NA,NA,NA,NA,NA,NA,NA,NA,NA,NA,NA,NA,NA,NA,NA,NA,NA,NA,NA,NA,NA,NA,NA,NA,NA,NA,NA,NA,NA,NA,NA,NA,NA,NA,NA,NA,NA,NA,NA,NA,NA,NA,NA,NA,NA,NA,NA,NA,NA,NA,NA,NA,NA,NA,NA,"",5,1,4,5,5,"","",NA,"",NA,NA,NA,NA,NA,NA,NA,NA,NA,2,5,5,1,2,4,1,NA,5,1,1,3,2,"81",4,"","","1",5,6,2,1,2,1,1,1,2,4,4,2,5,5,4,4,2,4,1,NA,NA,NA,NA,NA,NA,NA,NA,NA,NA,NA,NA,NA,NA,NA,NA,"no"
"155",60,18,"voluntary","yes","male",1,3,3,1,1,3,1,NA,3,NA,NA,NA,0,0,0,0,0,0,0,0,0,0,0,0,1,0,0,0,0,0,0,1,0,0,0,0,1,0,0,0,0,1,NA,NA,NA,NA,NA,NA,NA,NA,NA,NA,NA,NA,NA,NA,NA,NA,NA,NA,NA,NA,NA,NA,NA,NA,NA,NA,NA,"1",1,2,2,3,3,"1","0",NA,"El Campo",2,1,1,1,1,0,0,1,1,NA,1,5,5,2,2,4,5,5,2,2,3,3,"60",1,"","2","",4,1,1,3,5,5,1,3,5,4,4,1,3,5,5,5,2,5,2,1,1,2,3,1,1,1,2,1,1,0,0,1,0,0,0,"no"
"156",74,12,"voluntary","no","female",NA,NA,NA,NA,NA,2,NA,NA,NA,NA,NA,NA,NA,NA,NA,NA,NA,NA,NA,NA,NA,NA,NA,NA,NA,NA,NA,NA,NA,NA,NA,NA,NA,NA,NA,NA,NA,NA,NA,NA,NA,NA,NA,NA,NA,NA,NA,NA,NA,NA,NA,NA,NA,NA,NA,NA,NA,NA,NA,NA,NA,NA,NA,NA,NA,NA,NA,NA,NA,"",NA,NA,NA,NA,NA,"","",NA,"",NA,NA,NA,NA,NA,NA,NA,NA,NA,2,NA,NA,NA,NA,NA,NA,NA,NA,1,1,2,1,"74",4,"","1","1",2,NA,2,1,NA,NA,NA,NA,NA,NA,NA,NA,NA,NA,NA,NA,2,4,1,NA,NA,NA,NA,NA,NA,NA,NA,NA,NA,NA,NA,NA,NA,NA,NA,"no"
"157",37,16,"voluntary","yes","female",1,1,1,1,1,1,1,NA,5,12,NA,NA,0,0,0,0,0,0,0,0,0,0,0,1,0,0,0,0,0,0,0,0,0,0,0,0,0,0,0,1,0,1,NA,NA,NA,NA,NA,NA,NA,NA,NA,NA,NA,NA,NA,NA,NA,NA,NA,NA,NA,NA,NA,NA,NA,NA,NA,NA,NA,"1",1,1,1,1,1,"1","0",NA,"Giddings",1,2,1,0,1,1,0,1,2,1,5,5,3,5,4,2,1,5,1,2,3,3,"37",1,"2","2","",3,1,2,1,2,5,4,4,5,3,3,3,1,1,4,5,2,5,2,1,1,2,2,1,2,2,1,NA,NA,NA,NA,NA,NA,NA,NA,"no"
"158",NA,12,"voluntary","yes","female",1,3,2,1,1,2,1,NA,4,12,NA,NA,0,1,0,0,0,0,0,0,0,0,0,0,0,0,0,0,0,0,0,1,0,0,0,0,0,0,0,1,0,1,NA,NA,NA,NA,NA,NA,NA,NA,NA,NA,NA,NA,NA,NA,NA,NA,NA,NA,NA,NA,NA,NA,NA,NA,NA,NA,NA,"1",5,1,3,5,5,"3","0",NA,"Shiner, TX",2,1,1,1,1,0,0,1,1,2,3,5,1,1,3,2,3,5,1,3,3,3,"",4,"","2","",2,3,2,1,1,3,1,1,5,5,5,3,1,1,3,1,2,4,2,1,1,4,4,1,2,2,1,NA,NA,NA,NA,NA,NA,NA,NA,"yes"
"159",34,16,"voluntary","yes","male",1,3,3,2,1,5,1,NA,2,21,NA,NA,0,0,0,0,0,0,0,0,0,0,0,0,0,0,0,0,1,0,0,0,0,0,0,0,0,0,0,1,0,2,1,4,1,1,1,NA,NA,1,NA,NA,NA,NA,1,NA,NA,NA,NA,NA,NA,NA,NA,1,NA,NA,1,NA,1,"1",4,3,2,4,2,"3","0",NA,"Mountain Home, Tx",2,1,1,1,1,0,1,1,1,2,3,1,3,4,3,2,2,5,1,1,3,3,"34",1,"2","2","",3,3,1,1,1,5,4,3,1,2,1,5,3,5,5,5,2,5,2,6,4,2,6,6,3,1,1,NA,NA,NA,NA,NA,NA,NA,NA,"yes"
"160",55,18,"voluntary","no","female",2,4,4,1,1,3,NA,NA,NA,NA,NA,NA,NA,NA,NA,NA,NA,NA,NA,NA,NA,NA,NA,NA,NA,NA,NA,NA,NA,NA,NA,NA,NA,NA,NA,NA,NA,NA,NA,NA,NA,NA,NA,NA,NA,NA,NA,NA,NA,NA,NA,NA,NA,NA,NA,NA,NA,NA,NA,NA,NA,NA,NA,NA,NA,NA,NA,NA,NA,"",5,5,5,5,5,"","",NA,"",NA,NA,NA,NA,NA,NA,NA,NA,NA,2,4,4,1,1,1,1,1,5,1,1,3,1,"55",1,"0","2","0",4,7,2,1,2,2,2,2,2,2,3,2,2,3,2,2,2,4,1,NA,NA,NA,NA,NA,NA,NA,NA,NA,NA,NA,NA,NA,NA,NA,NA,"no"
"161",45,18,"voluntary","yes","female",2,5,5,5,5,3,1,NA,5,8,NA,NA,0,0,0,0,1,0,0,0,0,0,0,1,0,0,0,0,0,0,0,0,0,0,0,0,0,0,0,1,0,1,NA,NA,NA,NA,NA,NA,NA,NA,NA,NA,NA,NA,NA,NA,NA,NA,NA,NA,NA,NA,NA,NA,NA,NA,NA,NA,NA,"1",5,5,5,5,1,"6","0",NA,"San Antonio",2,2,1,1,1,1,1,1,2,2,3,5,1,5,3,4,5,5,1,1,3,3,"45",1,"","4","",4,8,2,1,3,1,1,3,4,5,5,1,1,3,4,3,2,4,2,6,2,2,6,6,2,5,2,1,0,0,0,0,1,0,0,"no"
"162",29,18,"voluntary","yes","female",1,2,2,3,3,3,0,2,4,12,4,22,0,0,0,0,1,0,0,0,0,0,0,1,0,0,0,0,0,0,0,0,0,0,0,0,0,0,0,1,0,1,NA,NA,NA,NA,NA,NA,NA,NA,NA,NA,NA,NA,NA,NA,NA,NA,NA,NA,NA,NA,NA,NA,NA,NA,NA,NA,NA,"2",5,5,5,5,5,"2","0",NA,"New Braunfels",2,1,1,1,1,0,0,1,2,2,3,2,1,1,4,3,1,5,1,1,1,1,"29",1,"1","2","",4,7,2,1,2,1,2,5,3,3,4,2,1,5,3,2,2,5,2,2,3,2,6,5,3,2,1,NA,NA,NA,NA,NA,NA,NA,NA,"no"
"163",54,18,"voluntary","no","male",1,4,4,2,NA,4,NA,NA,NA,NA,NA,NA,NA,NA,NA,NA,NA,NA,NA,NA,NA,NA,NA,NA,NA,NA,NA,NA,NA,NA,NA,NA,NA,NA,NA,NA,NA,NA,NA,NA,NA,NA,NA,NA,NA,NA,NA,NA,NA,NA,NA,NA,NA,NA,NA,NA,NA,NA,NA,NA,NA,NA,NA,NA,NA,NA,NA,NA,NA,"",5,5,5,5,5,"","",NA,"",NA,NA,NA,NA,NA,NA,NA,NA,NA,2,3,5,2,2,4,3,2,4,1,2,1,1,"54",1,"3","2","",4,8,1,1,1,3,4,NA,2,3,4,4,2,5,3,4,2,4,1,NA,NA,NA,NA,NA,NA,NA,NA,NA,NA,NA,NA,NA,NA,NA,NA,"yes"
"164",27,21,"voluntary","no","female",2,3,2,2,1,1,NA,NA,NA,NA,NA,NA,NA,NA,NA,NA,NA,NA,NA,NA,NA,NA,NA,NA,NA,NA,NA,NA,NA,NA,NA,NA,NA,NA,NA,NA,NA,NA,NA,NA,NA,NA,NA,NA,NA,NA,NA,NA,NA,NA,NA,NA,NA,NA,NA,NA,NA,NA,NA,NA,NA,NA,NA,NA,NA,NA,NA,NA,NA,"",4,3,3,1,4,"","",NA,"",NA,NA,NA,NA,NA,NA,NA,NA,NA,2,3,5,1,2,3,1,2,4,1,1,3,2,"27",2,"0","4","0",5,7,2,1,3,2,4,4,5,4,3,3,4,4,NA,2,2,4,1,NA,NA,NA,NA,NA,NA,NA,NA,NA,NA,NA,NA,NA,NA,NA,NA,"no"
"165",65,10,"voluntary","yes","female",2,1,1,1,1,5,1,NA,2,12,NA,NA,0,0,0,0,0,0,0,0,0,0,0,1,0,0,0,0,0,0,0,0,0,0,0,0,0,0,0,1,0,1,NA,NA,NA,NA,NA,NA,NA,NA,NA,NA,NA,NA,NA,NA,NA,NA,NA,NA,NA,NA,NA,NA,NA,NA,NA,NA,NA,"1",5,1,1,5,5,"2","",NA,"San Antonio, Tx.",2,1,1,1,1,0,1,1,1,1,5,5,1,5,5,5,5,5,1,1,3,2,"65",3,"","1","",1,2,2,1,1,5,5,5,5,1,5,1,5,5,5,5,1,4,2,5,2,4,4,1,1,2,1,NA,NA,NA,NA,NA,NA,NA,NA,"no"
"166",62,12,"voluntary","no","male",1,5,5,1,1,1,NA,NA,NA,NA,NA,NA,NA,NA,NA,NA,NA,NA,NA,NA,NA,NA,NA,NA,NA,NA,NA,NA,NA,NA,NA,NA,NA,NA,NA,NA,NA,NA,NA,NA,NA,NA,NA,NA,NA,NA,NA,NA,NA,NA,NA,NA,NA,NA,NA,NA,NA,NA,NA,NA,NA,NA,NA,NA,NA,NA,NA,NA,NA,"",5,5,5,5,5,"","",NA,"",NA,NA,NA,NA,NA,NA,NA,NA,NA,1,1,5,1,1,3,1,1,5,1,1,2,2,"62",2,"","2","",2,2,1,1,1,1,1,1,1,1,2,1,1,5,2,1,2,4,1,NA,NA,NA,NA,NA,NA,NA,NA,NA,NA,NA,NA,NA,NA,NA,NA,"no"
"167",70,16,"voluntary","yes","female",4,4,4,4,4,4,1,NA,5,13,NA,NA,0,1,0,0,0,0,0,0,0,0,0,0,0,0,0,0,1,0,0,0,0,0,0,0,0,0,1,0,0,1,NA,NA,NA,NA,NA,NA,NA,NA,NA,NA,NA,NA,NA,NA,NA,NA,NA,NA,NA,NA,NA,NA,NA,NA,NA,NA,NA,"1",3,1,1,1,1,"1","0",NA,"Temple",1,2,1,1,0,0,0,1,1,2,3,3,2,2,2,2,1,4,1,1,3,1,"70",1,"","","2",3,3,2,1,3,1,1,1,5,5,5,2,2,4,4,1,2,4,2,1,1,2,3,1,3,1,2,1,1,1,0,1,0,0,0,"yes"
"168",50,18,"voluntary","yes","female",2,4,4,4,4,2,1,NA,4,20,NA,NA,0,0,1,0,0,0,0,0,0,0,0,0,0,0,0,0,0,0,0,0,0,1,0,0,0,0,0,1,0,1,NA,NA,NA,NA,NA,NA,NA,NA,NA,NA,NA,NA,NA,NA,NA,NA,NA,NA,NA,NA,NA,NA,NA,NA,NA,NA,NA,"2",5,1,3,5,5,"2","2",NA,"Yoakum",2,1,1,1,1,0,1,1,2,2,2,2,5,1,3,1,5,5,1,1,3,1,"50",3,"","2","",4,4,2,1,2,5,5,5,2,4,3,3,3,1,5,2,2,5,2,3,3,3,6,6,6,6,1,NA,NA,NA,NA,NA,NA,NA,NA,"yes"
"169",60,18,"voluntary","no","female",1,2,2,2,1,3,NA,NA,NA,NA,NA,NA,NA,NA,NA,NA,NA,NA,NA,NA,NA,NA,NA,NA,NA,NA,NA,NA,NA,NA,NA,NA,NA,NA,NA,NA,NA,NA,NA,NA,NA,NA,NA,NA,NA,NA,NA,NA,NA,NA,NA,NA,NA,NA,NA,NA,NA,NA,NA,NA,NA,NA,NA,NA,NA,NA,NA,NA,NA,"",3,5,5,3,3,"","",NA,"",NA,NA,NA,NA,NA,NA,NA,NA,NA,2,3,3,1,1,2,1,5,3,1,1,3,2,"60",1,"","2","",4,7,2,1,3,3,2,2,4,3,3,4,2,2,4,5,2,5,1,NA,NA,NA,NA,NA,NA,NA,NA,NA,NA,NA,NA,NA,NA,NA,NA,"yes"
"170",56,18,"voluntary","no","male",1,2,5,5,2,2,NA,NA,NA,NA,NA,NA,NA,NA,NA,NA,NA,NA,NA,NA,NA,NA,NA,NA,NA,NA,NA,NA,NA,NA,NA,NA,NA,NA,NA,NA,NA,NA,NA,NA,NA,NA,NA,NA,NA,NA,NA,NA,NA,NA,NA,NA,NA,NA,NA,NA,NA,NA,NA,NA,NA,NA,NA,NA,NA,NA,NA,NA,NA,"",5,5,4,5,5,"","",NA,"",NA,NA,NA,NA,NA,NA,NA,NA,NA,2,3,5,1,1,3,2,2,5,1,2,3,1,"56",1,"","1","",4,8,1,1,2,1,2,2,2,4,4,3,3,3,3,1,2,4,1,NA,NA,NA,NA,NA,NA,NA,NA,NA,NA,NA,NA,NA,NA,NA,NA,"no"
"171",70,16,"voluntary","no","male",NA,5,NA,NA,NA,NA,NA,NA,NA,NA,NA,NA,NA,NA,NA,NA,NA,NA,NA,NA,NA,NA,NA,NA,NA,NA,NA,NA,NA,NA,NA,NA,NA,NA,NA,NA,NA,NA,NA,NA,NA,NA,NA,NA,NA,NA,NA,NA,NA,NA,NA,NA,NA,NA,NA,NA,NA,NA,NA,NA,NA,NA,NA,NA,NA,NA,NA,NA,NA,"",5,NA,NA,NA,NA,"","",NA,"",NA,NA,NA,NA,NA,NA,NA,NA,NA,2,2,2,1,1,1,1,1,5,1,1,3,2,"70",1,"","","2",3,NA,1,1,1,1,1,1,1,1,1,3,5,1,2,1,NA,4,1,NA,NA,NA,NA,NA,NA,NA,NA,NA,NA,NA,NA,NA,NA,NA,NA,"no"
"172",72,10,"voluntary","yes","female",1,NA,NA,NA,NA,NA,1,NA,2,8,NA,NA,0,1,0,0,0,0,0,0,0,0,0,1,0,0,0,0,0,0,0,0,0,0,0,1,0,0,1,1,0,1,NA,NA,NA,NA,NA,NA,NA,NA,NA,NA,NA,NA,NA,NA,NA,NA,NA,NA,NA,NA,NA,NA,NA,NA,NA,NA,NA,"4",2,NA,NA,5,NA,"2","none",NA,"San Antonio",1,2,1,1,1,1,0,2,1,2,NA,NA,NA,5,NA,NA,5,5,1,1,3,3,"72",2,"","1","1",1,1,2,2,NA,5,NA,5,NA,5,5,5,NA,NA,5,5,2,5,2,2,2,2,2,2,2,2,2,1,0,1,0,0,0,1,0,"no"
"173",88,21,"voluntary","no",NA,1,3,4,1,1,NA,NA,NA,NA,NA,NA,NA,NA,NA,NA,NA,NA,NA,NA,NA,NA,NA,NA,NA,NA,NA,NA,NA,NA,NA,NA,NA,NA,NA,NA,NA,NA,NA,NA,NA,NA,NA,NA,NA,NA,NA,NA,NA,NA,NA,NA,NA,NA,NA,NA,NA,NA,NA,NA,NA,NA,NA,NA,NA,NA,NA,NA,NA,NA,"",5,NA,NA,2,2,"","",NA,"",NA,NA,NA,NA,NA,NA,NA,NA,NA,2,1,1,1,NA,NA,NA,NA,NA,1,1,3,NA,"88",1,"","","22",5,NA,NA,NA,NA,NA,NA,NA,NA,NA,NA,NA,NA,NA,NA,NA,NA,5,1,NA,NA,NA,NA,NA,NA,NA,NA,NA,NA,NA,NA,NA,NA,NA,NA,"no"
"174",83,18,"voluntary","no","female",NA,4,4,4,1,4,NA,NA,NA,NA,NA,NA,NA,NA,NA,NA,NA,NA,NA,NA,NA,NA,NA,NA,NA,NA,NA,NA,NA,NA,NA,NA,NA,NA,NA,NA,NA,NA,NA,NA,NA,NA,NA,NA,NA,NA,NA,NA,NA,NA,NA,NA,NA,NA,NA,NA,NA,NA,NA,NA,NA,NA,NA,NA,NA,NA,NA,NA,NA,"",3,3,3,3,3,"","",NA,"",NA,NA,NA,NA,NA,NA,NA,NA,NA,2,1,3,1,3,3,1,1,4,1,1,2,1,"83",4,"","","1",4,NA,2,1,1,4,4,5,2,2,2,4,4,4,4,1,2,4,1,NA,NA,NA,NA,NA,NA,NA,NA,NA,NA,NA,NA,NA,NA,NA,NA,"no"
"175",54,18,"voluntary","no","female",1,2,1,1,1,1,NA,NA,NA,NA,NA,NA,NA,NA,NA,NA,NA,NA,NA,NA,NA,NA,NA,NA,NA,NA,NA,NA,NA,NA,NA,NA,NA,NA,NA,NA,NA,NA,NA,NA,NA,NA,NA,NA,NA,NA,NA,NA,NA,NA,NA,NA,NA,NA,NA,NA,NA,NA,NA,NA,NA,NA,NA,NA,NA,NA,NA,NA,NA,"",3,3,3,3,3,"","",NA,"",NA,NA,NA,NA,NA,NA,NA,NA,NA,2,2,2,1,1,2,1,3,5,1,1,3,NA,"54",3,"","1","",4,2,2,1,1,2,3,5,1,1,1,5,5,5,2,4,2,4,1,NA,NA,NA,NA,NA,NA,NA,NA,NA,NA,NA,NA,NA,NA,NA,NA,"yes"
"176",61,18,"voluntary","no","male",1,2,3,4,3,3,NA,NA,NA,NA,NA,NA,NA,NA,NA,NA,NA,NA,NA,NA,NA,NA,NA,NA,NA,NA,NA,NA,NA,NA,NA,NA,NA,NA,NA,NA,NA,NA,NA,NA,NA,NA,NA,NA,NA,NA,NA,NA,NA,NA,NA,NA,NA,NA,NA,NA,NA,NA,NA,NA,NA,NA,NA,NA,NA,NA,NA,NA,NA,"",3,2,3,3,3,"","",NA,"",NA,NA,NA,NA,NA,NA,NA,NA,NA,2,2,2,3,3,3,1,3,5,1,1,3,2,"61",1,"","3","",4,7,1,5,3,4,4,4,3,3,2,3,2,5,5,4,1,5,1,NA,NA,NA,NA,NA,NA,NA,NA,NA,NA,NA,NA,NA,NA,NA,NA,"no"
"177",35,18,"voluntary","yes","male",2,5,4,3,1,5,0,NA,5,4,NA,NA,0,1,0,0,0,0,0,0,0,0,0,1,0,0,0,0,1,0,0,0,0,0,0,0,0,0,0,1,0,1,NA,NA,NA,NA,NA,NA,NA,NA,NA,NA,NA,NA,NA,NA,NA,NA,NA,NA,NA,NA,NA,NA,NA,NA,NA,NA,NA,"1",4,2,4,4,2,"3","2",NA,"Durant, Oklahoma",3,2,1,1,1,1,1,1,1,2,5,5,4,4,3,4,3,5,1,2,3,3,"35",1,"","2","",4,7,1,1,2,1,2,5,1,3,3,5,3,2,1,1,2,4,2,1,1,2,4,2,2,1,1,NA,NA,NA,NA,NA,NA,NA,NA,"yes"
"178",64,16,"voluntary","no","male",1,3,4,3,1,2,NA,NA,NA,NA,NA,NA,NA,NA,NA,NA,NA,NA,NA,NA,NA,NA,NA,NA,NA,NA,NA,NA,NA,NA,NA,NA,NA,NA,NA,NA,NA,NA,NA,NA,NA,NA,NA,NA,NA,NA,NA,NA,NA,NA,NA,NA,NA,NA,NA,NA,NA,NA,NA,NA,NA,NA,NA,NA,NA,NA,NA,NA,NA,"",5,3,2,5,5,"","",NA,"",NA,NA,NA,NA,NA,NA,NA,NA,NA,2,2,2,1,1,2,1,2,5,1,1,3,1,"64",1,"","2","",3,6,1,1,1,1,1,1,3,2,2,2,2,1,2,3,2,4,1,NA,NA,NA,NA,NA,NA,NA,NA,NA,NA,NA,NA,NA,NA,NA,NA,"yes"
"179",67,21,"voluntary","yes","male",1,1,3,4,2,1,1,NA,4,17,NA,NA,0,1,0,0,0,0,0,0,0,0,0,1,1,0,0,0,0,0,0,0,0,0,0,0,0,1,0,0,0,1,NA,NA,NA,NA,NA,NA,NA,NA,NA,NA,NA,NA,NA,NA,NA,NA,NA,NA,NA,NA,NA,NA,NA,NA,NA,NA,NA,"1",5,1,5,4,4,"2","0",NA,"Smithville, TX",2,1,1,1,0,0,0,1,1,2,5,4,1,3,4,3,5,5,1,1,3,3,"67",1,"","1","1",5,8,1,1,5,1,2,4,5,5,5,5,2,2,2,2,2,4,2,1,1,6,6,3,5,1,1,NA,NA,NA,NA,NA,NA,NA,NA,"yes"
"180",60,16,"voluntary","no","female",1,3,5,5,2,2,NA,NA,NA,NA,NA,NA,NA,NA,NA,NA,NA,NA,NA,NA,NA,NA,NA,NA,NA,NA,NA,NA,NA,NA,NA,NA,NA,NA,NA,NA,NA,NA,NA,NA,NA,NA,NA,NA,NA,NA,NA,NA,NA,NA,NA,NA,NA,NA,NA,NA,NA,NA,NA,NA,NA,NA,NA,NA,NA,NA,NA,NA,NA,"",5,5,5,5,5,"","",NA,"",NA,NA,NA,NA,NA,NA,NA,NA,NA,2,3,4,1,1,2,1,1,5,1,1,2,2,"60",1,"","2","",3,4,2,1,1,1,5,5,1,1,1,5,5,1,2,1,2,4,1,NA,NA,NA,NA,NA,NA,NA,NA,NA,NA,NA,NA,NA,NA,NA,NA,"yes"
"181",64,16,"voluntary","yes","female",1,4,4,1,1,2,1,NA,5,9,NA,NA,0,0,1,0,0,0,0,0,0,0,0,1,0,0,0,0,0,0,0,0,0,1,0,0,0,0,0,1,0,1,NA,NA,NA,NA,NA,NA,NA,NA,NA,NA,NA,NA,NA,NA,NA,NA,NA,NA,NA,NA,NA,NA,NA,NA,NA,NA,NA,"1",5,1,5,5,2,"2","0",NA,"San Antonio",3,1,1,1,1,0,0,1,2,2,2,5,4,2,4,3,2,5,1,1,3,3,"64",1,"","2","",3,6,2,1,2,1,1,3,2,3,4,5,1,1,5,5,2,4,2,1,1,2,3,1,4,3,1,NA,NA,NA,NA,NA,NA,NA,NA,"yes"
"182",NA,21,"voluntary","no",NA,1,5,5,1,1,1,NA,NA,NA,NA,NA,NA,NA,NA,NA,NA,NA,NA,NA,NA,NA,NA,NA,NA,NA,NA,NA,NA,NA,NA,NA,NA,NA,NA,NA,NA,NA,NA,NA,NA,NA,NA,NA,NA,NA,NA,NA,NA,NA,NA,NA,NA,NA,NA,NA,NA,NA,NA,NA,NA,NA,NA,NA,NA,NA,NA,NA,NA,NA,"",5,5,5,5,5,"","",NA,"",NA,NA,NA,NA,NA,NA,NA,NA,NA,2,2,4,1,1,1,1,5,5,1,2,NA,NA,"",1,"","1","",5,NA,NA,1,1,1,1,1,1,1,3,1,1,1,1,1,2,4,1,NA,NA,NA,NA,NA,NA,NA,NA,NA,NA,NA,NA,NA,NA,NA,NA,"no"
"183",84,12,"voluntary","yes","female",2,4,1,4,1,3,1,NA,4,10,NA,NA,0,0,1,0,0,0,0,0,0,0,0,0,0,0,0,0,1,0,0,1,0,0,0,0,0,0,0,1,0,1,NA,NA,NA,NA,NA,NA,NA,NA,NA,NA,NA,NA,NA,NA,NA,NA,NA,NA,NA,NA,NA,NA,NA,NA,NA,NA,NA,"1",5,3,2,2,4,"1","0",NA,"Conroe , TX",2,1,1,1,1,0,0,1,1,2,4,4,2,2,4,3,4,5,1,1,3,3,"84",4,"","","1",2,2,2,1,2,1,3,4,2,5,5,5,5,4,5,2,2,4,2,1,1,1,3,3,4,1,1,NA,NA,NA,NA,NA,NA,NA,NA,"yes"
"184",48,21,"voluntary","yes","male",1,1,1,1,1,1,1,NA,3,6,NA,NA,0,0,0,0,0,0,0,0,0,0,0,0,0,0,0,0,1,0,0,1,0,0,0,0,0,0,1,1,0,1,NA,NA,NA,NA,NA,NA,NA,NA,NA,NA,NA,NA,NA,NA,NA,NA,NA,NA,NA,NA,NA,NA,NA,NA,NA,NA,NA,"2",5,5,5,5,5,"2","0",NA,"Houston",NA,2,1,1,1,1,1,2,1,2,5,5,5,5,5,5,5,5,1,2,3,3,"48",2,"","1","",5,4,1,1,5,5,5,5,5,5,5,5,5,5,5,5,1,5,2,6,6,6,6,6,6,6,2,1,1,1,1,1,1,0,0,"yes"
"185",61,16,"voluntary","yes","male",NA,3,NA,NA,NA,NA,1,NA,4,9,NA,NA,0,0,0,0,0,0,0,0,0,0,0,1,0,0,0,0,1,0,0,0,0,0,0,0,0,0,0,1,0,1,NA,NA,NA,NA,NA,NA,NA,NA,NA,NA,NA,NA,NA,NA,NA,NA,NA,NA,NA,NA,NA,NA,NA,NA,NA,NA,NA,"1",3,NA,NA,NA,NA,"3","0",NA,"Ozona, TX",2,2,1,1,1,1,0,1,1,2,NA,5,NA,5,5,NA,5,5,1,1,2,3,"61",1,"","2","1",3,8,1,1,NA,1,NA,NA,NA,NA,5,2,2,1,5,5,2,4,2,NA,3,5,6,NA,6,1,1,NA,NA,NA,NA,NA,NA,NA,NA,"no"
"186",62,18,"voluntary","yes","female",2,4,4,4,1,5,0,2,3,13,5,12,0,0,0,0,0,0,0,0,0,0,0,1,1,0,0,0,0,0,0,1,0,1,0,0,0,0,0,1,0,1,NA,NA,NA,NA,NA,NA,NA,NA,NA,NA,NA,NA,NA,NA,NA,NA,NA,NA,NA,NA,NA,NA,NA,NA,NA,NA,NA,"1",5,5,5,5,5,"2","0",1,"College Station",2,1,1,1,1,0,1,1,1,2,4,4,2,2,4,4,5,5,1,1,2,2,"62",1,"","2","",4,8,2,1,3,2,5,5,4,2,4,4,3,3,5,3,2,4,2,1,1,6,5,6,6,6,1,NA,NA,NA,NA,NA,NA,NA,NA,"no"
"187",59,12,"voluntary","yes","female",1,1,5,1,4,5,0,3,NA,NA,NA,NA,NA,NA,NA,NA,NA,NA,NA,NA,NA,NA,NA,NA,NA,NA,NA,NA,NA,NA,NA,NA,NA,NA,NA,NA,NA,NA,NA,NA,NA,NA,NA,NA,NA,NA,NA,NA,NA,NA,NA,NA,NA,NA,NA,NA,NA,NA,NA,NA,NA,NA,NA,NA,NA,NA,NA,NA,NA,"",4,4,2,3,4,"","",NA,"",NA,NA,NA,NA,NA,NA,NA,NA,NA,NA,3,5,4,2,4,2,5,4,NA,NA,3,NA,"59",4,"","1","1",2,1,2,2,5,5,4,NA,5,4,3,4,5,5,5,5,2,5,NA,1,1,1,1,1,1,1,NA,1,1,1,0,0,0,0,0,"no"
"188",62,12,"voluntary","yes","female",NA,NA,4,NA,4,NA,1,NA,4,14,NA,NA,0,0,0,0,0,0,0,0,0,0,0,0,0,0,0,0,1,0,0,1,0,1,0,0,0,0,0,1,0,1,NA,NA,NA,NA,NA,NA,NA,NA,NA,NA,NA,NA,NA,NA,NA,NA,NA,NA,NA,NA,NA,NA,NA,NA,NA,NA,NA,"1",5,5,5,5,5,"2","0",NA,"Hallettsville",2,1,1,0,1,1,1,1,1,2,2,3,2,2,3,3,3,4,1,1,1,1,"62",4,"","1","1",2,6,2,1,3,3,5,5,4,4,5,5,4,3,5,4,2,4,2,1,1,5,6,6,6,1,2,1,0,1,0,1,0,0,0,"yes"
"189",33,NA,"voluntary","no","female",1,1,4,5,1,1,NA,NA,NA,NA,NA,NA,NA,NA,NA,NA,NA,NA,NA,NA,NA,NA,NA,NA,NA,NA,NA,NA,NA,NA,NA,NA,NA,NA,NA,NA,NA,NA,NA,NA,NA,NA,NA,NA,NA,NA,NA,NA,NA,NA,NA,NA,NA,NA,NA,NA,NA,NA,NA,NA,NA,NA,NA,NA,NA,NA,NA,NA,NA,"",4,4,4,4,4,"","",NA,"",NA,NA,NA,NA,NA,NA,NA,NA,NA,2,2,4,1,1,2,1,3,5,1,1,2,1,"33",1,"1","2","",NA,8,2,1,3,3,2,3,3,3,3,3,3,3,3,2,2,4,1,NA,NA,NA,NA,NA,NA,NA,NA,NA,NA,NA,NA,NA,NA,NA,NA,"no"
"190",67,16,"voluntary","yes","female",NA,3,NA,NA,NA,NA,1,NA,4,12,NA,NA,0,1,0,0,0,0,0,0,0,0,0,1,0,0,0,0,0,0,0,0,0,0,0,0,0,0,0,1,0,1,NA,NA,NA,NA,NA,NA,NA,NA,NA,NA,NA,NA,NA,NA,NA,NA,NA,NA,NA,NA,NA,NA,NA,NA,NA,NA,NA,"1",5,NA,NA,5,NA,"3","0",NA,"Georgetown, TX",2,2,1,1,1,1,1,1,1,2,2,2,2,2,2,2,2,2,1,1,3,1,"67",1,"","","2",3,4,2,1,3,2,1,1,3,4,4,1,1,1,3,3,2,5,2,3,2,2,5,6,4,1,1,NA,NA,NA,NA,NA,NA,NA,NA,"yes"
"191",85,18,"voluntary","no","male",1,1,3,1,1,4,NA,NA,NA,NA,NA,NA,NA,NA,NA,NA,NA,NA,NA,NA,NA,NA,NA,NA,NA,NA,NA,NA,NA,NA,NA,NA,NA,NA,NA,NA,NA,NA,NA,NA,NA,NA,NA,NA,NA,NA,NA,NA,NA,NA,NA,NA,NA,NA,NA,NA,NA,NA,NA,NA,NA,NA,NA,NA,NA,NA,NA,NA,NA,"",2,2,2,2,2,"","",NA,"",NA,NA,NA,NA,NA,NA,NA,NA,NA,2,3,5,1,1,1,1,5,5,1,2,1,1,"85",4,"1","","",4,5,1,1,5,5,5,5,5,3,NA,3,5,5,5,5,2,4,1,NA,NA,NA,NA,NA,NA,NA,NA,NA,NA,NA,NA,NA,NA,NA,NA,"yes"
"192",46,16,"voluntary","no","female",1,5,4,5,5,3,NA,NA,NA,NA,NA,NA,NA,NA,NA,NA,NA,NA,NA,NA,NA,NA,NA,NA,NA,NA,NA,NA,NA,NA,NA,NA,NA,NA,NA,NA,NA,NA,NA,NA,NA,NA,NA,NA,NA,NA,NA,NA,NA,NA,NA,NA,NA,NA,NA,NA,NA,NA,NA,NA,NA,NA,NA,NA,NA,NA,NA,NA,NA,"",5,5,5,5,5,"","",NA,"",NA,NA,NA,NA,NA,NA,NA,NA,NA,2,3,3,1,2,2,1,1,2,1,1,3,3,"46",1,"","4","",3,7,2,1,3,1,4,5,5,3,3,5,5,3,4,5,1,4,1,NA,NA,NA,NA,NA,NA,NA,NA,NA,NA,NA,NA,NA,NA,NA,NA,"no"
"193",59,16,"voluntary","no","male",1,4,4,3,1,1,NA,NA,NA,NA,NA,NA,NA,NA,NA,NA,NA,NA,NA,NA,NA,NA,NA,NA,NA,NA,NA,NA,NA,NA,NA,NA,NA,NA,NA,NA,NA,NA,NA,NA,NA,NA,NA,NA,NA,NA,NA,NA,NA,NA,NA,NA,NA,NA,NA,NA,NA,NA,NA,NA,NA,NA,NA,NA,NA,NA,NA,NA,NA,"",3,1,2,3,3,"","",NA,"",NA,NA,NA,NA,NA,NA,NA,NA,NA,2,3,2,1,1,3,1,5,5,1,1,3,1,"59",1,"","2","",3,8,1,1,2,1,2,2,2,2,2,2,4,5,5,1,2,4,NA,NA,NA,NA,NA,NA,NA,NA,NA,NA,NA,NA,NA,NA,NA,NA,NA,"yes"
"194",77,18,"voluntary","yes","female",3,4,5,5,5,4,0,1,4,16,NA,NA,0,0,0,0,0,0,0,0,0,0,0,1,0,0,0,0,1,0,0,0,0,0,1,1,1,1,0,1,0,1,NA,NA,NA,NA,NA,NA,NA,NA,NA,NA,NA,NA,NA,NA,NA,NA,NA,NA,NA,NA,NA,NA,NA,NA,NA,NA,NA,"1",5,3,4,4,5,"2","0",NA,"Georgetown, TX",2,1,1,1,1,0,0,2,1,2,5,5,4,5,5,3,4,5,1,1,3,1,"77",1,"","","1",4,7,2,1,5,3,4,4,5,5,5,5,4,4,4,3,2,4,2,2,NA,3,3,4,5,NA,2,1,1,0,1,1,1,0,0,"no"
"195",64,12,"voluntary","yes","female",1,1,1,1,1,1,1,NA,6,13,NA,NA,0,0,0,0,0,0,0,0,0,0,0,1,0,0,0,0,0,0,0,0,0,0,0,0,0,0,0,1,0,1,NA,NA,NA,NA,NA,NA,NA,NA,NA,NA,NA,NA,NA,NA,NA,NA,NA,NA,NA,NA,NA,NA,NA,NA,NA,NA,NA,"1",5,1,1,1,5,"1","0",NA,"Morales, TX",1,1,1,0,1,0,0,1,2,1,4,4,NA,1,1,3,1,5,1,1,3,NA,"64",4,"","1","",2,2,2,1,5,1,5,5,5,5,5,1,3,5,5,5,2,5,2,NA,NA,NA,NA,NA,NA,NA,1,NA,NA,NA,NA,NA,NA,NA,NA,"no"
"196",81,16,"mandatory","yes","female",1,5,4,4,4,3,1,NA,3,23,NA,NA,0,0,1,0,0,0,0,0,0,0,0,0,1,0,0,0,0,0,0,0,0,0,0,0,1,0,0,1,0,1,NA,NA,NA,NA,NA,NA,NA,NA,NA,NA,NA,NA,NA,NA,NA,NA,NA,NA,NA,NA,NA,NA,NA,NA,NA,NA,NA,"2",5,3,3,3,4,"2","0",NA,"El Campo",NA,1,1,1,1,0,0,1,1,2,3,3,1,3,4,3,1,5,1,1,3,2,"81",1,"","","2",3,2,2,5,4,1,3,4,4,4,5,3,3,4,4,4,2,5,2,1,1,3,3,3,3,3,1,NA,NA,NA,NA,NA,NA,NA,NA,"no"
"197",NA,NA,"mandatory",NA,NA,NA,NA,NA,NA,NA,NA,NA,NA,NA,NA,NA,NA,NA,NA,NA,NA,NA,NA,NA,NA,NA,NA,NA,NA,NA,NA,NA,NA,NA,NA,NA,NA,NA,NA,NA,NA,NA,NA,NA,NA,NA,NA,NA,NA,NA,NA,NA,NA,NA,NA,NA,NA,NA,NA,NA,NA,NA,NA,NA,NA,NA,NA,NA,NA,NA,NA,NA,NA,NA,"",NA,NA,NA,NA,NA,"","",NA,"",NA,NA,NA,NA,NA,NA,NA,NA,NA,NA,NA,NA,NA,NA,NA,NA,NA,NA,NA,NA,NA,NA,"",NA,"","","",NA,NA,NA,NA,NA,NA,NA,NA,NA,NA,NA,NA,NA,NA,NA,NA,NA,NA,NA,NA,NA,NA,NA,NA,NA,NA,NA,NA,NA,NA,NA,NA,NA,NA,NA,"no"
"198",67,18,"mandatory","yes","male",4,4,4,4,4,4,1,NA,4,NA,NA,NA,0,0,1,0,0,0,0,0,0,0,0,0,0,0,0,0,0,0,0,1,0,0,1,0,1,0,1,1,0,1,NA,NA,NA,NA,NA,NA,NA,NA,NA,NA,NA,NA,NA,NA,NA,NA,NA,NA,NA,NA,NA,NA,NA,NA,NA,NA,NA,"1",4,4,4,4,4,"1","0",NA,"Houston, TX",3,2,1,1,1,1,1,1,1,1,4,4,4,4,4,4,4,4,1,1,2,3,"67",3,"","","1",4,2,1,2,4,4,4,4,4,4,4,4,4,4,4,4,2,5,2,2,2,2,2,2,2,2,2,0,1,1,1,0,1,1,0,"no"
"199",68,16,"mandatory","yes","male",2,2,1,2,2,2,1,NA,2,14,NA,NA,0,0,1,0,0,0,0,0,0,0,0,0,1,0,0,0,1,0,0,0,0,0,0,0,0,0,0,1,0,1,NA,NA,NA,NA,NA,NA,NA,NA,NA,NA,NA,NA,NA,NA,NA,NA,NA,NA,NA,NA,NA,NA,NA,NA,NA,NA,NA,"1",5,2,2,2,5,"2","0",NA,"San Antonio",3,2,1,1,1,1,0,1,1,2,1,5,1,1,5,5,1,5,1,1,NA,3,"68",1,"1","1","1",3,5,1,5,1,1,4,2,4,4,3,4,2,2,2,5,1,4,2,1,1,2,2,2,3,1,1,NA,NA,NA,NA,NA,NA,NA,NA,"yes"
"200",50,18,"mandatory","no","male",5,5,5,5,5,5,NA,NA,NA,NA,NA,NA,NA,NA,NA,NA,NA,NA,NA,NA,NA,NA,NA,NA,NA,NA,NA,NA,NA,NA,NA,NA,NA,NA,NA,NA,NA,NA,NA,NA,NA,NA,NA,NA,NA,NA,NA,NA,NA,NA,NA,NA,NA,NA,NA,NA,NA,NA,NA,NA,NA,NA,NA,NA,NA,NA,NA,NA,NA,"",3,3,3,3,3,"","",NA,"",NA,NA,NA,NA,NA,NA,NA,NA,NA,NA,NA,NA,NA,NA,NA,NA,NA,NA,NA,NA,NA,NA,"50+",2,"1","1","",4,8,1,1,NA,NA,NA,NA,NA,NA,NA,NA,NA,NA,NA,NA,2,NA,NA,NA,NA,NA,NA,NA,NA,NA,NA,NA,NA,NA,NA,NA,NA,NA,NA,"no"
"201",58,12,"mandatory","no","female",2,2,5,1,5,2,NA,NA,NA,NA,NA,NA,NA,NA,NA,NA,NA,NA,NA,NA,NA,NA,NA,NA,NA,NA,NA,NA,NA,NA,NA,NA,NA,NA,NA,NA,NA,NA,NA,NA,NA,NA,NA,NA,NA,NA,NA,NA,NA,NA,NA,NA,NA,NA,NA,NA,NA,NA,NA,NA,NA,NA,NA,NA,NA,NA,NA,NA,NA,"",5,5,5,5,5,"","",NA,"",NA,NA,NA,NA,NA,NA,NA,NA,NA,2,3,5,5,1,5,5,5,5,1,3,3,1,"58",1,"","2","",2,8,2,1,5,1,5,5,5,5,5,5,5,5,5,5,2,5,1,NA,NA,NA,NA,NA,NA,NA,NA,NA,NA,NA,NA,NA,NA,NA,NA,"no"
"202",48,12,"mandatory","yes","female",1,NA,4,1,5,5,1,NA,NA,NA,NA,NA,0,0,1,0,0,0,0,0,0,0,0,0,0,0,0,0,0,0,0,0,0,0,0,0,0,0,0,1,0,1,NA,NA,NA,NA,NA,NA,NA,NA,NA,NA,NA,NA,NA,NA,NA,NA,NA,NA,NA,NA,NA,NA,NA,NA,NA,NA,NA,"1",5,5,5,5,5,"1","0",NA,"Houston",1,1,1,1,1,0,0,1,1,2,4,3,3,3,3,1,3,3,1,1,2,1,"48",2,"3","3","",2,1,2,2,4,4,4,5,5,5,4,4,4,4,4,5,2,4,2,1,2,6,6,6,6,1,2,1,1,1,1,1,0,1,0,"yes"
"203",67,16,"mandatory","no","male",1,5,3,1,1,2,NA,NA,NA,NA,NA,NA,NA,NA,NA,NA,NA,NA,NA,NA,NA,NA,NA,NA,NA,NA,NA,NA,NA,NA,NA,NA,NA,NA,NA,NA,NA,NA,NA,NA,NA,NA,NA,NA,NA,NA,NA,NA,NA,NA,NA,NA,NA,NA,NA,NA,NA,NA,NA,NA,NA,NA,NA,NA,NA,NA,NA,NA,NA,"",5,5,5,5,5,"","",NA,"",NA,NA,NA,NA,NA,NA,NA,NA,NA,2,3,2,1,1,1,1,1,1,1,1,3,3,"67",1,"","","1",3,7,1,1,1,1,5,5,1,1,1,5,5,5,5,1,NA,5,1,NA,NA,NA,NA,NA,NA,NA,NA,NA,NA,NA,NA,NA,NA,NA,NA,"yes"
"204",80,16,"mandatory","no","female",1,5,5,1,1,5,NA,NA,NA,NA,NA,NA,NA,NA,NA,NA,NA,NA,NA,NA,NA,NA,NA,NA,NA,NA,NA,NA,NA,NA,NA,NA,NA,NA,NA,NA,NA,NA,NA,NA,NA,NA,NA,NA,NA,NA,NA,NA,NA,NA,NA,NA,NA,NA,NA,NA,NA,NA,NA,NA,NA,NA,NA,NA,NA,NA,NA,NA,NA,"",5,5,5,5,5,"","",NA,"",NA,NA,NA,NA,NA,NA,NA,NA,NA,2,3,3,1,1,2,1,1,5,1,1,2,2,"80",1,"","","2",3,4,2,1,1,1,3,3,1,1,1,5,5,5,5,1,2,4,1,NA,NA,NA,NA,NA,NA,NA,NA,NA,NA,NA,NA,NA,NA,NA,NA,"yes"
"205",58,16,"mandatory","no","female",3,5,3,5,5,5,NA,NA,NA,NA,NA,NA,NA,NA,NA,NA,NA,NA,NA,NA,NA,NA,NA,NA,NA,NA,NA,NA,NA,NA,NA,NA,NA,NA,NA,NA,NA,NA,NA,NA,NA,NA,NA,NA,NA,NA,NA,NA,NA,NA,NA,NA,NA,NA,NA,NA,NA,NA,NA,NA,NA,NA,NA,NA,NA,NA,NA,NA,NA,"",5,5,3,5,5,"","",NA,"",NA,NA,NA,NA,NA,NA,NA,NA,NA,1,2,4,4,5,1,1,3,4,1,1,2,3,"58",1,"","4","",3,3,2,1,1,4,4,5,3,4,4,4,4,1,1,5,2,4,1,NA,NA,NA,NA,NA,NA,NA,NA,NA,NA,NA,NA,NA,NA,NA,NA,"no"
"206",54,16,"mandatory","yes","male",2,5,5,5,5,5,1,NA,NA,NA,NA,NA,0,0,0,0,0,0,0,0,0,0,0,0,1,0,0,0,0,0,0,0,0,0,0,0,0,0,0,1,0,1,NA,NA,NA,NA,NA,NA,NA,NA,NA,NA,NA,NA,NA,NA,NA,NA,NA,NA,NA,NA,NA,NA,NA,NA,NA,NA,NA,"1",5,5,5,5,5,"2","",NA,"San Angelo, TX",2,2,1,1,1,1,1,1,1,1,3,5,1,1,3,1,5,5,1,1,3,2,"54",1,"1","2","",3,4,1,1,4,3,4,4,5,4,4,3,3,1,5,5,2,5,2,2,2,2,4,1,3,1,1,NA,NA,NA,NA,NA,NA,NA,NA,"no"
"207",60,16,"mandatory","yes","female",2,5,5,3,1,2,1,NA,3,10,NA,NA,0,0,0,0,0,0,0,0,1,0,0,0,0,0,0,0,0,0,0,0,0,0,0,0,0,1,0,0,0,1,NA,NA,NA,NA,NA,NA,NA,NA,NA,NA,NA,NA,NA,NA,NA,NA,NA,NA,NA,NA,NA,NA,NA,NA,NA,NA,NA,"2",3,2,2,2,3,"4","None",NA,"Austin",2,1,1,1,1,1,0,1,2,2,2,4,2,4,3,3,5,3,1,2,2,2,"60",1,"","4","",3,4,2,1,3,1,2,2,3,4,4,4,4,2,3,2,2,4,2,1,1,2,4,4,3,3,1,NA,NA,NA,NA,NA,NA,NA,NA,"no"
"208",68,10,"mandatory","yes",NA,NA,4,NA,NA,5,NA,0,3,3,11,4,12,0,0,0,0,0,0,0,0,1,0,0,0,0,0,0,0,0,0,0,0,0,0,0,0,0,0,0,1,0,1,NA,NA,NA,NA,NA,NA,NA,NA,NA,NA,NA,NA,NA,NA,NA,NA,NA,NA,NA,NA,NA,NA,NA,NA,NA,NA,NA,"2",5,NA,NA,NA,NA,"2","0",NA,"Rosenburg",2,1,1,1,1,0,1,1,1,2,NA,NA,5,NA,NA,NA,5,5,1,3,3,2,"68",1,"","","2",1,3,NA,1,4,5,5,NA,5,4,4,5,1,5,5,5,2,5,2,3,2,4,4,4,4,4,1,NA,NA,NA,NA,NA,NA,NA,NA,"yes"
"209",67,18,"mandatory","yes","male",3,5,5,3,3,4,0,2,7,11,7,8,0,0,1,0,0,0,0,0,0,0,0,0,0,0,0,0,0,0,0,0,0,0,0,0,0,1,0,0,0,1,NA,NA,NA,NA,NA,NA,NA,NA,NA,NA,NA,NA,NA,NA,NA,NA,NA,NA,NA,NA,NA,NA,NA,NA,NA,NA,NA,"1",5,5,5,5,5,"2","0",NA,"El Campo, TX",2,1,1,1,1,0,0,1,1,2,5,5,1,1,3,1,5,5,1,1,3,3,"67",1,"","","2",4,4,1,1,1,5,5,5,1,1,5,1,5,5,1,5,2,5,2,1,1,1,5,6,6,2,2,1,1,1,1,1,1,0,0,"yes"
"210",61,16,"mandatory","yes","male",1,3,2,2,1,5,1,NA,4,13,NA,NA,0,0,1,0,0,0,0,0,0,0,0,0,0,0,0,0,0,0,0,0,0,0,0,0,0,1,0,0,0,1,NA,NA,NA,NA,NA,NA,NA,NA,NA,NA,NA,NA,NA,NA,NA,NA,NA,NA,NA,NA,NA,NA,NA,NA,NA,NA,NA,"1",3,3,3,2,5,"2","0",NA,"Silsbee TX",1,1,1,1,1,1,1,1,1,2,3,4,2,3,2,2,4,4,1,1,3,2,"61",2,"0","1","0",3,7,1,1,3,2,1,4,3,3,1,3,3,1,1,1,2,4,2,6,2,1,2,1,1,1,1,NA,NA,NA,NA,NA,NA,NA,NA,"no"
"211",51,12,"mandatory","yes","female",1,3,3,1,2,3,1,NA,3,10,NA,NA,0,0,0,0,0,0,0,0,0,0,0,0,1,0,0,0,0,0,0,0,0,0,0,0,1,0,0,0,0,1,NA,NA,NA,NA,NA,NA,NA,NA,NA,NA,NA,NA,NA,NA,NA,NA,NA,NA,NA,NA,NA,NA,NA,NA,NA,NA,NA,"2",3,1,1,3,1,"4","0",NA,"El Campo, TX",1,1,1,1,1,0,1,1,1,2,3,3,1,2,1,1,5,5,1,3,2,2,"51",1,"","2","",2,3,2,1,1,5,2,3,3,1,3,1,4,4,3,5,2,5,2,1,1,2,5,6,4,5,2,1,1,0,0,1,0,1,0,"no"
"212",62,16,"mandatory","yes","female",1,3,5,3,1,5,0,1,4,9,NA,NA,0,1,1,0,0,0,0,0,1,0,0,1,0,0,0,0,1,0,0,1,0,0,0,0,1,0,0,0,0,2,1,3,2,5,5,NA,1,1,NA,NA,NA,NA,NA,1,NA,NA,NA,1,NA,NA,NA,NA,NA,NA,1,NA,NA,"1",5,NA,NA,5,5,"3","0",NA,"Luling, TX",2,2,1,1,1,1,0,1,2,2,4,3,1,5,4,3,5,5,1,3,3,2,"62",1,"","3","",3,7,2,1,2,1,4,4,5,4,5,4,3,3,4,2,2,4,2,1,1,6,5,6,3,3,2,1,1,1,1,1,0,0,1,"no"
"213",75,18,"mandatory","yes","male",NA,NA,5,NA,NA,NA,1,NA,NA,NA,NA,NA,0,0,1,0,0,0,0,0,0,0,0,1,0,0,0,0,0,0,0,0,0,1,0,1,0,0,0,1,0,1,NA,NA,NA,NA,NA,NA,NA,NA,NA,NA,NA,NA,NA,NA,NA,NA,NA,NA,NA,NA,NA,NA,NA,NA,NA,NA,NA,"1",NA,NA,NA,5,NA,"2","0",NA,"San Antonio",2,1,1,1,1,0,1,1,2,2,3,3,3,1,3,2,NA,4,1,1,3,3,"75",3,"","","1",4,4,1,1,2,1,1,1,3,4,5,1,1,1,3,2,2,4,2,NA,NA,NA,4,6,4,3,2,1,0,0,0,1,0,0,0,"yes"
"214",34,16,"mandatory","yes","female",4,3,1,4,5,2,1,NA,2,10,NA,NA,0,0,1,0,0,0,0,0,0,0,0,0,1,0,0,0,0,0,0,0,0,0,0,0,0,0,0,1,0,2,5,1,3,1,NA,NA,NA,1,NA,1,NA,NA,NA,NA,NA,NA,1,NA,NA,NA,NA,NA,NA,NA,NA,NA,NA,"2",5,3,3,4,5,"2","0",NA,"Round Rock, TX",1,2,1,1,1,1,1,1,2,2,3,4,1,3,3,2,3,5,1,1,3,3,"34",1,"2","2","",3,7,2,3,4,4,1,5,3,1,3,3,4,1,3,4,2,5,2,6,2,6,5,6,5,5,1,NA,NA,NA,NA,NA,NA,NA,NA,"no"
"215",51,18,"mandatory","not applicable","female",NA,NA,NA,NA,NA,NA,NA,NA,NA,NA,NA,NA,NA,NA,NA,NA,NA,NA,NA,NA,NA,NA,NA,NA,NA,NA,NA,NA,NA,NA,NA,NA,NA,NA,NA,NA,NA,NA,NA,NA,NA,NA,NA,NA,NA,NA,NA,NA,NA,NA,NA,NA,NA,NA,NA,NA,NA,NA,NA,NA,NA,NA,NA,NA,NA,NA,NA,NA,NA,"",NA,NA,NA,NA,NA,"","",NA,"",NA,NA,NA,NA,NA,NA,NA,NA,NA,NA,NA,NA,NA,NA,NA,NA,NA,NA,NA,NA,NA,NA,"51",1,"","2","",4,4,2,1,NA,NA,NA,NA,NA,NA,NA,NA,NA,NA,NA,NA,2,NA,3,NA,NA,NA,NA,NA,NA,NA,NA,NA,NA,NA,NA,NA,NA,NA,NA,"yes"
"216",49,16,"mandatory","no","male",2,2,3,3,3,1,NA,NA,NA,NA,NA,NA,NA,NA,NA,NA,NA,NA,NA,NA,NA,NA,NA,NA,NA,NA,NA,NA,NA,NA,NA,NA,NA,NA,NA,NA,NA,NA,NA,NA,NA,NA,NA,NA,NA,NA,NA,NA,NA,NA,NA,NA,NA,NA,NA,NA,NA,NA,NA,NA,NA,NA,NA,NA,NA,NA,NA,NA,NA,"",5,1,1,5,1,"","",NA,"",NA,NA,NA,NA,NA,NA,NA,NA,NA,2,2,2,1,1,2,1,3,3,1,1,3,3,"49",3,"2","1","",3,4,1,1,1,1,4,4,1,1,1,4,4,4,4,4,2,4,1,NA,NA,NA,NA,NA,NA,NA,NA,NA,NA,NA,NA,NA,NA,NA,NA,"yes"
"217",65,18,"mandatory","yes","female",1,4,4,4,2,2,0,2,3,8,7,18,0,0,0,0,0,0,0,0,0,0,0,0,1,0,0,0,1,0,0,0,0,0,0,1,0,0,0,1,0,1,NA,NA,NA,NA,NA,NA,NA,NA,NA,NA,NA,NA,NA,NA,NA,NA,NA,NA,NA,NA,NA,NA,NA,NA,NA,NA,NA,"2",5,3,3,5,2,"5","0",NA,"Austin. TX",2,1,1,1,1,0,0,1,2,2,5,5,1,3,3,3,5,5,1,3,3,3,"65",1,"","","2",4,8,2,1,5,3,3,3,5,5,5,5,3,5,5,4,2,4,2,5,5,3,6,6,6,3,1,NA,NA,NA,NA,NA,NA,NA,NA,"yes"
"218",63,18,"mandatory","no","male",5,5,5,5,5,5,NA,NA,NA,NA,NA,NA,NA,NA,NA,NA,NA,NA,NA,NA,NA,NA,NA,NA,NA,NA,NA,NA,NA,NA,NA,NA,NA,NA,NA,NA,NA,NA,NA,NA,NA,NA,NA,NA,NA,NA,NA,NA,NA,NA,NA,NA,NA,NA,NA,NA,NA,NA,NA,NA,NA,NA,NA,NA,NA,NA,NA,NA,NA,"",5,5,5,5,5,"","",NA,"",NA,NA,NA,NA,NA,NA,NA,NA,NA,2,4,4,3,4,4,2,2,5,1,1,3,3,"63",1,"","","1",4,8,1,1,1,1,5,5,1,1,2,2,4,2,2,5,2,4,1,NA,NA,NA,NA,NA,NA,NA,NA,NA,NA,NA,NA,NA,NA,NA,NA,"yes"
"219",59,12,"mandatory","yes","female",4,4,4,3,5,3,1,NA,4,13,NA,NA,0,0,0,0,0,0,0,0,0,0,0,0,0,0,0,0,0,0,0,1,0,0,1,0,0,0,1,1,0,NA,4,4,4,4,NA,NA,NA,NA,NA,NA,NA,NA,NA,NA,NA,NA,NA,NA,NA,NA,NA,NA,NA,NA,1,NA,NA,"1",4,2,2,4,4,"3","0",NA,"Wharton",2,1,1,1,0,0,1,2,2,2,5,3,2,4,3,1,5,5,1,2,3,NA,"59",1,"","1","",2,8,2,1,4,5,2,4,4,5,5,4,3,4,5,5,2,5,2,1,1,5,6,6,6,6,2,1,1,1,1,1,0,0,0,"no"
"220",69,16,"mandatory","no","female",2,1,1,2,2,2,NA,NA,NA,NA,NA,NA,NA,NA,NA,NA,NA,NA,NA,NA,NA,NA,NA,NA,NA,NA,NA,NA,NA,NA,NA,NA,NA,NA,NA,NA,NA,NA,NA,NA,NA,NA,NA,NA,NA,NA,NA,NA,NA,NA,NA,NA,NA,NA,NA,NA,NA,NA,NA,NA,NA,NA,NA,NA,NA,NA,NA,NA,NA,"",1,1,1,1,1,"","",NA,"",NA,NA,NA,NA,NA,NA,NA,NA,NA,2,2,5,2,1,2,1,1,5,1,1,NA,NA,"69",4,"","","1",3,2,2,1,1,1,5,5,1,1,1,3,3,1,1,1,2,4,1,NA,NA,NA,NA,NA,NA,NA,NA,NA,NA,NA,NA,NA,NA,NA,NA,"yes"
"221",76,12,"mandatory","no","male",1,4,3,1,1,3,NA,NA,NA,NA,NA,NA,NA,NA,NA,NA,NA,NA,NA,NA,NA,NA,NA,NA,NA,NA,NA,NA,NA,NA,NA,NA,NA,NA,NA,NA,NA,NA,NA,NA,NA,NA,NA,NA,NA,NA,NA,NA,NA,NA,NA,NA,NA,NA,NA,NA,NA,NA,NA,NA,NA,NA,NA,NA,NA,NA,NA,NA,NA,"",5,4,4,4,4,"","",NA,"",NA,NA,NA,NA,NA,NA,NA,NA,NA,2,NA,4,3,1,1,1,1,2,1,1,3,3,"76",1,"","","2",2,6,1,1,1,1,1,1,1,1,1,3,1,2,4,1,2,4,1,NA,NA,NA,NA,NA,NA,NA,NA,NA,NA,NA,NA,NA,NA,NA,NA,"no"
"222",65,12,"mandatory","no","female",5,5,1,1,2,3,NA,NA,NA,NA,NA,NA,NA,NA,NA,NA,NA,NA,NA,NA,NA,NA,NA,NA,NA,NA,NA,NA,NA,NA,NA,NA,NA,NA,NA,NA,NA,NA,NA,NA,NA,NA,NA,NA,NA,NA,NA,NA,NA,NA,NA,NA,NA,NA,NA,NA,NA,NA,NA,NA,NA,NA,NA,NA,NA,NA,NA,NA,NA,"",5,5,5,5,5,"","",NA,"",NA,NA,NA,NA,NA,NA,NA,NA,NA,2,4,3,1,3,3,1,1,5,1,1,3,1,"65",3,"","","1",2,6,2,1,3,1,3,5,4,3,3,5,5,5,4,1,2,4,1,NA,NA,NA,NA,NA,NA,NA,NA,NA,NA,NA,NA,NA,NA,NA,NA,"yes"
"223",55,12,"mandatory","no","female",2,3,3,2,1,2,NA,NA,NA,NA,NA,NA,NA,NA,NA,NA,NA,NA,NA,NA,NA,NA,NA,NA,NA,NA,NA,NA,NA,NA,NA,NA,NA,NA,NA,NA,NA,NA,NA,NA,NA,NA,NA,NA,NA,NA,NA,NA,NA,NA,NA,NA,NA,NA,NA,NA,NA,NA,NA,NA,NA,NA,NA,NA,NA,NA,NA,NA,NA,"",5,3,2,1,3,"","",NA,"",NA,NA,NA,NA,NA,NA,NA,NA,NA,2,3,3,3,3,3,2,5,3,1,3,1,1,"55",1,"","2","",2,2,2,1,3,5,5,5,3,3,3,3,2,5,4,5,2,5,1,NA,NA,NA,NA,NA,NA,NA,NA,NA,NA,NA,NA,NA,NA,NA,NA,"no"
"224",64,18,"mandatory","yes","female",1,5,3,1,1,3,1,NA,NA,NA,NA,NA,0,0,0,0,0,0,0,0,0,0,0,0,0,0,0,0,1,0,0,0,0,0,0,0,0,0,0,1,0,1,NA,NA,NA,NA,NA,NA,NA,NA,NA,NA,NA,NA,NA,NA,NA,NA,NA,NA,NA,NA,NA,NA,NA,NA,NA,NA,NA,"1",5,2,3,2,4,"2","0",NA,"Cleburne Texas",2,1,1,0,0,0,1,1,1,2,3,3,3,1,2,4,5,5,1,1,3,3,"64",1,"2","2","",4,4,2,5,4,2,1,2,5,5,5,5,1,1,5,1,1,5,2,1,1,2,6,6,6,3,2,0,1,1,0,1,1,0,1,"yes"
"225",50,18,"mandatory","yes","female",2,3,2,1,2,3,1,NA,3,12,NA,NA,0,0,0,0,0,0,0,0,0,0,0,0,0,0,0,0,1,0,0,0,0,0,0,0,0,1,0,1,0,1,NA,NA,NA,NA,NA,NA,NA,NA,NA,NA,NA,NA,NA,NA,NA,NA,NA,NA,NA,NA,NA,NA,NA,NA,NA,NA,NA,"1",5,5,5,5,5,"5","0",NA,"Burr",2,1,1,1,0,0,0,1,1,2,1,1,1,1,1,1,1,1,1,1,1,1,"50",1,"","1","",4,8,2,1,3,1,3,5,5,4,4,3,5,1,3,2,2,5,2,1,1,2,3,1,1,4,1,NA,NA,NA,NA,NA,NA,NA,NA,"no"
"226",42,16,"mandatory","yes","male",5,5,5,5,5,5,1,NA,7,6,NA,NA,0,0,0,0,0,0,0,0,0,0,0,0,1,0,0,0,0,0,0,0,0,0,0,0,0,1,0,1,0,1,NA,NA,NA,NA,NA,NA,NA,NA,NA,NA,NA,NA,NA,NA,NA,NA,NA,NA,NA,NA,NA,NA,NA,NA,NA,NA,NA,"2",3,3,NA,4,3,"3","0",NA,"Longview",2,1,1,1,1,0,1,1,2,2,1,2,2,3,2,1,5,4,1,1,3,2,"42",1,"2","3","",3,6,1,1,2,5,4,4,3,2,1,5,5,4,4,4,2,5,2,1,1,3,3,NA,3,3,1,NA,NA,NA,NA,NA,NA,NA,NA,"no"
"227",52,16,"mandatory","yes","male",2,5,5,4,5,2,1,NA,NA,NA,NA,NA,0,1,0,0,0,0,0,0,1,0,0,0,0,0,0,0,0,0,0,1,0,0,0,1,0,1,0,0,0,2,NA,NA,NA,NA,NA,NA,NA,NA,NA,NA,NA,NA,NA,NA,NA,NA,NA,NA,NA,NA,NA,NA,NA,NA,NA,NA,NA,"2",5,5,5,4,5,"3","0",NA,"Henderson, TX",2,2,1,1,1,0,0,1,1,2,4,4,2,2,3,2,1,3,1,1,2,1,"52",1,"","2","",3,8,1,1,3,1,3,3,3,3,3,3,3,5,5,5,2,5,2,1,1,2,5,1,1,2,2,1,1,1,1,1,0,0,1,"no"
"228",56,10,"mandatory","yes","female",2,4,NA,1,5,4,1,NA,2,8,NA,NA,0,0,1,0,0,0,0,0,0,0,0,0,1,0,0,0,0,0,0,1,0,0,0,0,0,1,0,0,0,1,NA,NA,NA,NA,NA,NA,NA,NA,NA,NA,NA,NA,NA,NA,NA,NA,NA,NA,NA,NA,NA,NA,NA,NA,NA,NA,NA,"3",3,NA,4,4,4,"6","0",NA,"",2,2,1,1,1,1,1,2,1,2,1,NA,3,3,3,3,3,1,1,1,1,1,"56",1,"","3","",1,3,2,5,1,1,3,5,3,3,3,3,3,3,1,5,1,4,2,1,1,6,6,6,6,6,1,NA,NA,NA,NA,NA,NA,NA,NA,"no"
"229",48,16,"mandatory","yes","male",1,4,4,4,4,3,1,NA,4,13,NA,NA,0,1,0,0,0,0,0,0,0,0,0,0,0,0,0,0,0,0,0,0,0,0,0,0,1,0,0,0,0,1,NA,NA,NA,NA,NA,NA,NA,NA,NA,NA,NA,NA,NA,NA,NA,NA,NA,NA,NA,NA,NA,NA,NA,NA,NA,NA,NA,"2",5,5,5,3,3,"3","1",NA,"San Antonio",3,2,1,1,1,1,1,1,1,2,4,5,2,4,3,4,5,5,1,1,3,1,"48",1,"","2","",3,8,1,1,1,5,5,5,3,2,2,4,4,5,3,4,2,5,2,4,4,4,4,4,4,4,2,1,1,1,1,1,1,1,0,"no"
"230",59,12,"mandatory","yes","female",2,5,5,3,2,3,1,NA,3,11,NA,NA,0,0,0,0,0,0,0,0,0,0,0,0,0,0,0,0,0,0,0,1,0,0,0,0,0,0,0,1,0,1,NA,NA,NA,NA,NA,NA,NA,NA,NA,NA,NA,NA,NA,NA,NA,NA,NA,NA,NA,NA,NA,NA,NA,NA,NA,NA,NA,"3",5,1,1,2,3,"4","0",NA,"Austin",2,2,1,1,1,1,0,1,1,1,1,4,1,3,2,3,5,3,1,2,3,3,"59",3,"1","3","",2,1,2,2,3,4,2,2,3,3,5,4,4,2,2,4,2,4,2,1,1,6,5,1,1,1,1,NA,NA,NA,NA,NA,NA,NA,NA,"no"
"231",82,12,"mandatory","yes","female",5,5,2,2,2,4,1,NA,1,1,NA,NA,0,0,1,0,0,0,0,0,0,0,0,0,0,0,0,0,0,0,0,0,0,0,0,0,0,0,0,1,0,1,NA,NA,NA,NA,NA,NA,NA,NA,NA,NA,NA,NA,NA,NA,NA,NA,NA,NA,NA,NA,NA,NA,NA,NA,NA,NA,NA,"1",3,1,1,3,5,"1","0",NA,"Victoria, TX",2,1,1,1,0,0,0,1,1,2,5,5,5,5,3,5,5,5,1,1,2,1,"82",4,"","","1",2,2,2,1,5,1,1,5,5,5,5,5,5,5,5,1,2,4,2,1,1,2,2,6,2,2,1,NA,NA,NA,NA,NA,NA,NA,NA,"yes"
"232",77,12,"mandatory","yes","male",1,4,2,1,1,2,1,NA,1,12,NA,NA,0,0,0,0,0,0,0,0,0,0,0,0,1,0,0,0,0,0,0,0,0,0,0,0,0,0,1,1,0,2,5,NA,4,NA,NA,NA,NA,1,NA,NA,NA,NA,NA,NA,NA,NA,1,NA,NA,NA,NA,NA,NA,NA,NA,NA,NA,"2",4,1,2,3,4,"2"," 1 RV",NA,"Shiner, TX.",2,4,1,1,1,1,1,1,2,2,2,4,2,3,2,1,5,5,1,1,3,1,"77",1,"","","2",2,3,1,1,3,1,1,2,4,4,5,5,1,1,1,1,2,4,2,NA,2,6,6,1,2,3,1,NA,NA,NA,NA,NA,NA,NA,NA,"no"
"233",52,21,"mandatory","yes","female",1,5,5,4,4,4,0,2,4,16,NA,NA,0,1,0,0,0,0,0,0,0,0,0,1,0,0,0,0,0,0,0,0,0,0,0,0,0,1,0,0,0,1,NA,NA,NA,NA,NA,NA,NA,NA,NA,NA,NA,NA,NA,NA,NA,NA,NA,NA,NA,NA,NA,NA,NA,NA,NA,NA,NA,"2",5,5,5,5,5,"4","0",NA,"Hallettsville",NA,1,1,1,0,0,0,1,1,2,4,4,1,1,3,2,2,5,1,1,3,3,"52",1,"1","2","",5,8,2,1,3,2,2,4,3,3,5,3,3,4,4,2,2,5,2,1,2,3,5,1,1,1,2,1,0,0,0,1,0,0,0,"yes"
"234",55,12,"mandatory","yes","male",2,2,2,1,1,3,0,1,7,24,NA,NA,0,0,0,0,0,0,0,0,0,0,0,0,1,0,0,0,0,0,0,0,0,0,0,0,0,0,0,1,0,1,NA,NA,NA,NA,NA,NA,NA,NA,NA,NA,NA,NA,NA,NA,NA,NA,NA,NA,NA,NA,NA,NA,NA,NA,NA,NA,NA,"2",4,2,1,1,1,"3","0",NA,"Wimer, tx",2,1,NA,1,1,0,0,2,1,2,1,3,1,2,2,1,1,5,1,1,3,3,"55",1,"","","2",2,NA,1,1,1,1,4,5,1,1,5,2,5,3,1,1,2,4,2,5,1,2,6,6,2,1,1,NA,NA,NA,NA,NA,NA,NA,NA,"no"
"235",83,18,"mandatory","yes","male",1,5,3,1,5,2,1,NA,NA,NA,NA,NA,0,0,0,0,0,0,0,0,1,0,0,0,0,0,0,0,0,0,0,0,0,0,0,0,0,0,0,1,0,2,1,5,5,5,1,NA,NA,NA,NA,NA,NA,NA,NA,NA,NA,NA,NA,1,NA,NA,NA,1,NA,NA,NA,NA,NA,"1",5,1,1,5,5,"2","0",NA,"Fredericksburg",2,1,1,1,1,1,1,1,1,2,5,5,1,3,5,5,1,5,1,2,3,2,"83",1,"","","2",4,7,1,1,1,1,1,5,5,3,5,5,3,5,5,5,2,5,2,1,1,5,5,6,5,2,1,NA,NA,NA,NA,NA,NA,NA,NA,"yes"
"236",62,12,"mandatory","no","male",1,3,3,1,1,1,NA,NA,NA,NA,NA,NA,NA,NA,NA,NA,NA,NA,NA,NA,NA,NA,NA,NA,NA,NA,NA,NA,NA,NA,NA,NA,NA,NA,NA,NA,NA,NA,NA,NA,NA,NA,NA,NA,NA,NA,NA,NA,NA,NA,NA,NA,NA,NA,NA,NA,NA,NA,NA,NA,NA,NA,NA,NA,NA,NA,NA,NA,NA,"",5,5,5,5,5,"","",NA,"",NA,NA,NA,NA,NA,NA,NA,NA,NA,2,5,3,1,2,1,1,3,3,1,1,3,3,"62",1,"1","2","",2,8,1,1,1,1,3,4,1,1,1,4,5,5,4,1,2,4,1,NA,NA,NA,NA,NA,NA,NA,NA,NA,NA,NA,NA,NA,NA,NA,NA,"no"
"237",37,12,"mandatory","yes","male",1,3,3,2,1,2,1,NA,4,20,NA,NA,0,1,0,0,0,0,0,1,0,0,0,0,0,0,0,0,0,0,0,0,0,0,0,0,1,0,0,1,0,1,NA,NA,NA,NA,NA,NA,NA,NA,NA,NA,NA,NA,NA,NA,NA,NA,NA,NA,NA,NA,NA,NA,NA,NA,NA,NA,NA,"2",5,3,3,3,4,"2","0",NA,"San Antonio, TX",2,1,1,1,1,0,1,1,1,2,4,5,2,2,3,3,4,5,1,3,3,3,"37",2,"","2","",2,4,1,1,5,4,3,4,5,5,5,4,4,3,3,4,1,4,2,4,2,4,3,4,4,1,1,NA,NA,NA,NA,NA,NA,NA,NA,"yes"
"238",51,16,"mandatory","yes","female",4,3,2,4,4,3,1,NA,NA,NA,NA,NA,0,0,1,0,0,0,0,0,1,0,0,1,1,0,0,0,1,0,0,0,0,0,0,1,1,0,1,1,0,2,3,3,4,5,NA,NA,NA,1,NA,NA,NA,NA,NA,NA,NA,NA,NA,1,NA,NA,NA,1,NA,NA,NA,NA,NA,"1",5,NA,3,4,4,"4","",NA,"Wimberly, TX",2,1,1,1,1,1,1,1,2,2,3,3,2,2,3,1,4,5,1,1,3,2,"51",NA,"","1","",3,3,2,1,3,3,4,4,2,2,3,5,5,2,3,2,2,4,2,1,1,1,6,1,2,6,2,0,0,0,0,0,0,0,1,"no"
"239",65,12,"mandatory","no","male",1,3,2,1,4,5,NA,NA,NA,NA,NA,NA,NA,NA,NA,NA,NA,NA,NA,NA,NA,NA,NA,NA,NA,NA,NA,NA,NA,NA,NA,NA,NA,NA,NA,NA,NA,NA,NA,NA,NA,NA,NA,NA,NA,NA,NA,NA,NA,NA,NA,NA,NA,NA,NA,NA,NA,NA,NA,NA,NA,NA,NA,NA,NA,NA,NA,NA,NA,"",3,1,1,2,3,"","",NA,"",NA,NA,NA,NA,NA,NA,NA,NA,NA,1,1,2,1,1,1,1,1,5,1,1,3,1,"65",1,"","","2",2,1,1,1,1,2,1,1,1,1,1,2,1,1,1,1,2,5,1,NA,NA,NA,NA,NA,NA,NA,NA,NA,NA,NA,NA,NA,NA,NA,NA,"yes"
"240",59,16,"mandatory","yes","female",2,4,4,4,4,4,1,NA,7,12,NA,NA,0,0,1,0,0,0,0,0,0,0,0,0,1,0,0,0,1,0,0,0,0,0,0,0,0,1,1,0,0,1,NA,NA,NA,NA,NA,NA,NA,NA,NA,NA,NA,NA,NA,NA,NA,NA,NA,NA,NA,NA,NA,NA,NA,NA,NA,NA,NA,"2",5,1,1,5,5,"3","0",NA,"El Campo, TX",1,2,1,0,1,0,0,NA,NA,2,5,5,1,5,5,5,1,5,1,1,2,3,"59",2,"","1","",3,1,2,1,5,1,5,5,5,5,5,1,1,5,5,5,2,5,2,1,1,1,6,6,6,4,2,1,1,1,1,1,1,0,1,"no"
"241",60,18,"mandatory","yes","female",5,5,5,5,5,3,1,NA,4,6,NA,NA,0,1,0,0,0,0,0,0,0,0,0,0,1,0,0,0,1,0,0,1,0,0,0,0,0,0,0,1,0,1,NA,NA,NA,NA,NA,NA,NA,NA,NA,NA,NA,NA,NA,NA,NA,NA,NA,NA,NA,NA,NA,NA,NA,NA,NA,NA,NA,"1",5,NA,NA,NA,5,"1","0",NA,"Robinson, TX",1,2,1,1,1,1,1,1,1,2,5,5,4,2,2,5,5,5,1,1,2,3,"60",2,"1","1","",4,1,2,2,5,5,3,5,5,5,5,1,3,1,5,5,2,4,2,1,1,5,5,1,3,1,2,0,0,0,0,0,0,0,1,"yes"
"242",50,16,"mandatory","yes","female",2,4,4,3,1,5,1,NA,7,5,NA,NA,0,0,1,0,0,0,0,0,0,0,0,0,1,0,0,0,0,0,0,1,0,0,0,0,0,1,0,1,0,1,NA,NA,NA,NA,NA,NA,NA,NA,NA,NA,NA,NA,NA,NA,NA,NA,NA,NA,NA,NA,NA,NA,NA,NA,NA,NA,NA,"3",5,1,3,5,5,"3","1",NA,"San Antonio, TX",3,4,1,1,1,1,1,1,2,2,5,5,1,5,4,5,5,5,1,3,3,1,"50",1,"1","2","",3,8,2,1,2,3,1,1,3,3,5,5,1,3,3,1,1,4,2,1,1,2,6,6,6,6,2,1,1,1,0,0,0,0,0,"yes"
"243",61,16,"mandatory","yes","male",3,4,4,4,1,2,1,NA,4,8,NA,NA,0,0,0,0,0,0,0,0,0,0,0,0,1,0,0,0,0,0,0,0,0,0,0,0,0,0,0,1,0,2,4,2,5,5,1,NA,NA,NA,NA,NA,NA,NA,NA,NA,NA,NA,NA,NA,NA,NA,NA,1,NA,NA,NA,NA,NA,"3",5,5,4,4,5,"1","0",NA,"Boiling, TX",2,4,1,1,1,0,0,2,2,2,3,4,3,5,3,4,5,5,1,1,3,1,"61",2,"","2","3",3,2,1,1,2,5,2,5,3,5,5,4,5,1,2,5,2,5,2,1,2,3,4,2,2,1,2,1,1,0,0,1,0,0,0,"no"
"244",78,18,"voluntary","no","female",1,5,4,1,1,3,NA,NA,NA,NA,NA,NA,NA,NA,NA,NA,NA,NA,NA,NA,NA,NA,NA,NA,NA,NA,NA,NA,NA,NA,NA,NA,NA,NA,NA,NA,NA,NA,NA,NA,NA,NA,NA,NA,NA,NA,NA,NA,NA,NA,NA,NA,NA,NA,NA,NA,NA,NA,NA,NA,NA,NA,NA,NA,NA,NA,NA,NA,NA,"",5,4,3,5,5,"","",NA,"",NA,NA,NA,NA,NA,NA,NA,NA,NA,2,3,4,1,3,NA,1,1,5,1,1,2,2,"78",1,"","","2",4,3,2,1,1,1,4,5,3,3,5,5,5,4,5,5,2,4,1,NA,NA,NA,NA,NA,NA,NA,NA,NA,NA,NA,NA,NA,NA,NA,NA,"yes"
"245",41,21,"voluntary","yes","female",NA,2,2,3,2,3,1,NA,4,24,NA,NA,0,0,0,0,0,0,0,0,0,0,0,0,0,0,1,0,0,0,0,0,0,0,0,0,0,0,0,1,0,1,NA,NA,NA,NA,NA,NA,NA,NA,NA,NA,NA,NA,NA,NA,NA,NA,NA,NA,NA,NA,NA,NA,NA,NA,NA,NA,NA,"1",3,3,3,3,5,"1","0",NA,"",3,2,1,1,0,0,0,1,1,1,4,5,3,3,4,3,4,5,1,1,3,3,"41",2,"","2","",5,3,2,1,4,5,5,5,4,5,5,5,4,4,4,5,2,4,2,6,6,6,6,6,6,1,2,1,0,0,1,1,1,1,0,"yes"
"246",75,18,"voluntary","no","male",3,2,2,3,2,2,NA,NA,NA,NA,NA,NA,NA,NA,NA,NA,NA,NA,NA,NA,NA,NA,NA,NA,NA,NA,NA,NA,NA,NA,NA,NA,NA,NA,NA,NA,NA,NA,NA,NA,NA,NA,NA,NA,NA,NA,NA,NA,NA,NA,NA,NA,NA,NA,NA,NA,NA,NA,NA,NA,NA,NA,NA,NA,NA,NA,NA,NA,NA,"",3,2,3,3,2,"","",NA,"",NA,NA,NA,NA,NA,NA,NA,NA,NA,2,1,2,1,1,1,1,1,1,1,2,2,2,"75",1,"","1","1",4,4,1,5,1,1,1,1,1,2,1,1,1,1,1,1,2,4,1,NA,NA,NA,NA,NA,NA,NA,NA,NA,NA,NA,NA,NA,NA,NA,NA,"yes"
"247",80,21,"voluntary","no","male",1,2,1,1,1,1,NA,NA,NA,NA,NA,NA,NA,NA,NA,NA,NA,NA,NA,NA,NA,NA,NA,NA,NA,NA,NA,NA,NA,NA,NA,NA,NA,NA,NA,NA,NA,NA,NA,NA,NA,NA,NA,NA,NA,NA,NA,NA,NA,NA,NA,NA,NA,NA,NA,NA,NA,NA,NA,NA,NA,NA,NA,NA,NA,NA,NA,NA,NA,"",2,2,2,2,2,"","",NA,"",NA,NA,NA,NA,NA,NA,NA,NA,NA,2,1,2,1,1,1,1,2,2,1,1,2,2,"80",1,"","1","",5,5,1,1,1,1,1,1,1,2,1,2,2,1,2,1,2,4,1,NA,NA,NA,NA,NA,NA,NA,NA,NA,NA,NA,NA,NA,NA,NA,NA,"no"
"248",61,21,"voluntary","no","male",1,5,5,3,1,2,NA,NA,NA,NA,NA,NA,NA,NA,NA,NA,NA,NA,NA,NA,NA,NA,NA,NA,NA,NA,NA,NA,NA,NA,NA,NA,NA,NA,NA,NA,NA,NA,NA,NA,NA,NA,NA,NA,NA,NA,NA,NA,NA,NA,NA,NA,NA,NA,NA,NA,NA,NA,NA,NA,NA,NA,NA,NA,NA,NA,NA,NA,NA,"",5,2,4,5,5,"","",NA,"",NA,NA,NA,NA,NA,NA,NA,NA,NA,2,4,4,2,4,3,1,1,4,1,1,3,3,"61",2,"1","2","1",5,2,1,1,1,1,1,4,1,5,5,5,4,1,5,1,1,5,1,NA,NA,NA,NA,NA,NA,NA,NA,NA,NA,NA,NA,NA,NA,NA,NA,"yes"
"249",36,21,"voluntary","no","female",2,4,3,3,2,1,NA,NA,NA,NA,NA,NA,NA,NA,NA,NA,NA,NA,NA,NA,NA,NA,NA,NA,NA,NA,NA,NA,NA,NA,NA,NA,NA,NA,NA,NA,NA,NA,NA,NA,NA,NA,NA,NA,NA,NA,NA,NA,NA,NA,NA,NA,NA,NA,NA,NA,NA,NA,NA,NA,NA,NA,NA,NA,NA,NA,NA,NA,NA,"",5,4,4,4,2,"","",NA,"",NA,NA,NA,NA,NA,NA,NA,NA,NA,2,2,1,1,1,1,1,1,2,1,1,3,2,"36",1,"1","2","0",5,8,2,1,2,1,1,3,2,2,3,3,5,2,3,1,2,5,1,NA,NA,NA,NA,NA,NA,NA,NA,NA,NA,NA,NA,NA,NA,NA,NA,"yes"
"250",20,21,"voluntary","yes","male",1,5,5,5,2,1,1,NA,4,20,NA,NA,0,0,0,0,0,0,0,0,0,0,0,0,0,0,1,0,0,0,0,0,0,0,1,1,0,0,1,1,0,1,NA,NA,NA,NA,NA,NA,NA,NA,NA,NA,NA,NA,NA,NA,NA,NA,NA,NA,NA,NA,NA,NA,NA,NA,NA,NA,NA,"1",5,1,1,1,3,"3","0",1,"Kenedy, TX.",2,1,1,1,1,0,0,1,2,1,2,2,1,1,2,1,1,1,1,1,3,2,"20",2,"","1","",5,7,1,1,3,3,3,3,5,5,4,1,1,2,2,2,2,5,2,1,2,2,4,1,6,6,1,NA,NA,NA,NA,NA,NA,NA,NA,"yes"
"251",37,18,"voluntary","no","female",2,4,3,3,3,3,NA,NA,NA,NA,NA,NA,NA,NA,NA,NA,NA,NA,NA,NA,NA,NA,NA,NA,NA,NA,NA,NA,NA,NA,NA,NA,NA,NA,NA,NA,NA,NA,NA,NA,NA,NA,NA,NA,NA,NA,NA,NA,NA,NA,NA,NA,NA,NA,NA,NA,NA,NA,NA,NA,NA,NA,NA,NA,NA,NA,NA,NA,NA,"",5,2,3,4,4,"","",NA,"",NA,NA,NA,NA,NA,NA,NA,NA,NA,2,4,3,4,4,3,4,5,5,1,1,3,2,"37",1,"","2","",4,8,2,1,2,1,2,4,4,4,3,1,1,2,3,4,2,5,1,NA,NA,NA,NA,NA,NA,NA,NA,NA,NA,NA,NA,NA,NA,NA,NA,"yes"
"252",72,16,"voluntary","yes","male",4,3,3,3,2,2,1,NA,3,8,NA,NA,0,0,0,0,0,0,0,0,0,0,0,0,0,0,0,0,0,1,0,0,0,0,0,0,0,0,0,1,0,1,NA,NA,NA,NA,NA,NA,NA,NA,NA,NA,NA,NA,NA,NA,NA,NA,NA,NA,NA,NA,NA,NA,NA,NA,NA,NA,NA,"1",5,3,2,2,2,"2","1",NA,"Beeville",2,4,1,1,1,1,1,1,2,2,2,2,3,2,5,5,5,5,1,2,3,3,"72",2,"","","1",3,4,1,5,3,5,5,5,3,2,5,5,5,5,5,5,1,5,2,4,4,4,4,4,4,4,2,1,1,0,0,1,0,0,0,"yes"
"253",44,18,"voluntary","no","female",1,5,5,5,5,5,NA,NA,NA,NA,NA,NA,NA,NA,NA,NA,NA,NA,NA,NA,NA,NA,NA,NA,NA,NA,NA,NA,NA,NA,NA,NA,NA,NA,NA,NA,NA,NA,NA,NA,NA,NA,NA,NA,NA,NA,NA,NA,NA,NA,NA,NA,NA,NA,NA,NA,NA,NA,NA,NA,NA,NA,NA,NA,NA,NA,NA,NA,NA,"",5,5,5,5,5,"","",NA,"",NA,NA,NA,NA,NA,NA,NA,NA,NA,2,3,4,2,3,2,1,3,2,1,1,3,2,"44",1,"2","2","2",4,7,2,1,1,5,1,2,3,1,4,5,5,4,4,5,1,4,1,NA,NA,NA,NA,NA,NA,NA,NA,NA,NA,NA,NA,NA,NA,NA,NA,"yes"
"254",60,21,"voluntary","no","female",1,5,5,5,3,5,NA,NA,NA,NA,NA,NA,NA,NA,NA,NA,NA,NA,NA,NA,NA,NA,NA,NA,NA,NA,NA,NA,NA,NA,NA,NA,NA,NA,NA,NA,NA,NA,NA,NA,NA,NA,NA,NA,NA,NA,NA,NA,NA,NA,NA,NA,NA,NA,NA,NA,NA,NA,NA,NA,NA,NA,NA,NA,NA,NA,NA,NA,NA,"",5,5,5,5,5,"","",NA,"",NA,NA,NA,NA,NA,NA,NA,NA,NA,2,3,2,1,1,2,2,3,5,1,1,3,1,"60",4,"1","2","",5,5,2,1,1,1,1,5,5,5,5,4,4,1,5,5,2,4,1,NA,NA,NA,NA,NA,NA,NA,NA,NA,NA,NA,NA,NA,NA,NA,NA,"yes"
"255",32,10,"voluntary","no","female",1,3,2,1,2,3,NA,NA,NA,NA,NA,NA,NA,NA,NA,NA,NA,NA,NA,NA,NA,NA,NA,NA,NA,NA,NA,NA,NA,NA,NA,NA,NA,NA,NA,NA,NA,NA,NA,NA,NA,NA,NA,NA,NA,NA,NA,NA,NA,NA,NA,NA,NA,NA,NA,NA,NA,NA,NA,NA,NA,NA,NA,NA,NA,NA,NA,NA,NA,"",5,5,2,4,2,"","",NA,"",NA,NA,NA,NA,NA,NA,NA,NA,NA,2,4,2,1,3,2,1,3,5,1,1,3,2,"32",1,"3","3","",1,1,2,5,3,1,4,5,4,2,2,3,4,1,4,4,2,5,1,NA,NA,NA,NA,NA,NA,NA,NA,NA,NA,NA,NA,NA,NA,NA,NA,"no"
"256",67,21,"voluntary","yes","male",1,3,3,1,1,2,1,NA,3,12,NA,NA,0,0,0,0,0,0,0,0,0,0,0,0,0,0,1,0,0,0,0,0,0,0,0,0,0,0,0,1,0,1,NA,NA,NA,NA,NA,NA,NA,NA,NA,NA,NA,NA,NA,NA,NA,NA,NA,NA,NA,NA,NA,NA,NA,NA,NA,NA,NA,"3",3,1,3,3,3,"3","0",3,"San Antonio",2,2,1,1,1,1,1,1,2,2,2,2,1,2,2,2,1,5,1,1,3,2,"67",1,"0","1","2",5,6,1,4,1,1,1,1,1,1,1,4,1,1,1,1,2,4,2,1,1,2,2,6,3,3,1,NA,NA,NA,NA,NA,NA,NA,NA,"yes"
"257",55,18,"voluntary","no","female",1,3,2,1,1,2,NA,NA,NA,NA,NA,NA,NA,NA,NA,NA,NA,NA,NA,NA,NA,NA,NA,NA,NA,NA,NA,NA,NA,NA,NA,NA,NA,NA,NA,NA,NA,NA,NA,NA,NA,NA,NA,NA,NA,NA,NA,NA,NA,NA,NA,NA,NA,NA,NA,NA,NA,NA,NA,NA,NA,NA,NA,NA,NA,NA,NA,NA,NA,"",5,3,3,3,5,"","",NA,"",NA,NA,NA,NA,NA,NA,NA,NA,NA,2,2,4,1,1,2,1,1,4,1,1,3,2,"55",1,"","2","",4,7,2,1,1,1,2,4,1,2,1,5,5,5,5,1,2,4,1,NA,NA,NA,NA,NA,NA,NA,NA,NA,NA,NA,NA,NA,NA,NA,NA,"yes"
"258",46,21,"voluntary","yes","female",NA,4,NA,NA,NA,NA,1,NA,4,20,NA,NA,0,1,0,0,0,0,0,0,0,0,0,0,0,0,0,0,0,0,0,0,0,0,NA,NA,NA,NA,NA,NA,NA,NA,NA,NA,NA,NA,NA,NA,1,NA,NA,NA,NA,NA,NA,NA,NA,NA,NA,NA,NA,NA,NA,1,NA,NA,NA,NA,NA,"1",4,3,1,4,1,"2","0",NA,"Edinburg, TX",2,2,1,1,1,1,1,2,1,2,4,5,4,3,5,5,5,5,1,1,3,3,"46",1,"1","","",5,8,2,1,2,1,2,2,2,4,5,5,2,1,3,1,2,4,2,6,3,2,6,6,6,1,2,1,0,0,0,1,0,0,0,"yes"
"259",44,10,"voluntary","no","female",NA,NA,2,NA,NA,NA,NA,NA,NA,NA,NA,NA,NA,NA,NA,NA,NA,NA,NA,NA,NA,NA,NA,NA,NA,NA,NA,NA,NA,NA,NA,NA,NA,NA,NA,NA,NA,NA,NA,NA,NA,NA,NA,NA,NA,NA,NA,NA,NA,NA,NA,NA,NA,NA,NA,NA,NA,NA,NA,NA,NA,NA,NA,NA,NA,NA,NA,NA,NA,"",NA,NA,NA,5,NA,"","",NA,"",NA,NA,NA,NA,NA,NA,NA,NA,NA,1,NA,5,NA,NA,NA,NA,NA,NA,1,NA,2,NA,"44",2,"1","","",1,NA,2,2,NA,NA,NA,NA,NA,4,NA,NA,NA,NA,NA,NA,2,5,1,NA,NA,NA,NA,NA,NA,NA,NA,NA,NA,NA,NA,NA,NA,NA,NA,"yes"
"260",68,16,"voluntary","no","female",1,5,5,1,1,3,NA,NA,NA,NA,NA,NA,NA,NA,NA,NA,NA,NA,NA,NA,NA,NA,NA,NA,NA,NA,NA,NA,NA,NA,NA,NA,NA,NA,NA,NA,NA,NA,NA,NA,NA,NA,NA,NA,NA,NA,NA,NA,NA,NA,NA,NA,NA,NA,NA,NA,NA,NA,NA,NA,NA,NA,NA,NA,NA,NA,NA,NA,NA,"",5,5,5,5,5,"","",NA,"",NA,NA,NA,NA,NA,NA,NA,NA,NA,2,2,5,2,2,1,2,1,5,1,1,3,2,"68",1,"","","2",3,7,2,1,1,1,1,1,1,1,1,1,1,1,1,1,2,4,1,NA,NA,NA,NA,NA,NA,NA,NA,NA,NA,NA,NA,NA,NA,NA,NA,"yes"
"261",68,16,"voluntary","no","female",4,5,5,5,1,5,NA,NA,NA,NA,NA,NA,NA,NA,NA,NA,NA,NA,NA,NA,NA,NA,NA,NA,NA,NA,NA,NA,NA,NA,NA,NA,NA,NA,NA,NA,NA,NA,NA,NA,NA,NA,NA,NA,NA,NA,NA,NA,NA,NA,NA,NA,NA,NA,NA,NA,NA,NA,NA,NA,NA,NA,NA,NA,NA,NA,NA,NA,NA,"",5,NA,NA,NA,5,"","",NA,"",NA,NA,NA,NA,NA,NA,NA,NA,NA,2,NA,NA,NA,NA,NA,NA,NA,5,1,1,3,NA,"68",1,"","","1",3,NA,2,1,NA,NA,NA,NA,NA,NA,NA,5,NA,NA,NA,NA,1,4,1,NA,NA,NA,NA,NA,NA,NA,NA,NA,NA,NA,NA,NA,NA,NA,NA,"no"
"262",47,18,"voluntary","no","female",1,5,5,5,5,4,NA,NA,NA,NA,NA,NA,NA,NA,NA,NA,NA,NA,NA,NA,NA,NA,NA,NA,NA,NA,NA,NA,NA,NA,NA,NA,NA,NA,NA,NA,NA,NA,NA,NA,NA,NA,NA,NA,NA,NA,NA,NA,NA,NA,NA,NA,NA,NA,NA,NA,NA,NA,NA,NA,NA,NA,NA,NA,NA,NA,NA,NA,NA,"",5,4,3,4,5,"","",NA,"",NA,NA,NA,NA,NA,NA,NA,NA,NA,1,3,2,1,1,1,1,1,1,1,1,3,3,"47",1,"4","2","1",4,7,2,1,1,5,5,5,3,3,3,5,5,5,5,5,1,5,1,NA,NA,NA,NA,NA,NA,NA,NA,NA,NA,NA,NA,NA,NA,NA,NA,"yes"
"263",30,16,"voluntary","no","female",1,5,3,4,1,5,NA,NA,NA,NA,NA,NA,NA,NA,NA,NA,NA,NA,NA,NA,NA,NA,NA,NA,NA,NA,NA,NA,NA,NA,NA,NA,NA,NA,NA,NA,NA,NA,NA,NA,NA,NA,NA,NA,NA,NA,NA,NA,NA,NA,NA,NA,NA,NA,NA,NA,NA,NA,NA,NA,NA,NA,NA,NA,NA,NA,NA,NA,NA,"",5,5,5,5,5,"","",NA,"",NA,NA,NA,NA,NA,NA,NA,NA,NA,1,5,5,1,3,2,1,2,5,1,2,3,2,"30",2,"","2","",3,2,2,1,1,1,2,4,1,1,1,5,1,1,3,4,1,5,1,NA,NA,NA,NA,NA,NA,NA,NA,NA,NA,NA,NA,NA,NA,NA,NA,"yes"
"264",60,16,"voluntary","yes","female",1,5,5,1,3,5,1,NA,4,12,NA,NA,0,0,0,0,0,0,0,1,0,0,0,0,0,0,0,0,1,1,0,0,0,0,0,0,0,1,0,1,0,1,NA,NA,NA,NA,NA,NA,NA,NA,NA,NA,NA,NA,NA,NA,NA,NA,NA,NA,NA,NA,NA,NA,NA,NA,NA,NA,NA,"2",5,5,5,5,5,"3","0",NA,"San Antonio, Texas",2,2,1,1,1,1,0,1,2,2,4,5,1,3,3,3,5,4,1,1,3,1,"60",1,"","1","2",3,8,2,1,3,1,1,1,3,3,4,5,1,3,3,3,2,4,2,1,1,6,6,6,6,6,2,1,1,1,1,1,1,0,0,"yes"
"265",69,21,"voluntary","no","female",1,1,1,1,1,1,NA,NA,NA,NA,NA,NA,NA,NA,NA,NA,NA,NA,NA,NA,NA,NA,NA,NA,NA,NA,NA,NA,NA,NA,NA,NA,NA,NA,NA,NA,NA,NA,NA,NA,NA,NA,NA,NA,NA,NA,NA,NA,NA,NA,NA,NA,NA,NA,NA,NA,NA,NA,NA,NA,NA,NA,NA,NA,NA,NA,NA,NA,NA,"",1,1,1,1,1,"","",NA,"",NA,NA,NA,NA,NA,NA,NA,NA,NA,2,1,1,1,1,1,1,1,1,1,NA,2,2,"69",1,"","","2",5,4,2,1,1,1,1,1,1,1,1,1,1,1,2,1,2,4,1,NA,NA,NA,NA,NA,NA,NA,NA,NA,NA,NA,NA,NA,NA,NA,NA,"yes"
"266",62,16,"voluntary","no","female",1,3,3,3,1,4,NA,NA,NA,NA,NA,NA,NA,NA,NA,NA,NA,NA,NA,NA,NA,NA,NA,NA,NA,NA,NA,NA,NA,NA,NA,NA,NA,NA,NA,NA,NA,NA,NA,NA,NA,NA,NA,NA,NA,NA,NA,NA,NA,NA,NA,NA,NA,NA,NA,NA,NA,NA,NA,NA,NA,NA,NA,NA,NA,NA,NA,NA,NA,"",5,2,2,3,3,"","",NA,"",NA,NA,NA,NA,NA,NA,NA,NA,NA,2,3,4,2,2,2,2,2,3,1,1,1,1,"62",1,"","3","",3,7,2,1,1,1,1,4,1,1,1,1,1,1,3,1,1,5,1,NA,NA,NA,NA,NA,NA,NA,NA,NA,NA,NA,NA,NA,NA,NA,NA,"yes"
"267",86,21,"voluntary","no","female",1,5,3,3,1,3,NA,NA,NA,NA,NA,NA,NA,NA,NA,NA,NA,NA,NA,NA,NA,NA,NA,NA,NA,NA,NA,NA,NA,NA,NA,NA,NA,NA,NA,NA,NA,NA,NA,NA,NA,NA,NA,NA,NA,NA,NA,NA,NA,NA,NA,NA,NA,NA,NA,NA,NA,NA,NA,NA,NA,NA,NA,NA,NA,NA,NA,NA,NA,"",5,5,3,4,3,"","",NA,"",NA,NA,NA,NA,NA,NA,NA,NA,NA,2,3,2,3,2,2,2,1,4,1,1,3,3,"86",4,"","","2",5,NA,2,1,4,1,2,5,4,3,3,4,5,4,1,1,2,5,1,NA,NA,NA,NA,NA,NA,NA,NA,NA,NA,NA,NA,NA,NA,NA,NA,"yes"
"268",71,18,"voluntary","no",NA,1,5,5,1,1,5,NA,NA,NA,NA,NA,NA,NA,NA,NA,NA,NA,NA,NA,NA,NA,NA,NA,NA,NA,NA,NA,NA,NA,NA,NA,NA,NA,NA,NA,NA,NA,NA,NA,NA,NA,NA,NA,NA,NA,NA,NA,NA,NA,NA,NA,NA,NA,NA,NA,NA,NA,NA,NA,NA,NA,NA,NA,NA,NA,NA,NA,NA,NA,"",5,3,3,3,5,"","",NA,"",NA,NA,NA,NA,NA,NA,NA,NA,NA,2,3,3,1,2,3,2,1,NA,1,2,1,1,"71",1,"","","2",4,6,NA,1,3,1,3,3,3,3,2,4,4,2,3,2,1,5,1,NA,NA,NA,NA,NA,NA,NA,NA,NA,NA,NA,NA,NA,NA,NA,NA,"yes"
"269",62,16,"voluntary","no","female",1,3,2,2,2,2,NA,NA,NA,NA,NA,NA,NA,NA,NA,NA,NA,NA,NA,NA,NA,NA,NA,NA,NA,NA,NA,NA,NA,NA,NA,NA,NA,NA,NA,NA,NA,NA,NA,NA,NA,NA,NA,NA,NA,NA,NA,NA,NA,NA,NA,NA,NA,NA,NA,NA,NA,NA,NA,NA,NA,NA,NA,NA,NA,NA,NA,NA,NA,"",5,3,3,1,5,"","",NA,"",NA,NA,NA,NA,NA,NA,NA,NA,NA,2,3,5,1,1,1,1,1,1,1,1,3,1,"62",3,"","1","",3,4,2,1,1,1,1,3,3,3,5,2,4,1,1,4,2,5,1,NA,NA,NA,NA,NA,NA,NA,NA,NA,NA,NA,NA,NA,NA,NA,NA,"yes"
"270",55,16,"voluntary","no","female",1,4,3,NA,NA,2,NA,NA,NA,NA,NA,NA,NA,NA,NA,NA,NA,NA,NA,NA,NA,NA,NA,NA,NA,NA,NA,NA,NA,NA,NA,NA,NA,NA,NA,NA,NA,NA,NA,NA,NA,NA,NA,NA,NA,NA,NA,NA,NA,NA,NA,NA,NA,NA,NA,NA,NA,NA,NA,NA,NA,NA,NA,NA,NA,NA,NA,NA,NA,"",5,5,5,3,1,"","",NA,"",NA,NA,NA,NA,NA,NA,NA,NA,NA,NA,4,4,2,3,3,2,2,4,1,1,3,NA,"55",1,"","2","",3,8,2,1,NA,NA,4,4,NA,3,3,NA,NA,NA,NA,NA,2,4,1,NA,NA,NA,NA,NA,NA,NA,NA,NA,NA,NA,NA,NA,NA,NA,NA,"yes"
"271",76,16,"voluntary","no","male",1,5,4,4,2,3,NA,NA,NA,NA,NA,NA,NA,NA,NA,NA,NA,NA,NA,NA,NA,NA,NA,NA,NA,NA,NA,NA,NA,NA,NA,NA,NA,NA,NA,NA,NA,NA,NA,NA,NA,NA,NA,NA,NA,NA,NA,NA,NA,NA,NA,NA,NA,NA,NA,NA,NA,NA,NA,NA,NA,NA,NA,NA,NA,NA,NA,NA,NA,"",5,3,3,2,3,"","",NA,"",NA,NA,NA,NA,NA,NA,NA,NA,NA,2,4,4,1,3,1,1,NA,5,1,1,2,2,"76",1,"","","2",3,3,1,1,1,1,4,5,1,1,2,5,1,1,2,4,2,4,1,NA,NA,NA,NA,NA,NA,NA,NA,NA,NA,NA,NA,NA,NA,NA,NA,"yes"
"272",81,21,"voluntary","yes","female",NA,3,3,1,1,2,1,NA,4,10,NA,NA,0,1,0,0,1,0,0,0,0,0,0,0,0,0,0,0,0,0,0,0,1,0,0,0,0,0,0,1,0,1,NA,NA,NA,NA,NA,NA,NA,NA,NA,NA,NA,NA,NA,NA,NA,NA,NA,NA,NA,NA,NA,NA,NA,NA,NA,NA,NA,"1",5,5,5,5,5,"1","0",NA,"Burleson",2,1,1,1,1,0,0,1,2,2,3,5,2,1,2,1,1,4,1,1,3,2,"81",1,"","","1",5,6,2,1,1,1,3,3,1,2,1,1,2,2,3,1,2,4,2,NA,NA,NA,4,5,2,2,1,NA,NA,NA,NA,NA,NA,NA,NA,"yes"
"273",66,21,"voluntary","no","female",1,2,1,1,1,2,NA,NA,NA,NA,NA,NA,NA,NA,NA,NA,NA,NA,NA,NA,NA,NA,NA,NA,NA,NA,NA,NA,NA,NA,NA,NA,NA,NA,NA,NA,NA,NA,NA,NA,NA,NA,NA,NA,NA,NA,NA,NA,NA,NA,NA,NA,NA,NA,NA,NA,NA,NA,NA,NA,NA,NA,NA,NA,NA,NA,NA,NA,NA,"",2,1,1,2,2,"","",NA,"",NA,NA,NA,NA,NA,NA,NA,NA,NA,2,3,2,2,4,3,2,1,4,1,1,3,3,"66",1,"","2","1",5,8,2,1,1,1,2,3,1,3,2,5,1,2,2,1,2,4,1,NA,NA,NA,NA,NA,NA,NA,NA,NA,NA,NA,NA,NA,NA,NA,NA,"yes"
"274",84,18,"voluntary","no","male",3,5,5,1,1,2,NA,NA,NA,NA,NA,NA,NA,NA,NA,NA,NA,NA,NA,NA,NA,NA,NA,NA,NA,NA,NA,NA,NA,NA,NA,NA,NA,NA,NA,NA,NA,NA,NA,NA,NA,NA,NA,NA,NA,NA,NA,NA,NA,NA,NA,NA,NA,NA,NA,NA,NA,NA,NA,NA,NA,NA,NA,NA,NA,NA,NA,NA,NA,"",5,5,5,5,5,"","",NA,"",NA,NA,NA,NA,NA,NA,NA,NA,NA,2,3,4,1,2,4,5,3,4,1,1,2,2,"84",4,"","4","1",4,4,1,1,5,1,5,5,5,5,5,3,5,5,3,5,1,4,1,NA,NA,NA,NA,NA,NA,NA,NA,NA,NA,NA,NA,NA,NA,NA,NA,"yes"
"275",62,18,"voluntary","yes","male",2,2,2,4,1,1,1,NA,5,8,NA,NA,NA,NA,NA,NA,NA,NA,NA,NA,NA,NA,NA,NA,NA,NA,NA,NA,NA,NA,NA,NA,NA,NA,0,0,0,1,0,0,0,1,NA,NA,NA,NA,NA,NA,NA,NA,NA,NA,NA,NA,NA,NA,NA,NA,NA,NA,NA,NA,NA,NA,NA,NA,NA,NA,NA,"1",4,4,4,2,4,"2","0",NA,"Hebbronville",2,1,1,1,1,1,1,1,1,2,3,3,1,1,2,3,2,3,1,1,2,1,"62",1,"","2","",4,6,1,1,1,2,4,4,2,2,3,4,4,4,4,2,NA,4,2,1,3,6,6,6,6,1,2,1,1,1,0,1,0,0,0,"yes"
"276",70,18,"voluntary","yes","female",3,4,3,3,1,4,1,NA,5,9,NA,NA,0,0,0,0,0,0,0,0,0,0,0,0,0,0,1,0,0,0,0,0,0,0,0,0,0,0,1,1,0,1,NA,NA,NA,NA,NA,NA,NA,NA,NA,NA,NA,NA,NA,NA,NA,NA,NA,NA,NA,NA,NA,NA,NA,NA,NA,NA,NA,"1",5,5,3,5,5,"2","",NA,"Waco",2,1,1,1,0,0,0,1,1,2,3,3,1,2,3,1,1,5,1,1,2,3,"70",1,"","","2",4,8,2,1,3,1,3,5,NA,4,2,3,3,2,3,2,2,4,2,1,1,2,4,6,5,1,1,NA,NA,NA,NA,NA,NA,NA,NA,"yes"
"277",47,16,"voluntary","no","female",2,5,5,4,4,5,NA,NA,NA,NA,NA,NA,NA,NA,NA,NA,NA,NA,NA,NA,NA,NA,NA,NA,NA,NA,NA,NA,NA,NA,NA,NA,NA,NA,NA,NA,NA,NA,NA,NA,NA,NA,NA,NA,NA,NA,NA,NA,NA,NA,NA,NA,NA,NA,NA,NA,NA,NA,NA,NA,NA,NA,NA,NA,NA,NA,NA,NA,NA,"",5,5,5,5,5,"","",NA,"",NA,NA,NA,NA,NA,NA,NA,NA,NA,2,3,2,2,1,3,1,4,3,1,1,3,2,"47",1,"2","3","",3,8,2,1,1,1,1,1,1,1,1,1,1,1,1,1,1,4,1,NA,NA,NA,NA,NA,NA,NA,NA,NA,NA,NA,NA,NA,NA,NA,NA,"yes"
"278",81,21,"voluntary","yes","male",1,4,3,NA,1,2,1,NA,2,7,NA,NA,0,1,1,0,0,0,0,0,0,0,0,0,0,0,0,0,0,0,0,0,0,0,0,0,0,0,0,1,0,1,NA,NA,NA,NA,NA,NA,NA,NA,NA,NA,NA,NA,NA,NA,NA,NA,NA,NA,NA,NA,NA,NA,NA,NA,NA,NA,NA,"1",4,3,3,4,4,"1","0",NA,"Brenham",2,1,1,1,1,1,1,1,1,1,3,5,1,3,3,4,NA,5,1,2,3,2,"81",2,"","","1",5,2,1,1,5,NA,4,4,3,4,4,5,1,3,4,4,2,4,2,NA,NA,NA,5,NA,NA,NA,NA,1,0,0,0,1,0,0,0,"yes"
"279",66,12,"voluntary","no","female",NA,4,3,NA,NA,NA,NA,NA,NA,NA,NA,NA,NA,NA,NA,NA,NA,NA,NA,NA,NA,NA,NA,NA,NA,NA,NA,NA,NA,NA,NA,NA,NA,NA,NA,NA,NA,NA,NA,NA,NA,NA,NA,NA,NA,NA,NA,NA,NA,NA,NA,NA,NA,NA,NA,NA,NA,NA,NA,NA,NA,NA,NA,NA,NA,NA,NA,NA,NA,"",NA,3,NA,5,NA,"","",NA,"",NA,NA,NA,NA,NA,NA,NA,NA,NA,1,1,1,1,1,1,1,1,5,1,2,1,1,"66",3,"","","1",2,3,2,1,1,1,5,5,2,2,4,2,5,1,1,5,2,4,1,NA,NA,NA,NA,NA,NA,NA,NA,NA,NA,NA,NA,NA,NA,NA,NA,"yes"
"280",63,16,"voluntary","no","male",1,3,3,1,1,2,NA,NA,NA,NA,NA,NA,NA,NA,NA,NA,NA,NA,NA,NA,NA,NA,NA,NA,NA,NA,NA,NA,NA,NA,NA,NA,NA,NA,NA,NA,NA,NA,NA,NA,NA,NA,NA,NA,NA,NA,NA,NA,NA,NA,NA,NA,NA,NA,NA,NA,NA,NA,NA,NA,NA,NA,NA,NA,NA,NA,NA,NA,NA,"",4,1,1,3,3,"","",NA,"",NA,NA,NA,NA,NA,NA,NA,NA,NA,2,NA,5,1,1,5,1,5,5,1,1,3,2,"63",1,"","1","",3,8,1,4,1,1,5,5,5,5,1,1,1,5,5,1,1,4,1,NA,NA,NA,NA,NA,NA,NA,NA,NA,NA,NA,NA,NA,NA,NA,NA,"yes"
"281",61,16,"voluntary","yes","female",1,2,3,1,1,3,1,NA,3,18,NA,NA,0,0,0,0,0,0,0,0,0,0,0,0,0,0,1,0,0,0,0,0,0,0,0,0,1,0,0,1,0,1,NA,NA,NA,NA,NA,NA,NA,NA,NA,NA,NA,NA,NA,NA,NA,NA,NA,NA,NA,NA,NA,NA,NA,NA,NA,NA,NA,"1",1,1,2,3,3,"2","0",NA,"San Antonio",2,1,1,1,1,0,0,1,1,2,2,2,1,1,2,1,2,2,1,2,2,2,"61",1,"","2","",3,4,2,3,1,1,1,1,1,1,2,2,1,2,2,1,2,4,2,3,3,5,5,5,4,1,1,NA,NA,NA,NA,NA,NA,NA,NA,"yes"
"282",77,21,"voluntary","no",NA,1,3,2,1,1,3,NA,NA,NA,NA,NA,NA,NA,NA,NA,NA,NA,NA,NA,NA,NA,NA,NA,NA,NA,NA,NA,NA,NA,NA,NA,NA,NA,NA,NA,NA,NA,NA,NA,NA,NA,NA,NA,NA,NA,NA,NA,NA,NA,NA,NA,NA,NA,NA,NA,NA,NA,NA,NA,NA,NA,NA,NA,NA,NA,NA,NA,NA,NA,"",3,3,3,2,3,"","",NA,"",NA,NA,NA,NA,NA,NA,NA,NA,NA,2,2,3,1,1,2,1,1,3,1,1,3,3,"77",1,"","","1",5,8,NA,1,1,1,1,1,2,2,2,2,2,1,1,1,2,4,1,NA,NA,NA,NA,NA,NA,NA,NA,NA,NA,NA,NA,NA,NA,NA,NA,"yes"
"283",72,16,"voluntary","yes","female",5,5,1,1,1,5,1,NA,4,15,NA,NA,0,0,0,0,0,0,0,0,0,0,0,0,0,0,1,0,0,0,0,0,0,0,0,0,0,1,1,0,0,1,NA,NA,NA,NA,NA,NA,NA,NA,NA,NA,NA,NA,NA,NA,NA,NA,NA,NA,NA,NA,NA,NA,NA,NA,NA,NA,NA,"1",5,1,1,1,1,"1","0",NA,"Austin",2,1,1,1,1,0,0,1,1,1,5,5,1,4,3,5,5,5,1,2,3,2,"72",3,"","","1",3,5,2,1,5,5,5,5,5,5,5,5,5,5,5,5,2,4,2,6,3,5,5,1,3,1,2,1,0,0,0,1,0,0,0,"yes"
"284",70,16,"voluntary","yes","male",NA,NA,3,NA,NA,NA,1,NA,5,10,NA,NA,0,1,0,0,0,0,0,0,0,0,0,0,0,0,0,0,0,0,0,0,0,0,0,0,0,0,0,1,0,1,NA,NA,NA,NA,NA,NA,NA,NA,NA,NA,NA,NA,NA,NA,NA,NA,NA,NA,NA,NA,NA,NA,NA,NA,NA,NA,NA,"1",5,NA,NA,NA,NA,"2","",NA,"",1,2,1,1,1,1,0,1,2,2,4,4,3,3,4,2,5,4,1,1,3,2,"70",1,"","","1",3,NA,1,1,NA,1,2,4,NA,5,1,3,1,5,5,3,2,NA,2,1,1,3,4,5,2,3,1,NA,NA,NA,NA,NA,NA,NA,NA,"yes"
"285",74,10,"voluntary","no","female",1,5,5,1,1,4,NA,NA,NA,NA,NA,NA,NA,NA,NA,NA,NA,NA,NA,NA,NA,NA,NA,NA,NA,NA,NA,NA,NA,NA,NA,NA,NA,NA,NA,NA,NA,NA,NA,NA,NA,NA,NA,NA,NA,NA,NA,NA,NA,NA,NA,NA,NA,NA,NA,NA,NA,NA,NA,NA,NA,NA,NA,NA,NA,NA,NA,NA,NA,"",5,1,1,5,5,"","",NA,"",NA,NA,NA,NA,NA,NA,NA,NA,NA,2,5,5,1,2,2,1,1,5,1,1,3,3,"74",1,"","","2",1,1,2,1,2,5,5,5,2,1,5,2,2,2,5,5,1,4,1,NA,NA,NA,NA,NA,NA,NA,NA,NA,NA,NA,NA,NA,NA,NA,NA,"no"
"286",60,18,"voluntary","yes","female",1,2,2,3,3,4,0,1,4,19,NA,NA,0,0,1,0,0,0,0,0,0,0,0,0,0,0,0,0,0,0,0,0,0,0,0,0,0,0,1,1,0,1,NA,NA,NA,NA,NA,NA,NA,NA,NA,NA,NA,NA,NA,NA,NA,NA,NA,NA,NA,NA,NA,NA,NA,NA,NA,NA,NA,"1",3,2,1,2,1,"1","0",NA,"Austin",2,1,1,1,1,0,0,1,1,2,5,5,5,5,5,5,5,5,1,1,3,3,"60",2,"","1","",4,5,2,1,3,1,1,1,3,4,3,5,1,3,5,1,1,4,2,5,2,1,3,6,2,3,1,NA,NA,NA,NA,NA,NA,NA,NA,"yes"
"287",67,21,"voluntary","yes","female",2,3,3,2,2,3,1,NA,4,14,NA,NA,0,0,0,0,0,0,0,0,0,0,0,0,0,0,1,0,1,0,0,0,0,0,0,0,0,0,0,1,0,1,NA,NA,NA,NA,NA,NA,NA,NA,NA,NA,NA,NA,NA,NA,NA,NA,NA,NA,NA,NA,NA,NA,NA,NA,NA,NA,NA,"1",5,5,5,4,4,"1","0",NA,"San Marcos, TX",2,1,1,1,1,0,0,1,1,2,2,3,1,1,2,2,1,4,1,1,2,1,"67",3,"","","1",5,3,2,1,2,1,2,2,3,3,2,3,1,2,3,2,2,4,2,1,1,1,5,4,2,1,2,1,0,0,0,0,1,0,0,"yes"
"288",60,21,"voluntary","yes",NA,NA,5,5,NA,NA,5,1,NA,5,15,NA,NA,0,0,0,0,0,0,0,0,0,0,0,0,0,0,1,0,0,0,0,0,0,0,1,0,0,0,1,1,0,1,NA,NA,NA,NA,NA,NA,NA,NA,NA,NA,NA,NA,NA,NA,NA,NA,NA,NA,NA,NA,NA,NA,NA,NA,NA,NA,NA,"1",5,NA,NA,5,5,"2","0",NA,"San Antonio",2,1,1,NA,NA,NA,NA,1,1,2,3,3,2,4,3,1,5,5,1,1,3,3,"60",1,"","2","",5,NA,NA,1,4,1,1,3,4,4,5,NA,NA,5,5,2,2,4,2,1,1,2,4,6,6,6,1,NA,NA,NA,NA,NA,NA,NA,NA,"yes"
"289",41,16,"voluntary","yes","male",1,1,1,1,1,2,0,3,1,11,NA,11,0,1,0,0,0,0,0,0,0,0,0,0,0,0,0,0,0,0,0,0,0,0,0,0,0,0,0,1,0,2,NA,NA,NA,NA,3,1,NA,NA,NA,NA,NA,NA,NA,NA,NA,NA,NA,NA,NA,NA,NA,NA,NA,NA,NA,NA,NA,"1",3,1,1,2,3,"3","0",1,"San Antonio",2,2,1,0,1,1,0,1,1,1,2,3,1,1,2,2,1,2,1,1,3,1,"41",2,"","","2",3,1,1,3,3,3,1,2,3,3,2,3,2,1,3,3,2,5,2,1,6,2,3,4,3,1,1,NA,NA,NA,NA,NA,NA,NA,NA,"yes"
"290",21,16,"voluntary","yes","male",1,2,2,1,3,3,1,NA,4,19,NA,NA,0,0,0,0,0,0,0,0,0,0,0,0,0,0,1,0,1,0,0,0,0,0,0,0,1,0,0,1,0,1,NA,NA,NA,NA,NA,NA,NA,NA,NA,NA,NA,NA,NA,NA,NA,NA,NA,NA,NA,NA,NA,NA,NA,NA,NA,NA,NA,"2",2,2,2,3,4,"5","0",NA,"Pearsall, Texas",2,2,1,1,1,1,0,1,2,2,5,5,2,3,3,2,3,5,1,2,2,NA,"21",2,"1","6","",3,8,1,3,4,1,1,1,5,5,5,4,2,2,4,2,2,4,2,1,1,4,5,6,4,3,NA,0,0,0,0,0,1,0,0,"yes"
"291",66,18,"voluntary","yes","female",1,4,3,1,1,4,1,NA,3,13,NA,NA,NA,NA,NA,NA,NA,NA,NA,NA,NA,NA,NA,NA,NA,NA,NA,NA,NA,NA,NA,NA,NA,NA,0,0,0,0,0,1,0,1,NA,NA,NA,NA,NA,NA,NA,NA,NA,NA,NA,NA,NA,NA,NA,NA,NA,NA,NA,NA,NA,NA,NA,NA,NA,NA,NA,"2",5,5,5,5,5,"3","0",NA,"McAllen",2,1,1,1,1,0,0,1,2,2,5,5,3,3,3,4,1,5,1,1,3,1,"66",1,"","1","2",4,8,2,1,5,1,3,3,5,4,5,5,4,4,4,3,1,5,2,1,1,2,5,6,3,3,1,NA,NA,NA,NA,NA,NA,NA,NA,"yes"
"292",50,18,"voluntary","yes","male",1,4,4,4,2,2,1,NA,3,23,NA,NA,0,1,0,0,0,1,0,0,0,0,0,0,0,0,0,0,0,1,0,0,0,0,0,0,0,0,0,1,0,1,NA,NA,NA,NA,NA,NA,NA,NA,NA,NA,NA,NA,NA,NA,NA,NA,NA,NA,NA,NA,NA,NA,NA,NA,NA,NA,NA,"3",5,5,5,5,5,"4","0",NA,"Encinal, Tx",3,4,1,1,1,0,0,2,2,2,3,5,1,1,4,1,3,5,1,1,3,1,"50",1,"2","7","0",4,6,1,1,1,1,1,1,3,2,3,4,1,1,1,1,2,4,2,6,4,3,6,6,3,1,2,1,1,1,0,1,0,1,0,"no"
"293",73,NA,"voluntary","no",NA,1,3,1,1,1,1,NA,NA,NA,NA,NA,NA,NA,NA,NA,NA,NA,NA,NA,NA,NA,NA,NA,NA,NA,NA,NA,NA,NA,NA,NA,NA,NA,NA,NA,NA,NA,NA,NA,NA,NA,NA,NA,NA,NA,NA,NA,NA,NA,NA,NA,NA,NA,NA,NA,NA,NA,NA,NA,NA,NA,NA,NA,NA,NA,NA,NA,NA,NA,"",5,NA,NA,NA,NA,"","",NA,"",NA,NA,NA,NA,NA,NA,NA,NA,NA,2,5,5,NA,NA,NA,NA,NA,5,1,1,1,NA,"73",1,"","","x",NA,NA,NA,5,1,NA,NA,NA,NA,NA,NA,NA,NA,NA,NA,NA,1,4,1,NA,NA,NA,NA,NA,NA,NA,NA,NA,NA,NA,NA,NA,NA,NA,NA,"yes"
"294",55,18,"voluntary","no","male",3,3,3,3,1,3,NA,NA,NA,NA,NA,NA,NA,NA,NA,NA,NA,NA,NA,NA,NA,NA,NA,NA,NA,NA,NA,NA,NA,NA,NA,NA,NA,NA,NA,NA,NA,NA,NA,NA,NA,NA,NA,NA,NA,NA,NA,NA,NA,NA,NA,NA,NA,NA,NA,NA,NA,NA,NA,NA,NA,NA,NA,NA,NA,NA,NA,NA,NA,"",4,4,4,4,4,"","",NA,"",NA,NA,NA,NA,NA,NA,NA,NA,NA,2,3,5,5,5,4,4,5,5,1,2,3,2,"55",1,"1","2","2",4,8,1,1,4,2,5,5,4,4,4,5,5,5,5,2,2,5,1,NA,NA,NA,NA,NA,NA,NA,NA,NA,NA,NA,NA,NA,NA,NA,NA,"yes"
"295",63,16,"voluntary","no","male",1,4,3,3,3,3,NA,NA,NA,NA,NA,NA,NA,NA,NA,NA,NA,NA,NA,NA,NA,NA,NA,NA,NA,NA,NA,NA,NA,NA,NA,NA,NA,NA,NA,NA,NA,NA,NA,NA,NA,NA,NA,NA,NA,NA,NA,NA,NA,NA,NA,NA,NA,NA,NA,NA,NA,NA,NA,NA,NA,NA,NA,NA,NA,NA,NA,NA,NA,"",4,3,3,4,4,"","",NA,"",NA,NA,NA,NA,NA,NA,NA,NA,NA,2,3,3,3,5,5,5,5,5,1,1,3,2,"63",1,"","2","",3,2,1,NA,4,5,3,4,4,4,4,4,2,4,4,5,1,5,1,NA,NA,NA,NA,NA,NA,NA,NA,NA,NA,NA,NA,NA,NA,NA,NA,"yes"
"296",56,21,"voluntary","yes","male",1,3,1,4,1,2,1,NA,4,12,NA,NA,0,0,0,0,0,0,0,0,0,0,0,0,0,0,1,0,0,0,0,0,0,0,0,0,0,1,0,0,0,1,NA,NA,NA,NA,NA,NA,NA,NA,NA,NA,NA,NA,NA,NA,NA,NA,NA,NA,NA,NA,NA,NA,NA,NA,NA,NA,NA,"2",4,3,3,3,4,"5","0",NA,"Beerville",1,4,1,1,1,0,0,1,2,2,2,3,1,1,3,1,3,5,1,1,3,3,"56",1,"","3","",5,8,1,1,1,1,1,3,1,1,2,4,2,3,5,1,1,4,2,1,1,3,4,6,2,2,1,NA,NA,NA,NA,NA,NA,NA,NA,"yes"
"297",35,18,"voluntary","no","male",1,1,3,3,1,2,NA,NA,NA,NA,NA,NA,NA,NA,NA,NA,NA,NA,NA,NA,NA,NA,NA,NA,NA,NA,NA,NA,NA,NA,NA,NA,NA,NA,NA,NA,NA,NA,NA,NA,NA,NA,NA,NA,NA,NA,NA,NA,NA,NA,NA,NA,NA,NA,NA,NA,NA,NA,NA,NA,NA,NA,NA,NA,NA,NA,NA,NA,NA,"",5,5,5,4,4,"","",NA,"",NA,NA,NA,NA,NA,NA,NA,NA,NA,2,2,2,3,3,1,1,4,4,1,1,3,3,"35",2,"","1","",4,7,1,1,3,1,2,4,4,4,4,4,2,3,4,2,2,5,1,NA,NA,NA,NA,NA,NA,NA,NA,NA,NA,NA,NA,NA,NA,NA,NA,"yes"
"298",56,18,"voluntary","no","male",1,4,4,NA,2,5,NA,NA,NA,NA,NA,NA,NA,NA,NA,NA,NA,NA,NA,NA,NA,NA,NA,NA,NA,NA,NA,NA,NA,NA,NA,NA,NA,NA,NA,NA,NA,NA,NA,NA,NA,NA,NA,NA,NA,NA,NA,NA,NA,NA,NA,NA,NA,NA,NA,NA,NA,NA,NA,NA,NA,NA,NA,NA,NA,NA,NA,NA,NA,"",1,1,1,1,1,"","",NA,"",NA,NA,NA,NA,NA,NA,NA,NA,NA,2,3,2,NA,NA,NA,NA,NA,NA,1,1,3,1,"56",1,"","2","",4,4,1,1,1,1,4,5,1,1,1,1,1,1,1,3,2,4,1,NA,NA,NA,NA,NA,NA,NA,NA,NA,NA,NA,NA,NA,NA,NA,NA,"yes"
"299",65,21,"voluntary","yes","male",2,3,3,2,1,1,1,NA,3,22,NA,NA,0,0,0,0,0,0,0,0,0,0,0,0,0,0,0,0,1,0,0,0,0,0,0,0,1,0,0,0,0,1,NA,NA,NA,NA,NA,NA,NA,NA,NA,NA,NA,NA,NA,NA,NA,NA,NA,NA,NA,NA,NA,NA,NA,NA,NA,NA,NA,"1",5,5,5,5,5,"2","0",NA,"Laredo, TX",2,2,1,1,1,1,0,1,2,2,3,3,1,1,1,1,1,3,1,1,3,3,"65",1,"1","0","2",5,6,1,1,3,NA,NA,NA,5,3,4,NA,NA,NA,NA,NA,2,4,2,1,1,2,5,6,3,3,1,NA,NA,NA,NA,NA,NA,NA,NA,"yes"
"300",46,18,"voluntary","yes","female",1,3,3,3,3,2,1,NA,4,14,NA,NA,0,0,0,0,0,0,0,0,0,0,0,0,0,0,1,0,0,0,0,0,0,0,0,0,0,0,1,1,0,1,NA,NA,NA,NA,NA,NA,NA,NA,NA,NA,NA,NA,NA,NA,NA,NA,NA,NA,NA,NA,NA,NA,NA,NA,NA,NA,NA,"1",5,5,5,5,5,"2","0",NA,"San Antonio",2,1,1,1,1,1,1,1,2,2,2,3,2,2,2,3,3,4,1,1,3,1,"46",3,"1","","",4,7,2,1,3,1,1,4,3,4,4,2,1,2,4,1,2,4,2,6,3,5,5,5,1,5,1,NA,NA,NA,NA,NA,NA,NA,NA,"yes"
"301",63,18,"voluntary","no","male",5,5,5,5,1,5,NA,NA,NA,NA,NA,NA,NA,NA,NA,NA,NA,NA,NA,NA,NA,NA,NA,NA,NA,NA,NA,NA,NA,NA,NA,NA,NA,NA,NA,NA,NA,NA,NA,NA,NA,NA,NA,NA,NA,NA,NA,NA,NA,NA,NA,NA,NA,NA,NA,NA,NA,NA,NA,NA,NA,NA,NA,NA,NA,NA,NA,NA,NA,"",5,5,5,4,5,"","",NA,"",NA,NA,NA,NA,NA,NA,NA,NA,NA,2,3,5,2,2,3,2,5,5,1,1,3,3,"63",1,"","2","",4,8,1,1,3,1,4,4,3,3,3,1,1,3,3,1,2,5,1,NA,NA,NA,NA,NA,NA,NA,NA,NA,NA,NA,NA,NA,NA,NA,NA,"yes"
"302",71,21,"voluntary","no","male",1,2,5,5,2,2,NA,NA,NA,NA,NA,NA,NA,NA,NA,NA,NA,NA,NA,NA,NA,NA,NA,NA,NA,NA,NA,NA,NA,NA,NA,NA,NA,NA,NA,NA,NA,NA,NA,NA,NA,NA,NA,NA,NA,NA,NA,NA,NA,NA,NA,NA,NA,NA,NA,NA,NA,NA,NA,NA,NA,NA,NA,NA,NA,NA,NA,NA,NA,"",5,3,4,2,5,"","",NA,"",NA,NA,NA,NA,NA,NA,NA,NA,NA,2,3,4,1,1,2,1,5,5,1,1,3,1,"71",1,"","","2",5,8,1,1,2,1,1,2,2,2,2,3,3,2,4,1,2,5,1,NA,NA,NA,NA,NA,NA,NA,NA,NA,NA,NA,NA,NA,NA,NA,NA,"yes"
"303",68,21,"voluntary","yes","male",1,3,5,3,1,2,0,2,NA,6,NA,19,0,0,0,0,0,0,0,0,0,0,0,0,0,0,0,0,1,0,0,0,0,0,1,1,0,0,1,1,0,1,NA,NA,NA,NA,NA,NA,NA,NA,NA,NA,NA,NA,NA,NA,NA,NA,NA,NA,NA,NA,NA,NA,NA,NA,NA,NA,NA,"2",5,5,NA,5,5,"2","0",NA,"San Antonio",2,2,1,1,1,1,1,1,2,2,5,5,3,1,4,4,5,5,1,1,3,3,"68",1,"0","1","1",5,8,1,1,1,1,1,2,1,5,5,4,4,3,3,1,2,4,2,6,4,6,6,6,6,3,2,1,0,0,0,0,1,0,0,"yes"
"304",50,12,"voluntary","no","female",NA,NA,NA,NA,NA,2,NA,NA,NA,NA,NA,NA,NA,NA,NA,NA,NA,NA,NA,NA,NA,NA,NA,NA,NA,NA,NA,NA,NA,NA,NA,NA,NA,NA,NA,NA,NA,NA,NA,NA,NA,NA,NA,NA,NA,NA,NA,NA,NA,NA,NA,NA,NA,NA,NA,NA,NA,NA,NA,NA,NA,NA,NA,NA,NA,NA,NA,NA,NA,"",5,5,5,5,5,"","",NA,"",NA,NA,NA,NA,NA,NA,NA,NA,NA,2,5,5,3,1,5,1,5,5,1,1,2,3,"50",1,"1","3","",2,2,2,1,5,5,5,5,5,5,5,5,5,5,5,5,1,4,1,NA,NA,NA,NA,NA,NA,NA,NA,NA,NA,NA,NA,NA,NA,NA,NA,"no"
"305",74,21,"voluntary","yes","female",3,5,2,1,1,5,1,NA,4,23,NA,NA,0,0,0,0,0,0,0,0,0,0,0,0,0,0,0,0,1,0,0,0,0,0,0,0,0,0,0,1,0,1,NA,NA,NA,NA,NA,NA,NA,NA,NA,NA,NA,NA,NA,NA,NA,NA,NA,NA,NA,NA,NA,NA,NA,NA,NA,NA,NA,"2",NA,3,NA,5,5,"2","0",NA,"Corpus Christi",NA,4,1,NA,NA,NA,NA,1,1,2,NA,5,4,1,2,1,1,2,1,1,3,2,"73 and 75",1,"","","",5,8,2,1,NA,1,1,1,NA,NA,NA,NA,5,1,1,1,2,5,2,1,NA,1,1,6,NA,NA,1,NA,NA,NA,NA,NA,NA,NA,NA,"yes"
"306",NA,18,"voluntary","yes",NA,NA,5,NA,5,5,NA,1,NA,4,9,NA,NA,0,0,0,0,0,0,1,0,0,0,0,0,0,0,0,0,0,0,0,0,0,0,0,1,0,0,0,0,0,1,NA,NA,NA,NA,NA,NA,NA,NA,NA,NA,NA,NA,NA,NA,NA,NA,NA,NA,NA,NA,NA,NA,NA,NA,NA,NA,NA,"1",5,NA,NA,NA,NA,"2","0",NA,"Del Rio",2,2,1,1,1,1,0,1,2,2,NA,NA,5,5,NA,NA,5,5,1,1,3,3,"",NA,"","2","",4,NA,NA,3,NA,NA,NA,NA,NA,5,5,NA,NA,NA,NA,NA,2,4,2,3,3,3,3,3,1,3,1,NA,NA,NA,NA,NA,NA,NA,NA,"yes"
"307",56,18,"voluntary","no","female",1,5,5,1,5,3,NA,NA,NA,NA,NA,NA,NA,NA,NA,NA,NA,NA,NA,NA,NA,NA,NA,NA,NA,NA,NA,NA,NA,NA,NA,NA,NA,NA,NA,NA,NA,NA,NA,NA,NA,NA,NA,NA,NA,NA,NA,NA,NA,NA,NA,NA,NA,NA,NA,NA,NA,NA,NA,NA,NA,NA,NA,NA,NA,NA,NA,NA,NA,"",5,1,5,5,5,"","",NA,"",NA,NA,NA,NA,NA,NA,NA,NA,NA,1,5,5,1,1,1,1,5,5,1,1,3,2,"56",2,"","1","",4,8,2,1,1,1,1,5,5,5,5,1,1,1,1,1,2,4,1,NA,NA,NA,NA,NA,NA,NA,NA,NA,NA,NA,NA,NA,NA,NA,NA,"yes"
"308",77,21,"voluntary","no","male",1,2,2,1,NA,3,NA,NA,NA,NA,NA,NA,NA,NA,NA,NA,NA,NA,NA,NA,NA,NA,NA,NA,NA,NA,NA,NA,NA,NA,NA,NA,NA,NA,NA,NA,NA,NA,NA,NA,NA,NA,NA,NA,NA,NA,NA,NA,NA,NA,NA,NA,NA,NA,NA,NA,NA,NA,NA,NA,NA,NA,NA,NA,NA,NA,NA,NA,NA,"",3,4,4,3,1,"","",NA,"",NA,NA,NA,NA,NA,NA,NA,NA,NA,2,3,2,1,1,2,1,2,4,1,1,2,2,"77",4,"","","1",5,5,1,1,2,1,2,2,2,2,3,4,1,1,3,2,2,5,1,NA,NA,NA,NA,NA,NA,NA,NA,NA,NA,NA,NA,NA,NA,NA,NA,"yes"
"309",59,12,"mandatory","yes","female",1,5,5,5,3,5,1,NA,5,11,NA,NA,0,0,0,0,0,0,0,0,0,0,0,0,0,0,0,0,1,0,0,0,0,0,0,0,0,0,0,1,0,1,NA,NA,NA,NA,NA,NA,NA,NA,NA,NA,NA,NA,NA,NA,NA,NA,NA,NA,NA,NA,NA,NA,NA,NA,NA,NA,NA,"3",5,2,5,5,1,"4","0",NA,"Rock Springs, TX",3,2,1,1,1,1,1,1,1,2,3,3,2,2,3,3,5,5,1,1,3,1,"59",1,"","2","",2,5,2,1,1,5,1,3,2,2,5,5,5,3,5,5,2,5,2,1,1,6,6,6,6,6,1,NA,NA,NA,NA,NA,NA,NA,NA,"yes"
"310",40,12,"mandatory","yes","male",1,2,3,3,2,NA,1,NA,4,15,NA,NA,0,0,0,0,0,0,0,0,0,0,0,0,0,1,0,0,0,0,0,0,0,0,0,0,0,0,0,1,0,1,NA,NA,NA,NA,NA,NA,NA,NA,NA,NA,NA,NA,NA,NA,NA,NA,NA,NA,NA,NA,NA,NA,NA,NA,NA,NA,NA,"1",4,4,NA,3,5,"4","0",NA,"San Antonio, TX",2,1,1,1,1,0,0,1,1,2,5,5,2,2,1,4,NA,5,1,1,3,3,"40",4,"2","","",2,5,1,5,4,2,NA,4,5,5,5,5,5,5,5,1,1,4,2,4,4,3,3,3,1,1,1,NA,NA,NA,NA,NA,NA,NA,NA,"yes"
"311",42,16,"mandatory","yes","female",1,5,4,5,4,2,1,NA,5,4,NA,NA,0,1,0,0,0,0,0,0,0,0,0,0,0,0,0,0,0,0,0,0,0,0,0,0,0,1,0,1,0,1,NA,NA,NA,NA,NA,NA,NA,NA,NA,NA,NA,NA,NA,NA,NA,NA,NA,NA,NA,NA,NA,NA,NA,NA,NA,NA,NA,"2",5,5,4,5,4,"2","0",NA,"Gladewater, TX",2,1,1,1,1,0,1,1,2,2,2,2,1,1,2,2,2,1,1,1,3,1,"42",3,"2","2","",3,5,2,1,1,5,4,3,3,3,5,1,4,1,4,5,2,4,2,1,1,4,6,4,2,3,1,NA,NA,NA,NA,NA,NA,NA,NA,"no"
"312",76,12,"mandatory","yes","female",1,5,5,1,1,5,0,1,3,17,NA,NA,NA,NA,NA,NA,NA,NA,NA,NA,NA,NA,NA,NA,NA,NA,NA,NA,NA,NA,NA,NA,NA,NA,0,0,0,1,0,0,0,NA,1,1,1,1,1,NA,NA,NA,NA,NA,NA,NA,NA,NA,NA,NA,NA,NA,NA,NA,NA,NA,NA,NA,NA,NA,NA,"",5,1,1,5,5,"","",NA,"San Marcos",3,1,1,1,0,0,0,1,1,2,5,5,1,1,5,5,1,5,1,1,2,1,"76",4,"","","1",2,1,2,1,1,1,5,5,1,5,5,5,5,5,5,5,1,4,2,1,1,1,4,6,1,1,NA,NA,NA,NA,NA,NA,NA,NA,NA,"no"
"313",52,18,"mandatory","yes","female",5,5,3,2,2,5,1,NA,5,13,NA,NA,NA,NA,NA,NA,NA,NA,NA,NA,NA,NA,NA,NA,NA,NA,NA,NA,NA,NA,NA,NA,NA,NA,0,0,0,0,0,1,0,1,NA,NA,NA,NA,NA,NA,NA,NA,NA,NA,NA,NA,NA,NA,NA,NA,NA,NA,NA,NA,NA,NA,NA,NA,NA,NA,NA,"2",5,5,4,5,5,"2","0",NA,"San Antonio, TX",1,1,1,1,1,0,1,1,1,2,5,5,1,3,5,5,5,5,1,1,3,2,"52",3,"","2","",4,5,2,1,2,5,4,3,5,5,5,5,2,5,5,5,2,4,2,1,1,3,4,6,3,3,2,1,0,0,0,0,0,0,0,"no"
"314",73,21,"mandatory","yes","male",2,5,3,4,2,3,1,NA,5,9,NA,NA,0,0,0,0,0,0,0,0,0,0,0,0,0,0,0,0,0,0,0,1,0,0,0,0,0,0,0,1,0,2,1,1,1,1,5,NA,1,NA,NA,NA,NA,NA,NA,NA,NA,NA,NA,NA,NA,NA,NA,NA,NA,NA,NA,NA,NA,"1",5,5,5,5,5,"3","0",NA,"Magnolia, TX",2,1,1,1,1,1,1,1,1,2,3,2,1,1,5,4,5,5,1,1,1,1,"73",1,"","","2",5,6,1,1,1,1,2,5,1,4,4,5,5,3,5,1,2,4,2,1,1,3,5,6,3,1,1,NA,NA,NA,NA,NA,NA,NA,NA,"no"
"315",70,16,"mandatory","no","female",1,4,4,1,1,4,NA,NA,NA,NA,NA,NA,NA,NA,NA,NA,NA,NA,NA,NA,NA,NA,NA,NA,NA,NA,NA,NA,NA,NA,NA,NA,NA,NA,NA,NA,NA,NA,NA,NA,NA,NA,NA,NA,NA,NA,NA,NA,NA,NA,NA,NA,NA,NA,NA,NA,NA,NA,NA,NA,NA,NA,NA,NA,NA,NA,NA,NA,NA,"",3,1,1,3,3,"","",NA,"",NA,NA,NA,NA,NA,NA,NA,NA,NA,2,2,3,1,1,1,1,2,5,1,1,2,1,"70",1,"","","2",3,3,2,1,2,1,5,5,2,2,3,2,5,1,3,5,2,5,1,NA,NA,NA,NA,NA,NA,NA,NA,NA,NA,NA,NA,NA,NA,NA,NA,"no"
"316",53,16,"mandatory","yes","female",2,5,3,2,1,3,0,2,1,8,2,13,0,0,1,0,0,0,0,0,0,0,0,0,0,0,0,0,0,0,0,0,0,0,0,0,0,0,0,1,0,1,NA,NA,NA,NA,NA,NA,NA,NA,NA,NA,NA,NA,NA,NA,NA,NA,NA,NA,NA,NA,NA,NA,NA,NA,NA,NA,NA,"2",5,3,3,5,3,"2","0",NA,"Liverpool",2,1,1,1,1,0,1,1,1,2,4,5,4,4,4,3,5,5,1,1,3,2,"53",1,"","2","",3,7,2,1,4,4,3,5,4,4,5,2,3,4,4,3,2,4,2,1,1,1,2,1,3,1,2,1,1,1,0,0,0,0,0,"yes"
"317",29,12,"mandatory","yes","female",5,5,5,5,5,5,1,NA,3,10,NA,NA,0,1,0,0,0,0,0,0,0,0,0,0,0,0,0,0,0,0,0,0,0,0,0,0,1,0,0,1,0,2,1,5,5,5,5,NA,1,NA,NA,NA,NA,NA,NA,NA,NA,NA,NA,NA,NA,NA,NA,NA,NA,NA,NA,NA,NA,"1",5,5,5,5,5,"1","0",NA,"Yoakum",1,2,1,1,1,1,0,1,1,2,5,5,5,5,5,5,5,5,1,1,3,3,"29",2,"4","","",2,1,2,1,5,5,5,5,5,5,5,5,5,5,5,5,1,5,2,6,3,2,6,6,6,1,2,1,1,1,1,1,0,0,1,"yes"
"318",51,16,"mandatory","yes","female",1,4,4,1,4,3,1,NA,4,14,NA,NA,0,0,0,0,1,0,0,0,0,0,0,0,0,0,0,0,0,0,0,0,0,0,0,0,0,0,0,1,0,1,NA,NA,NA,NA,NA,NA,NA,NA,NA,NA,NA,NA,NA,NA,NA,NA,NA,NA,NA,NA,NA,NA,NA,NA,NA,NA,NA,"1",5,2,2,5,4,"3","0",NA,"San Antonio",2,1,1,1,1,0,0,1,1,2,1,4,3,3,4,4,4,5,1,1,2,2,"51",1,"2","4","",3,2,2,1,4,5,3,3,3,4,4,2,2,2,5,5,1,5,2,2,2,3,3,5,1,1,1,NA,NA,NA,NA,NA,NA,NA,NA,"no"
"319",48,12,"mandatory","yes","female",1,1,5,5,5,5,1,NA,5,16,NA,NA,0,0,0,0,1,0,0,0,0,1,0,0,0,0,0,0,0,0,0,0,0,0,NA,NA,NA,NA,NA,NA,NA,1,NA,NA,NA,NA,NA,NA,NA,NA,NA,NA,NA,NA,NA,NA,NA,NA,NA,NA,NA,NA,NA,NA,NA,NA,NA,NA,NA,"1",5,1,1,2,2,"2","0",NA,"Uvalde",1,2,1,1,1,1,1,1,2,2,5,3,1,1,4,5,5,5,1,1,2,2,"48",3,"3","","",2,5,2,4,5,5,5,5,5,5,5,5,5,5,5,5,2,5,2,6,2,6,6,1,1,6,1,NA,NA,NA,NA,NA,NA,NA,NA,"no"
"320",56,21,"mandatory","yes","female",1,1,1,1,2,2,1,NA,4,16,NA,NA,0,0,0,0,1,0,0,0,0,0,0,0,0,0,0,0,0,0,0,0,0,0,0,0,0,0,0,1,0,1,NA,NA,NA,NA,NA,NA,NA,NA,NA,NA,NA,NA,NA,NA,NA,NA,NA,NA,NA,NA,NA,NA,NA,NA,NA,NA,NA,"1",1,1,1,1,1,"1","0",NA,"San Antonio",2,1,1,1,0,0,0,2,1,2,1,1,1,1,1,1,1,1,1,1,3,2,"56",1,"","2","",5,8,2,1,3,3,3,3,3,3,3,3,3,3,3,3,2,5,2,4,2,4,4,6,4,1,2,1,0,0,0,0,0,1,0,"no"
"321",46,16,"mandatory","yes","male",1,4,4,4,1,2,0,2,4,12,5,6,0,0,0,0,0,0,0,0,0,0,0,0,0,0,0,0,1,0,0,0,0,0,0,0,0,0,0,1,0,1,NA,NA,NA,NA,NA,NA,NA,NA,NA,NA,NA,NA,NA,NA,NA,NA,NA,NA,NA,NA,NA,NA,NA,NA,NA,NA,NA,"2",5,5,5,5,5,"5","0",NA,"Wimberly, TX",2,2,1,1,1,1,0,1,1,2,3,5,1,2,3,3,4,5,1,1,3,1,"46",2,"1","2","",3,8,1,1,1,4,1,5,1,5,1,3,3,2,3,4,2,4,2,2,6,5,5,6,5,2,1,NA,NA,NA,NA,NA,NA,NA,NA,"no"
"322",80,18,"mandatory","yes","female",1,1,2,1,1,3,1,NA,5,NA,NA,NA,0,0,0,0,0,0,0,0,0,1,0,0,0,0,0,0,0,0,0,1,0,0,0,0,1,0,0,1,0,1,NA,NA,NA,NA,NA,NA,NA,NA,NA,NA,NA,NA,NA,NA,NA,NA,NA,NA,NA,NA,NA,NA,NA,NA,NA,NA,NA,"1",2,2,2,3,2,"2","",NA,"",2,1,1,1,0,0,0,NA,2,2,NA,2,1,1,1,1,1,1,1,1,2,1,"80",1,"","","2",4,NA,2,1,1,1,1,1,1,2,2,2,2,1,1,1,NA,4,2,1,1,1,3,1,3,1,1,NA,NA,NA,NA,NA,NA,NA,NA,"no"
"323",69,12,"mandatory","no","male",1,3,3,1,1,1,NA,NA,NA,NA,NA,NA,NA,NA,NA,NA,NA,NA,NA,NA,NA,NA,NA,NA,NA,NA,NA,NA,NA,NA,NA,NA,NA,NA,NA,NA,NA,NA,NA,NA,NA,NA,NA,NA,NA,NA,NA,NA,NA,NA,NA,NA,NA,NA,NA,NA,NA,NA,NA,NA,NA,NA,NA,NA,NA,NA,NA,NA,NA,"",5,NA,NA,5,5,"","",NA,"",NA,NA,NA,NA,NA,NA,NA,NA,NA,2,2,1,1,1,1,1,1,2,1,1,3,2,"69",1,"","","2",2,4,1,1,1,1,1,1,1,1,1,5,5,4,2,1,2,5,1,NA,NA,NA,NA,NA,NA,NA,NA,NA,NA,NA,NA,NA,NA,NA,NA,"no"
"324",42,18,"mandatory","yes","female",1,5,5,2,5,5,1,NA,5,10,NA,NA,0,1,0,0,0,0,0,0,0,0,0,0,0,0,0,0,0,0,0,0,0,0,0,0,0,0,0,1,0,1,NA,NA,NA,NA,NA,NA,NA,NA,NA,NA,NA,NA,NA,NA,NA,NA,NA,NA,NA,NA,NA,NA,NA,NA,NA,NA,NA,"1",5,1,1,1,5,"2","0",3,"Raymondville, Tx.",2,1,1,1,1,1,1,1,2,1,5,5,5,5,3,2,5,5,1,1,2,2,"42",1,"2","2","",4,8,2,1,5,2,2,5,5,3,5,5,2,5,5,2,1,5,2,5,5,6,6,6,6,6,2,1,1,1,0,1,1,0,0,"no"
"325",60,16,"mandatory","no","female",1,5,3,5,2,3,NA,NA,NA,NA,NA,NA,NA,NA,NA,NA,NA,NA,NA,NA,NA,NA,NA,NA,NA,NA,NA,NA,NA,NA,NA,NA,NA,NA,NA,NA,NA,NA,NA,NA,NA,NA,NA,NA,NA,NA,NA,NA,NA,NA,NA,NA,NA,NA,NA,NA,NA,NA,NA,NA,NA,NA,NA,NA,NA,NA,NA,NA,NA,"",5,1,1,2,4,"","",NA,"",NA,NA,NA,NA,NA,NA,NA,NA,NA,2,3,4,1,1,2,1,3,2,1,1,3,1,"60",4,"","2","",3,3,2,1,1,3,1,2,NA,1,1,3,1,5,3,1,2,4,1,NA,NA,NA,NA,NA,NA,NA,NA,NA,NA,NA,NA,NA,NA,NA,NA,"no"
"326",49,12,"mandatory","no","female",1,5,5,3,2,5,NA,NA,NA,NA,NA,NA,NA,NA,NA,NA,NA,NA,NA,NA,NA,NA,NA,NA,NA,NA,NA,NA,NA,NA,NA,NA,NA,NA,NA,NA,NA,NA,NA,NA,NA,NA,NA,NA,NA,NA,NA,NA,NA,NA,NA,NA,NA,NA,NA,NA,NA,NA,NA,NA,NA,NA,NA,NA,NA,NA,NA,NA,NA,"",5,1,3,5,5,"","",NA,"",NA,NA,NA,NA,NA,NA,NA,NA,NA,1,5,5,2,2,4,3,5,5,1,2,3,3,"49",1,"5","2","",2,4,2,1,4,5,3,3,5,5,5,4,4,3,5,5,2,5,1,NA,NA,NA,NA,NA,NA,NA,NA,NA,NA,NA,NA,NA,NA,NA,NA,"no"
"327",39,16,"mandatory","yes","male",4,4,4,4,4,4,1,NA,4,18,NA,NA,0,0,0,0,0,0,0,0,0,1,0,0,0,0,0,0,1,0,0,0,0,0,NA,NA,NA,NA,NA,NA,NA,1,NA,NA,NA,NA,NA,NA,NA,NA,NA,NA,NA,NA,NA,NA,NA,NA,NA,NA,NA,NA,NA,NA,NA,NA,NA,NA,NA,"2",5,1,1,1,1,"2","1",NA,"Beeville, Tx.",2,1,1,1,1,0,1,1,1,2,5,5,1,1,4,4,5,5,1,1,1,1,"39",1,"2","1","",3,4,1,1,5,5,5,5,5,5,5,2,2,5,5,5,1,5,2,5,5,5,5,6,5,5,2,1,1,1,0,1,1,0,0,"no"
"328",47,16,"mandatory","yes","female",2,5,5,5,4,5,1,NA,4,13,NA,NA,0,1,0,0,0,0,0,0,0,1,0,0,0,0,1,0,0,0,0,1,0,0,0,0,0,0,0,1,0,1,NA,NA,NA,NA,NA,NA,NA,NA,NA,NA,NA,NA,NA,NA,NA,NA,NA,NA,NA,NA,NA,NA,NA,NA,NA,NA,NA,"1",5,4,4,4,5,"3","0",NA,"Devine",2,1,1,1,1,0,0,1,2,2,3,5,2,2,2,4,3,3,1,1,3,3,"47",1,"1","2","0",3,6,2,1,3,3,3,4,3,4,4,4,2,1,5,3,2,5,2,5,4,6,4,6,5,3,2,1,1,1,1,1,1,1,0,"no"
"329",79,12,"mandatory","no","male",NA,5,5,NA,NA,5,NA,NA,NA,NA,NA,NA,NA,NA,NA,NA,NA,NA,NA,NA,NA,NA,NA,NA,NA,NA,NA,NA,NA,NA,NA,NA,NA,NA,NA,NA,NA,NA,NA,NA,NA,NA,NA,NA,NA,NA,NA,NA,NA,NA,NA,NA,NA,NA,NA,NA,NA,NA,NA,NA,NA,NA,NA,NA,NA,NA,NA,NA,NA,"",5,5,NA,5,5,"","",NA,"",NA,NA,NA,NA,NA,NA,NA,NA,NA,2,2,2,2,2,2,2,2,2,1,1,2,NA,"79",1,"","","2",2,8,1,1,NA,NA,NA,NA,NA,4,4,NA,NA,4,4,NA,2,5,1,NA,NA,NA,NA,NA,NA,NA,NA,NA,NA,NA,NA,NA,NA,NA,NA,"no"
"330",61,18,"mandatory","yes","male",1,3,3,3,1,3,1,NA,4,12,NA,NA,0,0,0,0,0,0,0,0,0,1,0,0,0,0,0,0,0,0,0,0,0,0,0,0,0,0,0,1,0,1,NA,NA,NA,NA,NA,NA,NA,NA,NA,NA,NA,NA,NA,NA,NA,NA,NA,NA,NA,NA,NA,NA,NA,NA,NA,NA,NA,"1",5,3,3,5,5,"2","0",NA,"Three Rivers, TX",2,1,1,1,0,0,0,1,2,2,5,5,2,2,3,1,4,5,1,2,3,NA,"61",1,"","2","",4,8,1,1,5,1,1,3,5,4,5,5,3,5,5,2,2,5,2,6,2,2,6,6,6,2,1,NA,NA,NA,NA,NA,NA,NA,NA,"no"
"331",38,16,"mandatory","no","female",2,5,4,3,5,5,NA,NA,NA,NA,NA,NA,NA,NA,NA,NA,NA,NA,NA,NA,NA,NA,NA,NA,NA,NA,NA,NA,NA,NA,NA,NA,NA,NA,NA,NA,NA,NA,NA,NA,NA,NA,NA,NA,NA,NA,NA,NA,NA,NA,NA,NA,NA,NA,NA,NA,NA,NA,NA,NA,NA,NA,NA,NA,NA,NA,NA,NA,NA,"",5,1,1,5,5,"","",NA,"",NA,NA,NA,NA,NA,NA,NA,NA,NA,2,5,5,1,1,1,1,4,5,1,1,3,2,"38",1,"6","2","",3,8,2,1,2,5,5,5,3,3,3,3,5,5,5,5,2,5,1,NA,NA,NA,NA,NA,NA,NA,NA,NA,NA,NA,NA,NA,NA,NA,NA,"no"
"332",39,12,"mandatory","yes","male",1,3,3,3,1,1,0,1,4,NA,NA,NA,0,0,0,0,1,0,0,0,0,0,0,0,0,0,0,0,0,0,0,0,0,0,0,0,0,0,0,1,0,1,NA,NA,NA,NA,NA,NA,NA,NA,NA,NA,NA,NA,NA,NA,NA,NA,NA,NA,NA,NA,NA,NA,NA,NA,NA,NA,NA,"1",5,5,5,4,4,"3","0",NA,"New Braunfels",2,1,1,1,0,0,1,NA,2,2,3,3,1,3,4,4,3,5,1,1,3,3,"39",1,"","2","",2,6,1,1,1,1,3,3,2,2,3,4,3,5,5,3,2,4,2,1,1,2,5,6,5,3,1,NA,NA,NA,NA,NA,NA,NA,NA,"no"
"333",NA,21,"mandatory","yes","female",1,5,4,1,1,1,1,NA,4,14,NA,NA,0,0,0,0,1,0,0,0,0,0,0,0,0,1,0,0,0,0,0,0,0,0,0,0,0,0,0,1,0,2,1,2,3,1,4,NA,NA,NA,NA,1,NA,NA,NA,NA,NA,NA,NA,NA,1,NA,NA,1,NA,NA,NA,NA,NA,"1",5,5,5,5,5,"2","0",NA,"Stockdale",2,1,1,1,1,1,0,1,2,2,5,5,1,2,3,4,5,5,1,3,3,2,"",1,"","","2",5,NA,2,1,1,4,1,4,3,NA,NA,4,4,4,4,4,2,4,2,1,1,2,2,4,5,2,1,NA,NA,NA,NA,NA,NA,NA,NA,"yes"
"334",52,21,"mandatory","yes","female",1,4,5,5,1,4,1,NA,4,8,NA,NA,0,0,0,0,1,0,0,0,0,0,0,0,0,0,0,0,0,0,0,0,0,0,0,0,0,0,0,1,0,1,NA,NA,NA,NA,NA,NA,NA,NA,NA,NA,NA,NA,NA,NA,NA,NA,NA,NA,NA,NA,NA,NA,NA,NA,NA,NA,NA,"1",5,1,5,5,5,"2","1",1,"Waco, Texas",2,2,1,1,1,1,0,2,2,2,4,3,2,3,4,5,1,5,1,1,3,NA,"52",4,"","1","",5,1,2,1,1,1,1,2,1,5,1,5,5,2,3,4,2,4,2,1,1,6,6,1,6,6,2,0,0,0,0,0,0,1,0,"yes"
"335",74,18,"mandatory","not applicable","male",2,3,5,1,1,4,NA,NA,NA,NA,NA,NA,NA,NA,NA,NA,NA,NA,NA,NA,NA,NA,NA,NA,NA,NA,NA,NA,NA,NA,NA,NA,NA,NA,NA,NA,NA,NA,NA,NA,NA,NA,NA,NA,NA,NA,NA,NA,NA,NA,NA,NA,NA,NA,NA,NA,NA,NA,NA,NA,NA,NA,NA,NA,NA,NA,NA,NA,NA,"",5,1,5,5,5,"","",NA,"",NA,NA,NA,NA,NA,NA,NA,NA,NA,NA,5,5,1,1,4,2,2,5,NA,NA,NA,NA,"74",1,"","","2",4,4,1,1,NA,NA,NA,NA,NA,NA,NA,NA,NA,NA,NA,NA,2,5,3,NA,NA,NA,NA,NA,NA,NA,NA,NA,NA,NA,NA,NA,NA,NA,NA,"no"
"336",68,21,"mandatory","yes","female",1,4,4,2,1,5,1,NA,5,15,NA,NA,0,0,0,0,1,0,0,0,0,0,0,0,1,0,0,0,1,0,0,0,0,0,0,0,0,0,0,1,0,1,NA,NA,NA,NA,NA,NA,NA,NA,NA,NA,NA,NA,NA,NA,NA,NA,NA,NA,NA,NA,NA,NA,NA,NA,NA,NA,NA,"2",5,1,5,3,5,"3","1",NA,"Lakeway, TX",1,1,1,1,1,0,0,1,2,2,1,4,1,1,2,2,3,5,1,1,3,1,"68",2,"","1","1",5,7,2,1,1,1,1,3,1,3,2,1,1,1,1,1,2,4,2,6,2,3,5,6,3,4,2,0,0,0,0,0,0,1,1,"yes"
"337",41,16,"mandatory","no","female",1,1,2,3,3,3,NA,NA,NA,NA,NA,NA,NA,NA,NA,NA,NA,NA,NA,NA,NA,NA,NA,NA,NA,NA,NA,NA,NA,NA,NA,NA,NA,NA,NA,NA,NA,NA,NA,NA,NA,NA,NA,NA,NA,NA,NA,NA,NA,NA,NA,NA,NA,NA,NA,NA,NA,NA,NA,NA,NA,NA,NA,NA,NA,NA,NA,NA,NA,"",4,3,4,4,4,"","",NA,"",NA,NA,NA,NA,NA,NA,NA,NA,NA,2,2,1,1,1,2,2,2,3,1,1,3,3,"41",1,"2","4","",3,8,2,1,3,2,3,4,3,2,3,4,5,4,4,4,2,5,1,NA,NA,NA,NA,NA,NA,NA,NA,NA,NA,NA,NA,NA,NA,NA,NA,"no"
"338",52,16,"mandatory","yes","female",5,4,2,2,3,4,1,NA,4,18,NA,NA,0,0,0,0,0,0,0,0,0,1,1,0,0,0,1,0,0,0,0,0,0,0,0,0,1,0,0,1,0,2,1,4,1,1,1,NA,NA,NA,NA,NA,NA,NA,NA,NA,1,1,NA,NA,NA,NA,NA,NA,NA,NA,NA,NA,NA,"1",4,1,4,4,4,"6","0",NA,"San Antonio",2,1,1,1,1,0,1,1,2,2,4,5,1,3,5,5,5,5,1,2,3,1,"52",1,"1","2","",3,6,2,1,2,2,2,3,3,5,5,5,5,3,4,3,2,5,2,1,1,4,3,1,2,3,2,1,0,0,0,0,0,1,0,"no"
"339",56,16,"mandatory","no","female",2,5,5,2,5,5,NA,NA,NA,NA,NA,NA,NA,NA,NA,NA,NA,NA,NA,NA,NA,NA,NA,NA,NA,NA,NA,NA,NA,NA,NA,NA,NA,NA,NA,NA,NA,NA,NA,NA,NA,NA,NA,NA,NA,NA,NA,NA,NA,NA,NA,NA,NA,NA,NA,NA,NA,NA,NA,NA,NA,NA,NA,NA,NA,NA,NA,NA,NA,"",5,5,5,5,5,"","",NA,"",NA,NA,NA,NA,NA,NA,NA,NA,NA,2,5,3,1,1,2,2,2,2,1,1,3,1,"56",2,"","1","",3,2,2,1,2,2,5,5,2,2,2,3,3,5,3,3,NA,5,1,NA,NA,NA,NA,NA,NA,NA,NA,NA,NA,NA,NA,NA,NA,NA,NA,"yes"
"340",59,16,"mandatory","yes","male",1,2,3,5,1,1,1,NA,5,16,NA,NA,0,0,0,0,0,0,0,0,0,0,0,0,0,0,0,0,1,0,0,1,0,0,0,0,0,1,0,1,0,1,NA,NA,NA,NA,NA,NA,NA,NA,NA,NA,NA,NA,NA,NA,NA,NA,NA,NA,NA,NA,NA,NA,NA,NA,NA,NA,NA,"2",1,1,1,1,1,"2","0",3,"Victoria, Tx",2,1,1,NA,NA,NA,NA,1,1,2,3,4,1,1,4,4,5,5,1,1,2,1,"59",1,"","2","",3,2,1,1,1,5,4,4,5,5,5,5,2,3,4,5,2,5,2,1,1,1,6,6,6,4,1,NA,NA,NA,NA,NA,NA,NA,NA,"yes"
"341",79,18,"mandatory","not applicable","male",NA,NA,NA,NA,NA,NA,NA,NA,NA,NA,NA,NA,NA,NA,NA,NA,NA,NA,NA,NA,NA,NA,NA,NA,NA,NA,NA,NA,NA,NA,NA,NA,NA,NA,NA,NA,NA,NA,NA,NA,NA,NA,NA,NA,NA,NA,NA,NA,NA,NA,NA,NA,NA,NA,NA,NA,NA,NA,NA,NA,NA,NA,NA,NA,NA,NA,NA,NA,NA,"",NA,NA,NA,NA,NA,"","",NA,"",NA,NA,NA,NA,NA,NA,NA,NA,NA,NA,NA,NA,NA,NA,NA,NA,NA,NA,2,3,3,2,"79",3,"","","1",4,3,1,1,NA,NA,NA,NA,NA,NA,NA,NA,NA,NA,NA,NA,NA,5,NA,NA,NA,NA,NA,NA,NA,NA,NA,NA,NA,NA,NA,NA,NA,NA,NA,"yes"
"342",63,16,"mandatory","no","male",NA,5,NA,NA,NA,NA,NA,NA,NA,NA,NA,NA,NA,NA,NA,NA,NA,NA,NA,NA,NA,NA,NA,NA,NA,NA,NA,NA,NA,NA,NA,NA,NA,NA,NA,NA,NA,NA,NA,NA,NA,NA,NA,NA,NA,NA,NA,NA,NA,NA,NA,NA,NA,NA,NA,NA,NA,NA,NA,NA,NA,NA,NA,NA,NA,NA,NA,NA,NA,"",5,5,5,5,5,"","",NA,"",NA,NA,NA,NA,NA,NA,NA,NA,NA,1,3,4,1,1,3,1,3,5,1,1,3,1,"63",1,"","2","",3,7,1,1,1,1,1,1,1,1,1,1,1,1,1,1,2,4,1,NA,NA,NA,NA,NA,NA,NA,NA,NA,NA,NA,NA,NA,NA,NA,NA,"yes"
"343",54,16,"mandatory","yes","male",1,3,5,1,1,1,1,NA,3,23,NA,NA,0,1,1,0,0,0,0,0,0,0,0,0,0,1,0,0,0,0,0,0,0,0,0,0,0,0,0,1,0,1,NA,NA,NA,NA,NA,NA,NA,NA,NA,NA,NA,NA,NA,NA,NA,NA,NA,NA,NA,NA,NA,NA,NA,NA,NA,NA,NA,"1",3,1,NA,NA,NA,"2","0",NA,"Giddings, TX",2,2,NA,1,1,1,1,1,2,2,NA,2,2,2,4,1,1,5,1,1,2,1,"54",1,"","2","",3,3,1,1,2,1,1,3,2,3,3,3,3,2,2,3,2,5,2,1,1,5,6,6,3,5,2,1,0,0,1,1,0,0,0,"yes"
"344",66,18,"mandatory","yes","female",1,2,4,5,5,1,0,2,4,12,5,15,0,1,0,0,0,0,0,0,0,0,0,0,0,0,0,0,0,0,0,0,0,0,0,0,0,0,0,1,0,1,NA,NA,NA,NA,NA,NA,NA,NA,NA,NA,NA,NA,NA,NA,NA,NA,NA,NA,NA,NA,NA,NA,NA,NA,NA,NA,NA,"1",4,4,4,4,4,"2","0",NA,"Waco",2,2,1,1,1,1,0,1,1,2,2,2,1,2,2,2,2,3,1,1,2,3,"66",2,"","","2",4,4,2,1,1,1,1,5,1,5,1,2,1,1,1,3,2,4,2,6,1,1,6,6,6,1,1,NA,NA,NA,NA,NA,NA,NA,NA,"no"
"345",51,16,"mandatory","no","female",3,5,5,4,4,4,NA,NA,NA,NA,NA,NA,NA,NA,NA,NA,NA,NA,NA,NA,NA,NA,NA,NA,NA,NA,NA,NA,NA,NA,NA,NA,NA,NA,NA,NA,NA,NA,NA,NA,NA,NA,NA,NA,NA,NA,NA,NA,NA,NA,NA,NA,NA,NA,NA,NA,NA,NA,NA,NA,NA,NA,NA,NA,NA,NA,NA,NA,NA,"",5,5,5,5,5,"","",NA,"",NA,NA,NA,NA,NA,NA,NA,NA,NA,2,5,5,3,3,5,4,5,5,1,1,3,3,"51",1,"","2","",3,8,2,1,2,5,3,3,2,2,3,2,2,4,4,3,2,5,1,NA,NA,NA,NA,NA,NA,NA,NA,NA,NA,NA,NA,NA,NA,NA,NA,"no"
"346",67,16,"mandatory","yes","female",1,4,4,1,4,5,1,NA,5,22,NA,NA,0,0,0,0,1,0,0,0,0,0,0,0,0,0,0,0,0,0,0,0,0,0,0,0,0,0,1,1,0,1,NA,NA,NA,NA,NA,NA,NA,NA,NA,NA,NA,NA,NA,NA,NA,NA,NA,NA,NA,NA,NA,NA,NA,NA,NA,NA,NA,"2",3,2,NA,4,3,"2","",NA,"Cuerc, TX",2,1,1,1,1,0,0,1,1,2,3,4,3,NA,3,NA,5,5,1,1,2,NA,"67",1,"","","2",3,7,2,1,4,5,5,5,5,5,4,5,5,5,4,1,2,4,2,NA,NA,NA,6,6,5,NA,1,NA,NA,NA,NA,NA,NA,NA,NA,"no"
"347",63,21,"mandatory","no","male",3,4,4,4,2,4,NA,NA,NA,NA,NA,NA,NA,NA,NA,NA,NA,NA,NA,NA,NA,NA,NA,NA,NA,NA,NA,NA,NA,NA,NA,NA,NA,NA,NA,NA,NA,NA,NA,NA,NA,NA,NA,NA,NA,NA,NA,NA,NA,NA,NA,NA,NA,NA,NA,NA,NA,NA,NA,NA,NA,NA,NA,NA,NA,NA,NA,NA,NA,"",5,1,5,5,5,"","",NA,"",NA,NA,NA,NA,NA,NA,NA,NA,NA,2,2,3,1,3,2,1,1,3,1,1,3,1,"63",1,"0","2","0",5,6,1,1,2,1,2,5,4,4,5,4,2,1,3,1,2,5,1,NA,NA,NA,NA,NA,NA,NA,NA,NA,NA,NA,NA,NA,NA,NA,NA,"no"
"348",67,18,"mandatory","no","male",NA,4,4,1,1,3,NA,NA,NA,NA,NA,NA,NA,NA,NA,NA,NA,NA,NA,NA,NA,NA,NA,NA,NA,NA,NA,NA,NA,NA,NA,NA,NA,NA,NA,NA,NA,NA,NA,NA,NA,NA,NA,NA,NA,NA,NA,NA,NA,NA,NA,NA,NA,NA,NA,NA,NA,NA,NA,NA,NA,NA,NA,NA,NA,NA,NA,NA,NA,"",5,5,3,3,1,"","",NA,"",NA,NA,NA,NA,NA,NA,NA,NA,NA,2,5,1,1,1,1,1,4,5,1,1,3,3,"67",1,"","1","1",4,4,1,1,1,1,5,5,1,1,2,5,1,5,5,4,2,5,1,NA,NA,NA,NA,NA,NA,NA,NA,NA,NA,NA,NA,NA,NA,NA,NA,"no"
"349",61,16,"mandatory","no","male",1,5,5,5,2,2,NA,NA,NA,NA,NA,NA,NA,NA,NA,NA,NA,NA,NA,NA,NA,NA,NA,NA,NA,NA,NA,NA,NA,NA,NA,NA,NA,NA,NA,NA,NA,NA,NA,NA,NA,NA,NA,NA,NA,NA,NA,NA,NA,NA,NA,NA,NA,NA,NA,NA,NA,NA,NA,NA,NA,NA,NA,NA,NA,NA,NA,NA,NA,"",5,1,1,4,4,"","",NA,"",NA,NA,NA,NA,NA,NA,NA,NA,NA,2,2,2,1,1,2,1,2,5,1,1,3,1,"61",1,"","2","",3,5,1,1,2,3,4,5,2,2,2,1,3,5,5,3,2,4,1,NA,NA,NA,NA,NA,NA,NA,NA,NA,NA,NA,NA,NA,NA,NA,NA,"no"
"350",53,12,"mandatory","yes","female",NA,3,3,NA,NA,3,1,NA,5,17,NA,NA,0,0,0,0,0,0,0,0,0,0,0,0,0,1,0,0,0,0,0,0,0,0,0,0,0,1,0,0,0,1,NA,NA,NA,NA,NA,NA,NA,NA,NA,NA,NA,NA,NA,NA,NA,NA,NA,NA,NA,NA,NA,NA,NA,NA,NA,NA,NA,"1",5,5,5,5,5,"1","0",NA,"Tivoli",2,1,2,NA,NA,NA,NA,1,2,1,4,4,3,3,3,4,5,5,1,1,3,2,"53",1,"2","2","",2,2,2,1,4,5,3,5,4,4,4,3,5,2,3,5,2,4,2,1,1,2,5,5,3,2,2,1,0,0,0,0,0,0,0,"yes"
"351",42,18,"mandatory","yes","female",1,3,3,1,1,1,1,NA,4,18,NA,NA,0,0,1,0,0,0,0,0,0,1,1,0,0,0,0,0,0,0,0,0,0,0,0,0,0,0,0,1,0,1,NA,NA,NA,NA,NA,NA,NA,NA,NA,NA,NA,NA,NA,NA,NA,NA,NA,NA,NA,NA,NA,NA,NA,NA,NA,NA,NA,"1",4,2,2,2,4,"3","0",NA,"San Antonio, TX",3,2,1,1,1,1,0,1,1,2,2,3,2,2,2,3,3,3,1,2,2,2,"42",1,"4","4","",4,8,2,1,4,1,3,4,4,4,5,3,3,2,2,5,1,4,2,6,6,5,5,6,3,1,2,1,1,1,0,1,1,1,0,"no"
"352",51,16,"mandatory","no","male",2,2,1,2,5,2,NA,NA,NA,NA,NA,NA,NA,NA,NA,NA,NA,NA,NA,NA,NA,NA,NA,NA,NA,NA,NA,NA,NA,NA,NA,NA,NA,NA,NA,NA,NA,NA,NA,NA,NA,NA,NA,NA,NA,NA,NA,NA,NA,NA,NA,NA,NA,NA,NA,NA,NA,NA,NA,NA,NA,NA,NA,NA,NA,NA,NA,NA,NA,"",2,2,2,1,2,"","",NA,"",NA,NA,NA,NA,NA,NA,NA,NA,NA,1,5,5,5,5,5,4,5,5,1,1,3,3,"51",2,"","1","",3,1,1,2,1,2,4,4,2,2,2,1,1,5,2,5,2,5,1,NA,NA,NA,NA,NA,NA,NA,NA,NA,NA,NA,NA,NA,NA,NA,NA,"no"
"353",34,18,"mandatory","no","female",1,1,1,3,3,3,NA,NA,NA,NA,NA,NA,NA,NA,NA,NA,NA,NA,NA,NA,NA,NA,NA,NA,NA,NA,NA,NA,NA,NA,NA,NA,NA,NA,NA,NA,NA,NA,NA,NA,NA,NA,NA,NA,NA,NA,NA,NA,NA,NA,NA,NA,NA,NA,NA,NA,NA,NA,NA,NA,NA,NA,NA,NA,NA,NA,NA,NA,NA,"",1,1,1,1,1,"","",NA,"",NA,NA,NA,NA,NA,NA,NA,NA,NA,2,2,1,1,1,4,1,1,4,1,1,3,2,"34",1,"","3","",4,2,2,4,1,1,5,5,1,1,NA,1,1,5,5,2,1,5,1,NA,NA,NA,NA,NA,NA,NA,NA,NA,NA,NA,NA,NA,NA,NA,NA,"no"
"354",76,21,"mandatory","yes","male",NA,3,NA,NA,NA,NA,1,NA,5,17,NA,NA,0,0,0,0,1,0,0,0,0,0,0,0,0,0,0,0,0,0,0,0,0,0,0,0,0,0,0,1,0,1,NA,NA,NA,NA,NA,NA,NA,NA,NA,NA,NA,NA,NA,NA,NA,NA,NA,NA,NA,NA,NA,NA,NA,NA,NA,NA,NA,"1",3,NA,3,3,NA,"2","0",NA,"Seguin",2,4,1,1,1,0,0,1,1,2,4,4,1,1,2,2,4,4,1,1,3,1,"76",1,"","","2",5,8,1,1,1,1,1,1,2,4,4,4,3,1,2,1,2,5,2,1,1,1,3,1,1,1,1,NA,NA,NA,NA,NA,NA,NA,NA,"no"
"355",57,12,"mandatory","yes","male",4,4,4,4,3,3,1,NA,5,12,NA,NA,0,1,0,0,0,0,0,0,0,0,0,0,0,0,0,0,0,0,0,0,0,0,0,0,0,1,0,0,0,1,NA,NA,NA,NA,NA,NA,NA,NA,NA,NA,NA,NA,NA,NA,NA,NA,NA,NA,NA,NA,NA,NA,NA,NA,NA,NA,NA,"1",5,5,5,5,5,"2","",NA,"Neen Lockhart, Tx.",2,1,1,1,1,0,0,1,1,2,4,5,1,4,4,4,4,4,1,1,3,3,"57",1,"","2","",2,2,1,1,5,4,3,3,5,5,5,5,5,3,3,1,2,4,2,6,5,2,5,6,5,5,1,NA,NA,NA,NA,NA,NA,NA,NA,"no"
"356",79,18,"mandatory","yes","male",1,2,2,4,2,3,1,NA,NA,NA,NA,NA,0,0,0,0,0,0,0,0,0,0,0,0,0,1,0,0,0,0,0,0,0,0,0,0,0,0,0,1,0,1,NA,NA,NA,NA,NA,NA,NA,NA,NA,NA,NA,NA,NA,NA,NA,NA,NA,NA,NA,NA,NA,NA,NA,NA,NA,NA,NA,"1",5,5,5,5,5,"2","0",NA,"Lakehills, TX",1,4,1,NA,NA,NA,NA,1,1,2,3,3,2,4,3,1,1,4,1,4,3,2,"79",1,"","","2",4,3,1,1,1,1,1,1,1,2,3,3,3,1,1,1,2,4,2,1,1,1,1,1,2,2,2,0,0,0,0,0,0,0,1,"yes"
"357",67,16,"mandatory","yes","female",2,3,5,5,5,3,1,NA,4,16,NA,NA,0,0,0,0,1,0,0,0,0,0,0,0,0,0,0,0,0,0,0,0,0,0,0,0,0,0,0,1,0,1,NA,NA,NA,NA,NA,NA,NA,NA,NA,NA,NA,NA,NA,NA,NA,NA,NA,NA,NA,NA,NA,NA,NA,NA,NA,NA,NA,"1",5,5,5,5,5,"2","0",NA,"Austin",3,1,1,1,1,1,1,1,1,2,2,3,1,2,4,2,1,3,1,1,3,1,"67",2,"","","1",3,1,2,5,2,1,1,3,2,4,5,5,2,1,3,5,2,4,2,1,1,1,4,1,5,2,1,NA,NA,NA,NA,NA,NA,NA,NA,"no"
"358",87,21,"mandatory","yes","female",1,2,2,1,1,3,1,NA,7,13,NA,NA,0,0,1,1,0,0,0,0,0,0,0,0,0,0,0,0,0,0,0,0,0,0,0,0,0,1,0,1,0,1,NA,NA,NA,NA,NA,NA,NA,NA,NA,NA,NA,NA,NA,NA,NA,NA,NA,NA,NA,NA,NA,NA,NA,NA,NA,NA,NA,"2",5,5,5,5,5,"1","0",NA,"Victoria",1,1,1,1,0,0,0,1,2,2,5,5,1,1,3,2,NA,5,1,1,3,NA,"87",4,"","","1",5,3,2,1,1,1,1,1,5,1,1,1,1,1,1,1,2,4,2,1,1,2,2,5,2,2,1,NA,NA,NA,NA,NA,NA,NA,NA,"yes"
"359",67,18,"mandatory","yes","female",1,3,3,1,1,3,1,NA,3,17,NA,NA,0,0,0,0,0,0,0,0,0,1,0,0,0,0,0,0,0,0,0,0,0,0,0,0,0,0,0,1,0,1,NA,NA,NA,NA,NA,NA,NA,NA,NA,NA,NA,NA,NA,NA,NA,NA,NA,NA,NA,NA,NA,NA,NA,NA,NA,NA,NA,"1",5,1,1,5,3,"2","0",1,"Uvalde",3,2,1,1,1,1,0,1,2,2,4,4,1,2,4,2,4,5,1,1,2,1,"67",2,"0","0","2",4,1,2,1,1,1,3,3,3,3,1,4,3,1,4,4,2,4,2,1,1,4,3,6,3,3,1,NA,NA,NA,NA,NA,NA,NA,NA,"no"
"360",67,16,"mandatory","no","male",1,4,4,NA,1,1,NA,NA,NA,NA,NA,NA,NA,NA,NA,NA,NA,NA,NA,NA,NA,NA,NA,NA,NA,NA,NA,NA,NA,NA,NA,NA,NA,NA,NA,NA,NA,NA,NA,NA,NA,NA,NA,NA,NA,NA,NA,NA,NA,NA,NA,NA,NA,NA,NA,NA,NA,NA,NA,NA,NA,NA,NA,NA,NA,NA,NA,NA,NA,"",5,1,1,5,5,"","",NA,"",NA,NA,NA,NA,NA,NA,NA,NA,NA,2,1,1,1,1,1,1,1,1,1,3,3,2,"67",1,"","1","1",3,2,1,1,1,1,1,1,1,1,1,1,1,1,1,1,2,5,1,NA,NA,NA,NA,NA,NA,NA,NA,NA,NA,NA,NA,NA,NA,NA,NA,"yes"
"361",74,18,"mandatory","yes","female",2,5,3,1,1,5,1,NA,5,10,NA,NA,0,0,0,0,0,0,0,0,0,1,1,0,0,0,0,0,1,0,0,0,0,0,0,0,0,0,0,1,0,1,NA,NA,NA,NA,NA,NA,NA,NA,NA,NA,NA,NA,NA,NA,NA,NA,NA,NA,NA,NA,NA,NA,NA,NA,NA,NA,NA,"1",5,1,3,5,3,"2","0",NA,"New Braunfels, TX",2,2,1,1,1,1,0,1,2,2,3,5,1,1,4,2,1,4,1,1,2,1,"74",3,"","1","1",4,5,2,1,1,1,1,1,3,4,5,4,2,1,3,1,2,5,2,1,1,6,6,6,6,6,2,1,0,0,0,0,1,0,0,"no"
"362",47,12,"mandatory","yes","male",3,2,2,3,1,2,1,NA,5,10,NA,NA,0,0,0,0,1,0,0,0,0,0,0,0,0,0,0,0,1,0,0,0,0,0,0,0,0,1,0,0,0,1,NA,NA,NA,NA,NA,NA,NA,NA,NA,NA,NA,NA,NA,NA,NA,NA,NA,NA,NA,NA,NA,NA,NA,NA,NA,NA,NA,"2",5,3,3,5,5,"3","1",NA,"Temple, TX.",2,1,1,1,1,1,1,1,1,2,3,4,3,5,4,3,5,5,1,3,3,3,"47",1,"1","3","",2,7,1,1,1,1,4,5,2,2,4,1,3,5,5,5,2,5,2,1,2,2,4,6,1,1,2,0,0,0,0,1,0,0,1,"no"
"363",66,21,"mandatory","no","male",1,4,3,1,1,3,NA,NA,NA,NA,NA,NA,NA,NA,NA,NA,NA,NA,NA,NA,NA,NA,NA,NA,NA,NA,NA,NA,NA,NA,NA,NA,NA,NA,NA,NA,NA,NA,NA,NA,NA,NA,NA,NA,NA,NA,NA,NA,NA,NA,NA,NA,NA,NA,NA,NA,NA,NA,NA,NA,NA,NA,NA,NA,NA,NA,NA,NA,NA,"",5,1,1,4,5,"","",NA,"",NA,NA,NA,NA,NA,NA,NA,NA,NA,2,3,5,1,4,3,1,4,5,1,1,3,3,"66",1,"","2","",5,3,1,1,1,1,1,1,2,2,2,4,2,1,3,1,2,4,1,NA,NA,NA,NA,NA,NA,NA,NA,NA,NA,NA,NA,NA,NA,NA,NA,"no"
"364",45,18,"mandatory","yes","female",1,5,5,5,3,5,1,NA,5,13,NA,NA,0,1,0,0,0,0,0,0,0,0,0,0,0,0,0,0,0,0,0,0,0,0,0,0,0,0,0,1,0,1,NA,NA,NA,NA,NA,NA,NA,NA,NA,NA,NA,NA,NA,NA,NA,NA,NA,NA,NA,NA,NA,NA,NA,NA,NA,NA,NA,"1",5,5,5,5,5,"5","0",NA,"Harlingen, TX",2,2,1,1,1,1,0,1,2,2,4,5,1,1,4,4,5,5,1,1,3,1,"45",1,"2","","",4,8,2,1,1,1,1,1,1,2,2,4,4,1,5,1,2,5,2,1,1,2,6,6,3,3,1,NA,NA,NA,NA,NA,NA,NA,NA,"yes"
"365",50,16,"mandatory","yes","female",1,2,5,3,5,3,1,NA,5,15,NA,NA,0,0,0,0,0,0,0,0,0,1,0,0,0,0,0,0,0,1,0,1,0,0,0,0,0,0,0,1,0,1,NA,NA,NA,NA,NA,NA,NA,NA,NA,NA,NA,NA,NA,NA,NA,NA,NA,NA,NA,NA,NA,NA,NA,NA,NA,NA,NA,"2",5,5,5,5,5,"2","2",NA,"Cotulla, Texas",2,1,1,1,0,0,1,1,1,2,3,4,1,1,4,4,4,5,1,1,2,NA,"50",1,"1","2","",3,7,2,1,1,4,5,5,3,5,5,5,1,1,1,3,NA,4,2,1,2,6,6,6,6,3,2,1,1,1,0,1,0,0,0,"no"
"366",70,12,"mandatory","yes","female",3,2,2,1,1,3,1,NA,4,8,NA,NA,0,1,0,0,0,0,0,0,0,0,0,0,0,0,0,0,0,0,0,0,0,0,0,0,0,0,0,1,0,1,NA,NA,NA,NA,NA,NA,NA,NA,NA,NA,NA,NA,NA,NA,NA,NA,NA,NA,NA,NA,NA,NA,NA,NA,NA,NA,NA,"1",5,1,3,5,5,"0","0",NA,"",1,1,1,1,1,0,1,1,1,2,5,5,5,5,5,5,5,5,1,1,3,2,"70",2,"","","2",2,1,2,1,1,5,5,5,3,3,3,1,1,5,5,4,1,5,2,1,1,2,3,3,3,1,1,NA,NA,NA,NA,NA,NA,NA,NA,"yes"
"367",78,16,"mandatory","not applicable","male",1,3,3,1,1,NA,NA,NA,NA,NA,NA,NA,NA,NA,NA,NA,NA,NA,NA,NA,NA,NA,NA,NA,NA,NA,NA,NA,NA,NA,NA,NA,NA,NA,NA,NA,NA,NA,NA,NA,NA,NA,NA,NA,NA,NA,NA,NA,NA,NA,NA,NA,NA,NA,NA,NA,NA,NA,NA,NA,NA,NA,NA,NA,NA,NA,NA,NA,NA,"",3,2,2,3,3,"","",NA,"",NA,NA,NA,NA,NA,NA,NA,NA,NA,NA,3,1,1,1,2,1,3,5,NA,NA,NA,NA,"78",1,"","","2",3,3,1,1,1,4,4,5,3,4,3,3,3,5,4,1,2,5,3,NA,NA,NA,NA,NA,NA,NA,NA,NA,NA,NA,NA,NA,NA,NA,NA,"no"
"368",68,18,"mandatory","no","female",NA,5,5,3,3,5,NA,NA,NA,NA,NA,NA,NA,NA,NA,NA,NA,NA,NA,NA,NA,NA,NA,NA,NA,NA,NA,NA,NA,NA,NA,NA,NA,NA,NA,NA,NA,NA,NA,NA,NA,NA,NA,NA,NA,NA,NA,NA,NA,NA,NA,NA,NA,NA,NA,NA,NA,NA,NA,NA,NA,NA,NA,NA,NA,NA,NA,NA,NA,"",5,5,5,5,5,"","",NA,"",NA,NA,NA,NA,NA,NA,NA,NA,NA,2,3,4,1,3,4,3,1,5,1,1,2,2,"68",4,"","","1",4,4,2,1,3,1,3,3,3,3,4,4,1,NA,2,1,2,5,1,NA,NA,NA,NA,NA,NA,NA,NA,NA,NA,NA,NA,NA,NA,NA,NA,"no"
"369",33,18,"mandatory","no","male",4,4,4,4,4,3,NA,NA,NA,NA,NA,NA,NA,NA,NA,NA,NA,NA,NA,NA,NA,NA,NA,NA,NA,NA,NA,NA,NA,NA,NA,NA,NA,NA,NA,NA,NA,NA,NA,NA,NA,NA,NA,NA,NA,NA,NA,NA,NA,NA,NA,NA,NA,NA,NA,NA,NA,NA,NA,NA,NA,NA,NA,NA,NA,NA,NA,NA,NA,"",5,5,5,5,5,"","",NA,"",NA,NA,NA,NA,NA,NA,NA,NA,NA,2,5,5,1,3,4,2,4,5,1,1,2,1,"33",3,"","1","",4,5,1,1,5,1,1,3,4,5,5,1,1,5,5,1,2,4,1,NA,NA,NA,NA,NA,NA,NA,NA,NA,NA,NA,NA,NA,NA,NA,NA,"no"
"370",67,16,"mandatory","no","male",1,4,4,4,1,2,NA,NA,NA,NA,NA,NA,NA,NA,NA,NA,NA,NA,NA,NA,NA,NA,NA,NA,NA,NA,NA,NA,NA,NA,NA,NA,NA,NA,NA,NA,NA,NA,NA,NA,NA,NA,NA,NA,NA,NA,NA,NA,NA,NA,NA,NA,NA,NA,NA,NA,NA,NA,NA,NA,NA,NA,NA,NA,NA,NA,NA,NA,NA,"",4,4,4,4,4,"","",NA,"",NA,NA,NA,NA,NA,NA,NA,NA,NA,2,3,3,1,1,2,1,5,5,1,1,3,2,"67",1,"","","2",3,NA,1,1,4,2,5,5,4,5,5,5,4,5,5,2,2,4,1,NA,NA,NA,NA,NA,NA,NA,NA,NA,NA,NA,NA,NA,NA,NA,NA,"no"
"371",67,18,"mandatory","no","male",3,4,4,3,1,4,NA,NA,NA,NA,NA,NA,NA,NA,NA,NA,NA,NA,NA,NA,NA,NA,NA,NA,NA,NA,NA,NA,NA,NA,NA,NA,NA,NA,NA,NA,NA,NA,NA,NA,NA,NA,NA,NA,NA,NA,NA,NA,NA,NA,NA,NA,NA,NA,NA,NA,NA,NA,NA,NA,NA,NA,NA,NA,NA,NA,NA,NA,NA,"",5,1,4,5,4,"","",NA,"",NA,NA,NA,NA,NA,NA,NA,NA,NA,2,5,5,2,1,2,1,1,5,1,1,3,1,"67",3,"","","1",4,2,1,1,5,1,1,1,5,5,5,5,2,5,5,5,1,5,1,NA,NA,NA,NA,NA,NA,NA,NA,NA,NA,NA,NA,NA,NA,NA,NA,"no"
"372",89,18,"mandatory","not applicable","female",1,3,3,2,1,2,NA,NA,NA,NA,NA,NA,NA,NA,NA,NA,NA,NA,NA,NA,NA,NA,NA,NA,NA,NA,NA,NA,NA,NA,NA,NA,NA,NA,NA,NA,NA,NA,NA,NA,NA,NA,NA,NA,NA,NA,NA,NA,NA,NA,NA,NA,NA,NA,NA,NA,NA,NA,NA,NA,NA,NA,NA,NA,NA,NA,NA,NA,NA,"",5,NA,NA,NA,5,"","",NA,"",NA,NA,NA,NA,NA,NA,NA,NA,NA,NA,3,4,2,2,3,3,NA,5,NA,NA,NA,NA,"89",4,"","1","1",4,5,2,1,2,1,1,3,2,5,5,5,2,1,1,1,2,5,3,NA,NA,NA,NA,NA,NA,NA,NA,NA,NA,NA,NA,NA,NA,NA,NA,"yes"
"373",55,16,"mandatory","no","male",1,2,4,NA,1,1,NA,NA,NA,NA,NA,NA,NA,NA,NA,NA,NA,NA,NA,NA,NA,NA,NA,NA,NA,NA,NA,NA,NA,NA,NA,NA,NA,NA,NA,NA,NA,NA,NA,NA,NA,NA,NA,NA,NA,NA,NA,NA,NA,NA,NA,NA,NA,NA,NA,NA,NA,NA,NA,NA,NA,NA,NA,NA,NA,NA,NA,NA,NA,"",5,1,1,3,4,"","",NA,"",NA,NA,NA,NA,NA,NA,NA,NA,NA,2,5,5,1,1,3,3,3,5,1,1,2,1,"55",1,"","3","",3,8,1,1,3,1,1,1,3,5,4,5,5,5,5,1,2,5,1,NA,NA,NA,NA,NA,NA,NA,NA,NA,NA,NA,NA,NA,NA,NA,NA,"no"
"374",53,12,"mandatory","no","female",1,3,2,1,1,4,NA,NA,NA,NA,NA,NA,NA,NA,NA,NA,NA,NA,NA,NA,NA,NA,NA,NA,NA,NA,NA,NA,NA,NA,NA,NA,NA,NA,NA,NA,NA,NA,NA,NA,NA,NA,NA,NA,NA,NA,NA,NA,NA,NA,NA,NA,NA,NA,NA,NA,NA,NA,NA,NA,NA,NA,NA,NA,NA,NA,NA,NA,NA,"",5,2,2,3,3,"","",NA,"",NA,NA,NA,NA,NA,NA,NA,NA,NA,2,4,4,1,1,3,3,4,5,1,1,2,2,"53",2,"1","2","",2,5,2,1,1,1,1,4,1,1,2,1,1,1,1,2,1,5,1,NA,NA,NA,NA,NA,NA,NA,NA,NA,NA,NA,NA,NA,NA,NA,NA,"no"
"375",80,16,"mandatory","yes","male",3,3,3,1,1,2,1,NA,4,10,NA,NA,0,1,0,0,0,0,0,0,0,0,0,0,1,0,0,0,0,0,0,0,0,0,0,0,0,0,0,1,0,1,NA,NA,NA,NA,NA,NA,NA,NA,NA,NA,NA,NA,NA,NA,NA,NA,NA,NA,NA,NA,NA,NA,NA,NA,NA,NA,NA,"1",5,5,5,5,5,"1","",NA,"Flower Mound",1,1,1,1,1,0,0,1,1,2,1,5,1,1,3,3,1,3,2,3,3,2,"80",4,"","","1",3,7,1,1,1,1,1,1,1,2,2,5,5,1,1,1,2,4,2,1,1,1,1,1,2,1,1,NA,NA,NA,NA,NA,NA,NA,NA,"no"
"376",71,16,"mandatory","yes","male",3,5,5,5,1,5,1,NA,5,NA,NA,NA,0,1,0,0,0,0,0,0,0,0,0,0,0,1,0,0,0,0,0,0,0,0,0,0,0,0,1,1,0,1,NA,NA,NA,NA,NA,NA,NA,NA,NA,NA,NA,NA,NA,NA,NA,NA,NA,NA,NA,NA,NA,NA,NA,NA,NA,NA,NA,"1",5,1,3,3,3,"1","0",NA,"Granbury, TX.",1,3,1,1,1,1,1,1,1,2,5,5,3,3,3,3,3,5,1,1,3,1,"71 & 48",3,"","","",3,1,1,1,5,1,1,1,5,5,5,1,1,1,1,1,2,5,2,6,2,2,6,6,6,1,2,1,0,0,0,1,1,0,1,"no"
"377",NA,NA,"mandatory","not applicable",NA,NA,NA,NA,NA,NA,NA,NA,NA,NA,NA,NA,NA,NA,NA,NA,NA,NA,NA,NA,NA,NA,NA,NA,NA,NA,NA,NA,NA,NA,NA,NA,NA,NA,NA,NA,NA,NA,NA,NA,NA,NA,NA,NA,NA,NA,NA,NA,NA,NA,NA,NA,NA,NA,NA,NA,NA,NA,NA,NA,NA,NA,NA,NA,NA,NA,NA,NA,NA,NA,"",NA,NA,NA,NA,NA,"","",NA,"",NA,NA,NA,NA,NA,NA,NA,NA,NA,NA,NA,NA,NA,NA,NA,NA,NA,NA,NA,NA,NA,NA,"",NA,"","","",NA,NA,NA,NA,NA,NA,NA,NA,NA,NA,NA,NA,NA,NA,NA,NA,NA,NA,NA,NA,NA,NA,NA,NA,NA,NA,NA,NA,NA,NA,NA,NA,NA,NA,NA,"no"
"378",51,10,"mandatory","yes","female",3,4,4,4,4,4,1,NA,3,20,NA,NA,0,1,0,0,0,0,0,0,0,0,0,0,0,0,0,0,0,0,0,0,0,0,NA,NA,NA,NA,NA,NA,NA,1,NA,NA,NA,NA,NA,NA,NA,NA,NA,NA,NA,NA,NA,NA,NA,NA,NA,NA,NA,NA,NA,NA,NA,NA,NA,NA,NA,"3",5,2,1,1,4,"3","0",NA,"Gladewater",1,1,1,1,1,0,0,1,1,2,2,4,2,2,3,4,4,4,1,1,1,1,"51",1,"1","2","0",1,2,2,1,5,5,5,5,5,4,4,4,3,3,4,5,1,4,2,6,6,6,4,3,4,2,1,NA,NA,NA,NA,NA,NA,NA,NA,"no"
"379",72,16,"mandatory","no","male",3,1,4,4,4,3,NA,NA,NA,NA,NA,NA,NA,NA,NA,NA,NA,NA,NA,NA,NA,NA,NA,NA,NA,NA,NA,NA,NA,NA,NA,NA,NA,NA,NA,NA,NA,NA,NA,NA,NA,NA,NA,NA,NA,NA,NA,NA,NA,NA,NA,NA,NA,NA,NA,NA,NA,NA,NA,NA,NA,NA,NA,NA,NA,NA,NA,NA,NA,"",5,3,3,4,3,"","",NA,"",NA,NA,NA,NA,NA,NA,NA,NA,NA,2,5,5,1,1,5,2,1,5,1,NA,2,1,"72",1,"","","2",3,7,1,1,1,1,1,1,1,1,1,5,1,1,5,1,2,4,1,NA,NA,NA,NA,NA,NA,NA,NA,NA,NA,NA,NA,NA,NA,NA,NA,"no"
"380",64,21,"mandatory","yes","male",2,4,2,4,1,2,0,1,3,10,NA,NA,0,0,0,0,0,0,0,0,0,0,1,0,0,0,1,0,0,0,0,0,0,0,0,0,0,0,0,1,0,1,NA,NA,NA,NA,NA,NA,NA,NA,NA,NA,NA,NA,NA,NA,NA,NA,NA,NA,NA,NA,NA,NA,NA,NA,NA,NA,NA,"1",3,3,3,3,3,"3","0",NA,"Dallas",3,1,1,1,1,0,1,1,2,2,3,3,2,2,4,2,4,5,1,1,3,NA,"64",1,"","4","",5,8,1,1,1,2,2,2,2,3,3,2,2,2,3,2,2,4,2,1,1,3,4,6,3,3,2,0,0,0,0,1,1,0,0,"no"
"381",70,16,"mandatory","yes","female",1,5,4,4,1,4,1,NA,4,7,NA,NA,0,0,0,0,0,1,0,0,0,0,0,0,0,0,0,0,0,0,0,0,0,0,0,0,0,0,0,1,0,1,NA,NA,NA,NA,NA,NA,NA,NA,NA,NA,NA,NA,NA,NA,NA,NA,NA,NA,NA,NA,NA,NA,NA,NA,NA,NA,NA,"1",5,1,4,5,5,"1","0",NA,"Laredo, TX",2,1,1,1,1,0,0,1,1,2,5,5,3,3,1,3,1,5,1,1,3,NA,"70",1,"","","2",3,NA,2,2,5,1,2,5,5,5,5,3,2,1,5,1,2,4,2,1,1,6,6,6,NA,1,1,NA,NA,NA,NA,NA,NA,NA,NA,"no"
"382",75,NA,"mandatory","yes","male",2,4,4,1,1,4,1,NA,NA,NA,NA,NA,0,0,0,0,1,0,0,0,0,0,0,0,0,0,0,0,0,0,0,0,0,0,0,0,0,0,0,1,0,1,NA,NA,NA,NA,NA,NA,NA,NA,NA,NA,NA,NA,NA,NA,NA,NA,NA,NA,NA,NA,NA,NA,NA,NA,NA,NA,NA,"1",3,3,3,3,3,"1","2",NA,"Goliad",2,1,1,1,1,1,0,2,1,2,2,2,2,5,5,4,1,4,1,3,3,3,"75",4,"","","1",NA,1,1,2,4,1,3,3,4,4,4,4,4,4,4,4,2,5,2,1,4,3,3,4,4,1,2,0,0,0,1,1,1,0,0,"no"
"383",70,16,"mandatory","no","female",3,5,5,5,5,5,NA,NA,NA,NA,NA,NA,NA,NA,NA,NA,NA,NA,NA,NA,NA,NA,NA,NA,NA,NA,NA,NA,NA,NA,NA,NA,NA,NA,NA,NA,NA,NA,NA,NA,NA,NA,NA,NA,NA,NA,NA,NA,NA,NA,NA,NA,NA,NA,NA,NA,NA,NA,NA,NA,NA,NA,NA,NA,NA,NA,NA,NA,NA,"",5,4,NA,4,4,"","",NA,"",NA,NA,NA,NA,NA,NA,NA,NA,NA,2,5,2,3,5,5,4,1,5,1,1,1,NA,"70",3,"","1","1",3,NA,2,1,2,1,1,1,2,1,1,2,3,1,3,3,2,5,1,NA,NA,NA,NA,NA,NA,NA,NA,NA,NA,NA,NA,NA,NA,NA,NA,"no"
"384",NA,12,"mandatory","no","male",1,5,5,5,5,5,NA,NA,NA,NA,NA,NA,NA,NA,NA,NA,NA,NA,NA,NA,NA,NA,NA,NA,NA,NA,NA,NA,NA,NA,NA,NA,NA,NA,NA,NA,NA,NA,NA,NA,NA,NA,NA,NA,NA,NA,NA,NA,NA,NA,NA,NA,NA,NA,NA,NA,NA,NA,NA,NA,NA,NA,NA,NA,NA,NA,NA,NA,NA,"",5,4,3,5,5,"","",NA,"",NA,NA,NA,NA,NA,NA,NA,NA,NA,2,4,3,1,1,2,1,5,5,1,1,3,1,"",1,"","1","1",2,6,1,1,1,1,1,1,1,1,1,1,2,3,3,1,2,4,1,NA,NA,NA,NA,NA,NA,NA,NA,NA,NA,NA,NA,NA,NA,NA,NA,"no"
"385",71,18,"mandatory","no","female",1,1,1,1,5,5,NA,NA,NA,NA,NA,NA,NA,NA,NA,NA,NA,NA,NA,NA,NA,NA,NA,NA,NA,NA,NA,NA,NA,NA,NA,NA,NA,NA,NA,NA,NA,NA,NA,NA,NA,NA,NA,NA,NA,NA,NA,NA,NA,NA,NA,NA,NA,NA,NA,NA,NA,NA,NA,NA,NA,NA,NA,NA,NA,NA,NA,NA,NA,"",3,1,1,1,3,"","",NA,"",NA,NA,NA,NA,NA,NA,NA,NA,NA,2,2,4,1,1,2,1,2,4,1,1,2,2,"71",2,"","","1",4,1,2,2,1,1,5,5,1,1,1,5,3,4,4,4,2,5,1,NA,NA,NA,NA,NA,NA,NA,NA,NA,NA,NA,NA,NA,NA,NA,NA,"no"
"386",52,18,"mandatory","no","female",1,4,5,5,1,3,NA,NA,NA,NA,NA,NA,NA,NA,NA,NA,NA,NA,NA,NA,NA,NA,NA,NA,NA,NA,NA,NA,NA,NA,NA,NA,NA,NA,NA,NA,NA,NA,NA,NA,NA,NA,NA,NA,NA,NA,NA,NA,NA,NA,NA,NA,NA,NA,NA,NA,NA,NA,NA,NA,NA,NA,NA,NA,NA,NA,NA,NA,NA,"",5,1,5,3,1,"","",NA,"",NA,NA,NA,NA,NA,NA,NA,NA,NA,2,3,2,1,1,2,1,2,3,1,1,3,1,"52",1,"","2","",4,7,2,1,2,1,2,5,2,3,4,5,5,3,3,3,2,5,1,NA,NA,NA,NA,NA,NA,NA,NA,NA,NA,NA,NA,NA,NA,NA,NA,"no"
"387",62,18,"mandatory","no","male",5,5,5,1,1,5,NA,NA,NA,NA,NA,NA,NA,NA,NA,NA,NA,NA,NA,NA,NA,NA,NA,NA,NA,NA,NA,NA,NA,NA,NA,NA,NA,NA,NA,NA,NA,NA,NA,NA,NA,NA,NA,NA,NA,NA,NA,NA,NA,NA,NA,NA,NA,NA,NA,NA,NA,NA,NA,NA,NA,NA,NA,NA,NA,NA,NA,NA,NA,"",5,3,5,5,3,"","",NA,"",NA,NA,NA,NA,NA,NA,NA,NA,NA,NA,5,3,1,1,1,1,5,5,NA,NA,NA,NA,"62",1,"","2","",4,8,1,1,2,1,1,NA,3,3,3,5,5,1,1,5,2,4,1,NA,NA,NA,NA,NA,NA,NA,NA,NA,NA,NA,NA,NA,NA,NA,NA,"no"
"388",70,12,"mandatory","yes","male",NA,2,2,NA,NA,NA,1,NA,7,8,NA,NA,0,0,1,0,0,0,0,0,0,0,1,0,0,0,1,0,0,0,0,0,0,0,0,0,0,0,0,1,0,1,NA,NA,NA,NA,NA,NA,NA,NA,NA,NA,NA,NA,NA,NA,NA,NA,NA,NA,NA,NA,NA,NA,NA,NA,NA,NA,NA,"1",5,1,1,2,1,"4","0",NA,"San Antonio, TX",1,2,1,1,1,1,0,1,1,2,1,2,NA,1,1,3,5,5,1,1,3,3,"70",1,"","1","1",2,2,1,1,1,5,3,3,3,1,1,3,1,5,5,5,2,4,2,1,1,2,2,1,2,1,1,NA,NA,NA,NA,NA,NA,NA,NA,"yes"
"389",67,16,"mandatory","yes","female",1,1,5,2,2,5,0,1,1,5,NA,NA,0,0,0,0,0,0,0,0,0,0,0,0,0,0,1,0,0,0,0,0,0,0,0,0,0,0,1,1,0,1,NA,NA,NA,NA,NA,NA,NA,NA,NA,NA,NA,NA,NA,NA,NA,NA,NA,NA,NA,NA,NA,NA,NA,NA,NA,NA,NA,"2",1,3,3,3,4,"4","0",NA,"San Antonio",3,2,1,1,1,1,1,2,2,2,4,5,1,1,3,3,5,5,1,1,3,2,"67",4,"1","","",3,2,2,1,1,1,3,4,1,3,5,NA,4,4,5,1,1,5,2,2,2,2,2,2,2,2,1,NA,NA,NA,NA,NA,NA,NA,NA,"no"
"390",31,12,"mandatory","no","female",1,3,3,NA,4,3,NA,NA,NA,NA,NA,NA,NA,NA,NA,NA,NA,NA,NA,NA,NA,NA,NA,NA,NA,NA,NA,NA,NA,NA,NA,NA,NA,NA,NA,NA,NA,NA,NA,NA,NA,NA,NA,NA,NA,NA,NA,NA,NA,NA,NA,NA,NA,NA,NA,NA,NA,NA,NA,NA,NA,NA,NA,NA,NA,NA,NA,NA,NA,"",5,2,2,3,5,"","",NA,"",NA,NA,NA,NA,NA,NA,NA,NA,NA,2,4,5,1,1,2,2,4,5,1,1,3,3,"31",1,"4","2","",2,8,2,1,4,2,2,5,4,4,5,4,3,5,5,2,2,5,1,NA,NA,NA,NA,NA,NA,NA,NA,NA,NA,NA,NA,NA,NA,NA,NA,"yes"
"391",70,12,"mandatory","yes","female",1,5,5,5,5,1,1,NA,4,12,NA,NA,0,0,1,0,1,0,0,0,0,0,0,0,0,0,0,0,0,0,0,1,0,0,0,0,0,1,0,0,0,1,NA,NA,NA,NA,NA,NA,NA,NA,NA,NA,NA,NA,NA,NA,NA,NA,NA,NA,NA,NA,NA,NA,NA,NA,NA,NA,NA,"2",5,5,5,5,5,"2","1",NA,"Austin",2,1,2,NA,NA,NA,NA,1,2,2,5,4,4,4,4,5,1,5,1,1,3,3,"70",1,"","","2",2,2,2,1,3,1,1,3,5,5,5,5,5,4,5,5,2,5,2,1,1,4,3,3,3,3,1,NA,NA,NA,NA,NA,NA,NA,NA,"yes"
"392",80,18,"mandatory","yes","male",NA,4,NA,NA,NA,NA,1,NA,5,12,NA,NA,0,1,0,0,0,0,0,0,0,0,0,0,0,0,0,0,0,0,0,0,0,0,0,0,0,0,0,1,0,1,NA,NA,NA,NA,NA,NA,NA,NA,NA,NA,NA,NA,NA,NA,NA,NA,NA,NA,NA,NA,NA,NA,NA,NA,NA,NA,NA,"1",5,NA,NA,NA,NA,"2","0",NA,"Marble Falls",2,1,1,NA,NA,NA,NA,1,2,2,NA,3,NA,NA,NA,NA,NA,NA,1,3,3,NA,"80",1,"","","2",4,6,1,1,NA,NA,NA,5,NA,NA,NA,5,NA,NA,5,NA,2,4,2,NA,NA,NA,6,6,6,6,1,NA,NA,NA,NA,NA,NA,NA,NA,"yes"
"393",53,16,"mandatory","yes","female",NA,5,5,5,NA,5,0,NA,NA,NA,NA,NA,0,0,0,0,0,0,0,0,0,0,1,0,0,0,0,0,0,0,0,0,0,0,0,0,0,0,0,1,0,1,NA,NA,NA,NA,NA,NA,NA,NA,NA,NA,NA,NA,NA,NA,NA,NA,NA,NA,NA,NA,NA,NA,NA,NA,NA,NA,NA,"1",5,1,2,4,4,"2","0",NA,"San Marcos",2,1,1,1,1,1,0,1,2,2,3,5,2,1,5,4,5,5,1,1,3,2,"53",1,"","2","",3,7,2,1,3,4,1,5,4,5,5,3,5,1,5,5,NA,5,2,6,2,1,6,1,1,6,2,1,1,0,0,0,0,0,1,"yes"
"394",68,21,"mandatory","yes","female",1,3,1,1,1,3,1,NA,NA,NA,NA,NA,NA,NA,NA,NA,NA,NA,NA,NA,NA,NA,NA,NA,NA,NA,NA,NA,NA,NA,NA,NA,NA,NA,0,0,0,0,0,1,0,1,NA,NA,NA,NA,NA,NA,NA,NA,NA,NA,NA,NA,NA,NA,NA,NA,NA,NA,NA,NA,NA,NA,NA,NA,NA,NA,NA,"1",1,1,1,1,1,"1","1",NA,"San Antonio, TX",2,1,1,1,1,0,0,1,1,2,5,5,5,5,5,5,1,2,1,1,2,1,"68",2,"","","1",5,NA,2,1,5,5,5,5,5,5,5,5,5,5,5,5,1,4,2,NA,NA,NA,3,NA,3,NA,1,NA,NA,NA,NA,NA,NA,NA,NA,"yes"
"395",51,18,"mandatory","yes","male",1,4,5,5,1,2,1,NA,5,2,NA,NA,0,0,0,0,0,0,0,0,0,0,0,0,0,0,1,0,1,0,0,0,0,0,0,0,0,0,1,1,0,1,NA,NA,NA,NA,NA,NA,NA,NA,NA,NA,NA,NA,NA,NA,NA,NA,NA,NA,NA,NA,NA,NA,NA,NA,NA,NA,NA,"1",5,3,5,5,3,"5","1",NA,"San Antonio",1,4,1,1,1,1,0,1,2,2,3,3,1,2,3,2,1,4,1,1,3,1,"51",1,"","4","",4,8,1,1,3,1,2,3,3,3,4,2,2,2,2,2,2,5,2,1,1,2,6,6,6,3,2,0,0,0,0,0,0,0,1,"yes"
"396",75,NA,"mandatory","yes","female",2,2,2,1,1,3,1,NA,NA,NA,NA,NA,0,0,0,0,0,0,0,0,0,0,0,0,0,0,0,0,0,0,0,0,1,0,0,0,0,0,0,1,0,1,NA,NA,NA,NA,NA,NA,NA,NA,NA,NA,NA,NA,NA,NA,NA,NA,NA,NA,NA,NA,NA,NA,NA,NA,NA,NA,NA,"5",5,1,1,5,5,"3","0",NA,"Zapata, TX",1,2,1,0,1,1,1,1,1,2,1,5,1,1,5,5,3,5,1,3,3,3,"75",4,"","3","",NA,1,2,NA,4,5,5,5,4,4,5,5,3,4,5,5,1,4,2,4,1,5,3,6,1,1,1,NA,NA,NA,NA,NA,NA,NA,NA,"yes"
"397",60,18,"mandatory","yes","male",1,5,5,5,1,3,1,NA,5,7,NA,NA,0,0,0,0,0,0,0,0,0,0,1,0,0,0,0,0,0,0,0,0,0,0,0,0,0,1,0,0,0,1,NA,NA,NA,NA,NA,NA,NA,NA,NA,NA,NA,NA,NA,NA,NA,NA,NA,NA,NA,NA,NA,NA,NA,NA,NA,NA,NA,"0",5,5,5,5,5,"2","0",NA,"Pharr",2,2,1,1,1,1,1,1,1,2,3,4,1,1,3,2,4,4,1,1,3,2,"60",1,"","2","",4,8,1,1,1,1,1,3,3,3,5,4,4,1,1,1,1,4,2,4,4,6,6,6,6,4,1,NA,NA,NA,NA,NA,NA,NA,NA,"yes"
"398",54,12,"mandatory","yes","female",2,5,5,4,2,3,1,NA,4,14,NA,NA,0,0,0,0,0,0,0,0,0,0,1,0,0,0,1,0,0,0,0,0,0,0,1,0,1,0,0,1,0,1,NA,NA,NA,NA,NA,NA,NA,NA,NA,NA,NA,NA,NA,NA,NA,NA,NA,NA,NA,NA,NA,NA,NA,NA,NA,NA,NA,"1",5,1,5,4,5,"2","0",3,"San Antonio, Tx.",3,2,1,1,1,1,1,1,1,1,1,5,1,5,5,5,5,5,1,1,3,NA,"54",3,"","2","",2,1,2,1,5,5,5,5,5,5,5,5,5,5,5,5,1,4,2,1,1,6,6,6,6,1,2,1,1,1,1,1,0,0,0,"yes"
"399",79,16,"mandatory","yes","female",1,5,1,5,5,1,1,NA,NA,NA,NA,NA,0,1,0,0,0,0,1,0,0,0,0,0,0,0,0,0,0,0,0,0,0,0,0,1,0,0,0,0,0,2,1,5,1,1,1,NA,1,NA,NA,NA,NA,1,NA,NA,NA,NA,NA,NA,NA,NA,NA,NA,NA,NA,NA,NA,NA,"1",5,3,3,5,5,"2","0",NA,"Austin, TX",2,2,1,1,1,1,0,1,1,2,5,5,1,2,4,4,4,5,1,1,3,1,"79",1,"","","2",3,3,2,1,3,1,5,5,5,5,5,3,3,5,5,5,2,4,2,1,1,NA,4,6,5,4,1,NA,NA,NA,NA,NA,NA,NA,NA,"yes"
"400",69,12,"mandatory","yes","male",NA,3,3,NA,NA,NA,1,NA,6,NA,NA,NA,0,0,0,0,0,0,1,0,0,0,0,0,0,0,1,0,0,0,0,0,0,0,0,0,0,0,0,1,0,1,NA,NA,NA,NA,NA,NA,NA,NA,NA,NA,NA,NA,NA,NA,NA,NA,NA,NA,NA,NA,NA,NA,NA,NA,NA,NA,NA,"1",5,NA,NA,5,5,"2","0",NA,"San Antonio",2,2,1,1,1,1,1,1,2,2,NA,5,NA,NA,5,NA,5,5,1,3,1,NA,"69",1,"","1","",2,2,1,1,5,NA,NA,NA,5,5,5,5,NA,NA,NA,5,2,4,2,1,NA,2,2,2,NA,2,1,NA,NA,NA,NA,NA,NA,NA,NA,"yes"
"401",48,18,"mandatory","yes","female",1,4,4,4,1,3,0,2,4,16,4,20,0,0,0,0,0,0,0,0,0,0,1,0,0,0,0,0,0,0,0,0,0,0,0,0,0,1,0,0,0,1,NA,NA,NA,NA,NA,NA,NA,NA,NA,NA,NA,NA,NA,NA,NA,NA,NA,NA,NA,NA,NA,NA,NA,NA,NA,NA,NA,"2",5,3,3,4,1,"2","1",NA,"Floresville",2,1,1,1,1,0,1,1,2,1,4,5,2,1,5,2,3,5,1,1,3,3,"48",1,"2","2","",4,8,2,1,2,1,1,5,5,4,4,1,1,1,3,1,2,4,2,5,5,2,6,6,6,5,2,0,0,0,0,0,1,0,0,"yes"
"402",80,16,"mandatory","yes","male",NA,NA,4,NA,NA,NA,1,NA,3,12,NA,NA,0,0,0,0,0,0,0,0,0,0,1,0,0,0,0,0,0,0,0,0,0,0,0,0,0,0,0,1,0,1,NA,NA,NA,NA,NA,NA,NA,NA,NA,NA,NA,NA,NA,NA,NA,NA,NA,NA,NA,NA,NA,NA,NA,NA,NA,NA,NA,"2",5,NA,NA,NA,NA,"4","1",NA,"Floresville",2,1,1,1,1,0,0,NA,2,2,5,NA,NA,NA,NA,NA,NA,NA,1,1,3,NA,"80",1,"","","2",3,8,1,1,NA,NA,NA,NA,NA,5,NA,NA,NA,NA,NA,NA,2,4,2,6,6,6,6,6,6,2,2,1,1,1,0,1,1,1,0,"yes"
"403",54,18,"mandatory","no","male",5,5,5,5,1,5,NA,NA,NA,NA,NA,NA,NA,NA,NA,NA,NA,NA,NA,NA,NA,NA,NA,NA,NA,NA,NA,NA,NA,NA,NA,NA,NA,NA,NA,NA,NA,NA,NA,NA,NA,NA,NA,NA,NA,NA,NA,NA,NA,NA,NA,NA,NA,NA,NA,NA,NA,NA,NA,NA,NA,NA,NA,NA,NA,NA,NA,NA,NA,"",5,3,4,5,5,"","",NA,"",NA,NA,NA,NA,NA,NA,NA,NA,NA,2,3,2,3,3,4,4,3,4,1,1,3,NA,"54",1,"","2","",4,8,1,1,4,3,4,4,4,4,4,4,5,5,5,5,2,5,1,NA,NA,NA,NA,NA,NA,NA,NA,NA,NA,NA,NA,NA,NA,NA,NA,"yes"
"404",70,16,"mandatory","no","female",4,4,4,2,2,4,NA,NA,NA,NA,NA,NA,NA,NA,NA,NA,NA,NA,NA,NA,NA,NA,NA,NA,NA,NA,NA,NA,NA,NA,NA,NA,NA,NA,NA,NA,NA,NA,NA,NA,NA,NA,NA,NA,NA,NA,NA,NA,NA,NA,NA,NA,NA,NA,NA,NA,NA,NA,NA,NA,NA,NA,NA,NA,NA,NA,NA,NA,NA,"",5,5,5,3,4,"","",NA,"",NA,NA,NA,NA,NA,NA,NA,NA,NA,2,4,4,1,2,3,3,5,5,1,3,3,3,"70",3,"","","2",3,1,2,1,1,4,1,3,1,2,2,4,3,1,1,3,2,4,1,NA,NA,NA,NA,NA,NA,NA,NA,NA,NA,NA,NA,NA,NA,NA,NA,"yes"
"405",46,NA,"mandatory","yes","female",2,5,5,5,4,3,1,NA,4,19,NA,NA,0,0,0,0,0,0,0,0,0,0,0,0,0,0,1,0,0,0,0,0,0,0,0,0,0,1,0,1,0,1,NA,NA,NA,NA,NA,NA,NA,NA,NA,NA,NA,NA,NA,NA,NA,NA,NA,NA,NA,NA,NA,NA,NA,NA,NA,NA,NA,"1",5,3,5,5,5,"3","",NA,"San Antonio",2,2,1,1,1,1,0,1,1,2,3,5,1,1,4,3,3,5,1,1,3,1,"46",1,"","3","1",NA,8,2,1,3,1,2,2,4,4,5,5,5,1,2,5,1,4,2,6,4,6,6,6,1,6,1,NA,NA,NA,NA,NA,NA,NA,NA,"yes"
"406",75,21,"mandatory","no","female",1,3,2,1,1,2,NA,NA,NA,NA,NA,NA,NA,NA,NA,NA,NA,NA,NA,NA,NA,NA,NA,NA,NA,NA,NA,NA,NA,NA,NA,NA,NA,NA,NA,NA,NA,NA,NA,NA,NA,NA,NA,NA,NA,NA,NA,NA,NA,NA,NA,NA,NA,NA,NA,NA,NA,NA,NA,NA,NA,NA,NA,NA,NA,NA,NA,NA,NA,"",5,1,1,5,5,"","",NA,"",NA,NA,NA,NA,NA,NA,NA,NA,NA,2,3,5,5,1,2,3,1,5,1,1,3,1,"75",4,"","","1",5,3,2,1,1,1,5,5,1,3,3,5,5,1,3,1,2,5,1,NA,NA,NA,NA,NA,NA,NA,NA,NA,NA,NA,NA,NA,NA,NA,NA,"yes"
"407",46,12,"mandatory","not applicable","female",NA,NA,NA,NA,NA,NA,NA,NA,NA,NA,NA,NA,NA,NA,NA,NA,NA,NA,NA,NA,NA,NA,NA,NA,NA,NA,NA,NA,NA,NA,NA,NA,NA,NA,NA,NA,NA,NA,NA,NA,NA,NA,NA,NA,NA,NA,NA,NA,NA,NA,NA,NA,NA,NA,NA,NA,NA,NA,NA,NA,NA,NA,NA,NA,NA,NA,NA,NA,NA,"",NA,NA,NA,NA,NA,"","",NA,"",NA,NA,NA,NA,NA,NA,NA,NA,NA,NA,NA,NA,NA,NA,NA,NA,NA,NA,NA,NA,NA,NA,"46",1,"1","2","",2,6,2,1,NA,NA,NA,NA,NA,NA,NA,NA,NA,NA,NA,NA,2,5,3,NA,NA,NA,NA,NA,NA,NA,NA,NA,NA,NA,NA,NA,NA,NA,NA,"yes"
"408",58,16,"mandatory","yes","female",1,5,5,5,5,5,1,NA,1,14,NA,NA,0,0,0,0,0,0,0,0,0,0,1,0,0,0,0,0,0,0,0,0,0,0,0,0,0,0,0,1,0,1,NA,NA,NA,NA,NA,NA,NA,NA,NA,NA,NA,NA,NA,NA,NA,NA,NA,NA,NA,NA,NA,NA,NA,NA,NA,NA,NA,"5",5,3,2,4,5,"5","0",NA,"Carrizo springs",2,NA,1,1,1,1,1,1,1,2,4,4,4,1,5,5,5,5,1,1,2,2,"58",1,"5","13","",3,3,2,1,1,4,1,1,4,5,4,4,3,4,4,5,2,4,2,2,2,2,2,1,2,2,2,1,0,1,0,0,0,0,0,"yes"
"409",79,21,"mandatory","yes","male",NA,NA,5,NA,NA,5,1,NA,5,14,NA,NA,0,0,0,0,0,0,0,0,0,0,0,0,0,0,1,0,0,0,0,0,0,0,0,0,0,0,0,1,0,1,NA,NA,NA,NA,NA,NA,NA,NA,NA,NA,NA,NA,NA,NA,NA,NA,NA,NA,NA,NA,NA,NA,NA,NA,NA,NA,NA,"1",5,NA,NA,5,5,"2","0",NA,"Mason, Texas",1,4,1,1,0,0,0,1,1,2,4,4,1,1,2,2,NA,5,1,1,2,1,"79",1,"","","2",5,8,1,1,4,NA,1,2,4,4,4,4,1,1,3,1,2,4,2,NA,NA,NA,3,4,2,NA,1,NA,NA,NA,NA,NA,NA,NA,NA,"yes"
"410",61,18,"mandatory","yes","male",1,5,5,5,1,1,1,NA,4,22,NA,NA,0,0,0,0,0,0,0,0,0,0,1,0,0,0,0,0,0,0,0,0,0,0,0,0,0,0,0,1,0,1,NA,NA,NA,NA,NA,NA,NA,NA,NA,NA,NA,NA,NA,NA,NA,NA,NA,NA,NA,NA,NA,NA,NA,NA,NA,NA,NA,"1",5,5,5,1,5,"1","0",NA,"austin",2,1,1,1,1,1,1,1,1,2,3,3,3,3,3,1,3,3,1,1,3,3,"61",4,"","2","",4,6,1,5,3,3,3,3,3,5,5,3,1,1,3,3,1,4,2,5,2,2,3,4,1,3,1,NA,NA,NA,NA,NA,NA,NA,NA,"yes"
"411",29,16,"mandatory","yes","male",3,3,3,3,3,3,1,NA,4,18,NA,NA,0,0,0,0,0,0,0,0,0,0,0,0,0,0,0,0,1,0,0,0,0,0,0,1,0,0,0,1,0,2,1,5,5,5,5,NA,NA,NA,NA,NA,NA,NA,NA,NA,NA,NA,NA,NA,NA,NA,NA,1,NA,NA,NA,NA,NA,"1",5,5,5,5,5,"1","0",NA,"Forth Worth",2,1,1,1,1,1,1,1,1,2,5,5,5,5,5,4,5,4,1,2,1,1,"29",1,"4","","",3,5,1,5,3,4,4,4,4,4,4,4,4,4,4,4,1,4,2,6,4,5,5,5,5,5,1,NA,NA,NA,NA,NA,NA,NA,NA,"no"
"412",88,10,"mandatory","yes","female",4,5,5,NA,NA,3,1,NA,2,14,NA,NA,NA,NA,NA,NA,NA,NA,NA,NA,NA,NA,NA,NA,NA,NA,NA,NA,NA,NA,NA,NA,NA,NA,NA,NA,NA,NA,NA,NA,NA,1,NA,NA,NA,NA,NA,NA,NA,NA,NA,NA,NA,NA,NA,NA,NA,NA,NA,NA,NA,NA,NA,NA,NA,NA,NA,NA,NA,"2",5,4,4,3,4,"1","0",1,"",NA,2,1,1,1,1,0,2,1,2,1,1,1,1,1,1,1,1,1,1,2,1,"88",4,"","1","",1,1,2,1,2,5,5,5,2,5,5,1,1,5,5,5,1,5,2,1,1,6,6,6,6,NA,2,1,1,1,1,1,0,1,0,"yes"
"413",60,16,"mandatory","no","male",1,2,4,2,2,2,NA,NA,NA,NA,NA,NA,NA,NA,NA,NA,NA,NA,NA,NA,NA,NA,NA,NA,NA,NA,NA,NA,NA,NA,NA,NA,NA,NA,NA,NA,NA,NA,NA,NA,NA,NA,NA,NA,NA,NA,NA,NA,NA,NA,NA,NA,NA,NA,NA,NA,NA,NA,NA,NA,NA,NA,NA,NA,NA,NA,NA,NA,NA,"",5,5,5,5,5,"","",NA,"",NA,NA,NA,NA,NA,NA,NA,NA,NA,2,3,5,1,2,4,3,5,5,1,1,3,2,"60",1,"0","2","0",3,4,1,1,3,1,3,3,3,3,3,5,1,5,5,2,2,4,1,NA,NA,NA,NA,NA,NA,NA,NA,NA,NA,NA,NA,NA,NA,NA,NA,"no"
"414",63,16,"mandatory","yes","female",1,3,3,1,2,4,1,NA,3,14,NA,NA,0,1,0,0,0,0,0,0,0,0,0,0,0,0,0,0,0,0,0,1,0,0,0,0,0,1,0,0,0,1,NA,NA,NA,NA,NA,NA,NA,NA,NA,NA,NA,NA,NA,NA,NA,NA,NA,NA,NA,NA,NA,NA,NA,NA,NA,NA,NA,"2",4,2,3,2,3,"2","0",NA,"Houston, TX",2,1,1,1,1,0,0,1,1,2,5,5,2,2,3,1,3,5,1,1,3,3,"63",4,"","1","",3,2,2,5,2,3,4,4,4,4,5,3,5,2,4,5,1,5,2,3,2,4,4,5,3,1,1,NA,NA,NA,NA,NA,NA,NA,NA,"yes"
"415",43,18,"mandatory","no","female",2,4,4,4,4,4,NA,NA,NA,NA,NA,NA,NA,NA,NA,NA,NA,NA,NA,NA,NA,NA,NA,NA,NA,NA,NA,NA,NA,NA,NA,NA,NA,NA,NA,NA,NA,NA,NA,NA,NA,NA,NA,NA,NA,NA,NA,NA,NA,NA,NA,NA,NA,NA,NA,NA,NA,NA,NA,NA,NA,NA,NA,NA,NA,NA,NA,NA,NA,"",5,2,1,1,4,"","",NA,"",NA,NA,NA,NA,NA,NA,NA,NA,NA,1,5,5,1,3,3,1,4,5,1,1,3,1,"43",2,"","3","",4,5,2,1,1,1,1,1,1,1,1,1,1,1,1,1,2,4,1,NA,NA,NA,NA,NA,NA,NA,NA,NA,NA,NA,NA,NA,NA,NA,NA,"yes"
"416",45,16,"mandatory","yes","female",1,5,1,1,1,1,1,NA,1,14,NA,NA,0,0,0,0,0,0,0,0,0,0,0,0,0,0,1,0,0,0,0,0,0,0,0,0,0,0,0,1,0,1,NA,NA,NA,NA,NA,NA,NA,NA,NA,NA,NA,NA,NA,NA,NA,NA,NA,NA,NA,NA,NA,NA,NA,NA,NA,NA,NA,"1",1,1,1,1,5,"1","0",NA,"Kennedy, TX",2,1,1,1,1,0,1,1,1,1,5,3,5,5,5,5,5,5,1,1,3,3,"45",1,"1","","",3,1,2,1,3,3,3,3,3,5,3,3,3,3,3,5,1,5,2,1,1,5,6,1,1,1,1,NA,NA,NA,NA,NA,NA,NA,NA,"yes"
"417",69,16,"mandatory","yes","male",1,2,5,4,1,3,1,NA,5,11,NA,NA,0,1,1,0,0,1,0,0,0,0,0,0,0,0,1,1,0,0,0,0,0,0,0,0,0,0,0,1,0,1,NA,NA,NA,NA,NA,NA,NA,NA,NA,NA,NA,NA,NA,NA,NA,NA,NA,NA,NA,NA,NA,NA,NA,NA,NA,NA,NA,"1",5,5,5,5,5,"4","0",NA,"Edinburg, TX",2,1,1,1,1,NA,NA,1,2,2,3,4,1,1,3,3,1,5,1,1,1,1,"69",1,"","","1",3,7,1,1,2,1,3,3,2,2,2,5,1,4,3,1,2,4,2,1,1,2,6,6,5,6,2,1,1,1,0,0,0,0,0,"yes"
"418",48,18,"mandatory","no","female",1,5,4,4,2,2,NA,NA,NA,NA,NA,NA,NA,NA,NA,NA,NA,NA,NA,NA,NA,NA,NA,NA,NA,NA,NA,NA,NA,NA,NA,NA,NA,NA,NA,NA,NA,NA,NA,NA,NA,NA,NA,NA,NA,NA,NA,NA,NA,NA,NA,NA,NA,NA,NA,NA,NA,NA,NA,NA,NA,NA,NA,NA,NA,NA,NA,NA,NA,"",5,5,5,5,5,"","",NA,"",NA,NA,NA,NA,NA,NA,NA,NA,NA,2,2,4,1,2,4,2,1,5,1,2,3,NA,"48",1,"","2","",4,8,2,1,5,1,2,2,4,5,5,4,3,4,4,1,2,5,1,NA,NA,NA,NA,NA,NA,NA,NA,NA,NA,NA,NA,NA,NA,NA,NA,"no"
"419",70,12,"mandatory","yes","male",1,5,4,1,1,3,1,NA,5,17,NA,NA,0,0,0,0,1,0,1,0,0,0,0,0,0,0,0,0,0,0,0,0,0,0,0,0,0,0,0,1,0,1,NA,NA,NA,NA,NA,NA,NA,NA,NA,NA,NA,NA,NA,NA,NA,NA,NA,NA,NA,NA,NA,NA,NA,NA,NA,NA,NA,"1",5,1,1,5,NA,"1","1",NA,"Lockhart",2,1,1,1,0,0,0,1,2,2,3,5,1,1,3,3,1,5,1,1,3,2,"70",1,"","","2",2,6,1,1,5,1,1,1,5,5,5,1,1,1,1,1,2,4,2,1,1,6,6,1,1,4,2,0,0,0,0,1,0,0,1,"yes"
"420",48,16,"mandatory","yes","female",5,5,5,5,NA,5,1,NA,3,16,NA,NA,0,0,1,0,0,0,0,0,0,0,0,0,0,1,0,0,0,0,0,0,0,0,0,0,0,0,0,1,0,1,NA,NA,NA,NA,NA,NA,NA,NA,NA,NA,NA,NA,NA,NA,NA,NA,NA,NA,NA,NA,NA,NA,NA,NA,NA,NA,NA,"3",5,3,3,3,3,"2","0",3,"Austin, TX",2,1,1,1,1,0,1,NA,2,NA,4,5,4,NA,NA,NA,NA,NA,1,1,3,2,"48",1,"1","","",3,8,2,1,5,3,3,3,5,5,5,3,3,4,3,3,2,4,2,1,1,5,6,6,6,3,1,NA,NA,NA,NA,NA,NA,NA,NA,"yes"
"421",77,18,"mandatory","no","female",NA,5,5,5,1,5,NA,NA,NA,NA,NA,NA,NA,NA,NA,NA,NA,NA,NA,NA,NA,NA,NA,NA,NA,NA,NA,NA,NA,NA,NA,NA,NA,NA,NA,NA,NA,NA,NA,NA,NA,NA,NA,NA,NA,NA,NA,NA,NA,NA,NA,NA,NA,NA,NA,NA,NA,NA,NA,NA,NA,NA,NA,NA,NA,NA,NA,NA,NA,"",5,NA,NA,5,5,"","",NA,"",NA,NA,NA,NA,NA,NA,NA,NA,NA,2,5,5,2,4,3,4,5,5,1,1,3,2,"77",1,"","","2",4,NA,2,1,5,1,5,5,5,5,5,5,5,5,5,3,2,5,1,NA,NA,NA,NA,NA,NA,NA,NA,NA,NA,NA,NA,NA,NA,NA,NA,"yes"
"422",56,18,"mandatory","yes","male",3,3,3,2,1,2,1,NA,5,9,NA,NA,0,0,0,0,0,0,0,0,0,0,1,0,0,0,0,0,0,0,0,0,0,0,0,0,0,0,0,1,0,1,NA,NA,NA,NA,NA,NA,NA,NA,NA,NA,NA,NA,NA,NA,NA,NA,NA,NA,NA,NA,NA,NA,NA,NA,NA,NA,NA,"1",5,5,5,5,5,"2","0",NA,"Austin",2,1,1,1,1,0,0,1,2,2,5,5,4,2,5,5,5,5,1,2,3,3,"56",1,"","2","",4,3,1,1,4,3,5,5,4,5,5,5,3,5,5,3,2,4,2,3,2,5,5,6,5,5,1,NA,NA,NA,NA,NA,NA,NA,NA,"yes"
"423",69,16,"mandatory","no","female",2,NA,NA,NA,NA,2,NA,NA,NA,NA,NA,NA,NA,NA,NA,NA,NA,NA,NA,NA,NA,NA,NA,NA,NA,NA,NA,NA,NA,NA,NA,NA,NA,NA,NA,NA,NA,NA,NA,NA,NA,NA,NA,NA,NA,NA,NA,NA,NA,NA,NA,NA,NA,NA,NA,NA,NA,NA,NA,NA,NA,NA,NA,NA,NA,NA,NA,NA,NA,"",NA,NA,3,NA,4,"","",NA,"",NA,NA,NA,NA,NA,NA,NA,NA,NA,2,5,1,1,1,1,1,4,5,1,1,2,1,"69",4,"","","1",3,1,2,1,1,1,4,5,1,1,1,1,5,4,2,4,2,4,1,NA,NA,NA,NA,NA,NA,NA,NA,NA,NA,NA,NA,NA,NA,NA,NA,"yes"
"424",45,16,"mandatory","yes","female",1,3,3,1,2,3,1,NA,4,7,NA,NA,0,0,0,0,0,0,0,0,0,0,0,0,0,0,1,0,0,0,0,0,0,0,0,0,0,0,0,1,0,1,NA,NA,NA,NA,NA,NA,NA,NA,NA,NA,NA,NA,NA,NA,NA,NA,NA,NA,NA,NA,NA,NA,NA,NA,NA,NA,NA,"1",5,2,2,5,2,"2","0",NA,"Georgetown, TX.",2,2,1,0,1,1,1,1,1,1,2,4,1,3,4,3,5,5,1,2,3,2,"45",1,"1","2","",3,2,2,1,2,5,5,5,5,5,5,4,5,5,5,5,2,5,2,1,1,5,5,5,4,1,1,NA,NA,NA,NA,NA,NA,NA,NA,"yes"
"425",49,18,"mandatory","yes","female",1,4,4,4,4,1,1,NA,4,17,NA,NA,0,1,0,0,0,0,0,0,0,0,1,0,0,0,1,0,0,0,0,0,0,0,0,0,0,0,0,1,0,1,NA,NA,NA,NA,NA,NA,NA,NA,NA,NA,NA,NA,NA,NA,NA,NA,NA,NA,NA,NA,NA,NA,NA,NA,NA,NA,NA,"1",1,1,1,1,1,"1","",NA,"Pflugerville",3,1,1,1,1,0,1,1,1,1,4,4,1,1,3,2,2,5,1,2,3,2,"49",3,"1","1","",4,1,2,3,3,4,4,3,3,3,3,4,3,2,2,4,2,4,2,1,1,5,6,1,2,2,1,NA,NA,NA,NA,NA,NA,NA,NA,"yes"
"426",72,12,"mandatory","no","male",1,1,3,3,1,4,NA,NA,NA,NA,NA,NA,NA,NA,NA,NA,NA,NA,NA,NA,NA,NA,NA,NA,NA,NA,NA,NA,NA,NA,NA,NA,NA,NA,NA,NA,NA,NA,NA,NA,NA,NA,NA,NA,NA,NA,NA,NA,NA,NA,NA,NA,NA,NA,NA,NA,NA,NA,NA,NA,NA,NA,NA,NA,NA,NA,NA,NA,NA,"",5,1,1,2,5,"","",NA,"",NA,NA,NA,NA,NA,NA,NA,NA,NA,2,5,5,1,1,3,1,5,5,1,1,3,2,"72",1,"","","2",2,5,1,1,1,1,1,3,3,NA,3,3,5,5,5,2,1,5,1,NA,NA,NA,NA,NA,NA,NA,NA,NA,NA,NA,NA,NA,NA,NA,NA,"yes"
"427",57,18,"mandatory","yes","male",1,4,NA,3,1,2,1,NA,3,24,NA,NA,0,1,0,0,0,0,0,0,0,0,0,0,0,0,0,0,0,0,0,1,0,0,0,0,0,0,0,1,0,1,NA,NA,NA,NA,NA,NA,NA,NA,NA,NA,NA,NA,NA,NA,NA,NA,NA,NA,NA,NA,NA,NA,NA,NA,NA,NA,NA,"1",5,5,5,3,4,"2","",NA,"Waco",2,1,1,1,1,0,0,1,2,2,2,2,1,1,3,1,1,4,1,1,3,1,"57",1,"","2","",4,3,1,1,1,1,2,2,2,NA,2,4,3,1,3,4,2,5,2,1,1,5,4,6,2,2,2,1,0,1,0,1,0,1,0,"yes"
"428",42,12,"mandatory","yes","female",2,5,5,4,3,5,1,NA,3,17,NA,NA,0,0,0,0,0,0,0,0,0,0,0,0,0,0,1,0,0,0,0,0,0,0,0,0,0,0,0,1,0,1,NA,NA,NA,NA,NA,NA,NA,NA,NA,NA,NA,NA,NA,NA,NA,NA,NA,NA,NA,NA,NA,NA,NA,NA,NA,NA,NA,"1",5,3,4,5,4,"2","0",NA,"Seguin, TX",2,1,1,1,1,0,1,1,2,2,5,5,4,4,3,5,5,4,1,1,3,3,"42",1,"1","2","",2,7,2,1,4,5,4,3,3,5,5,1,1,4,5,4,2,4,2,6,3,6,3,6,2,5,1,NA,NA,NA,NA,NA,NA,NA,NA,"yes"
"429",66,12,"mandatory","yes","female",NA,5,1,1,1,5,1,NA,4,12,NA,NA,0,0,0,0,0,0,0,0,0,0,1,0,0,0,0,0,0,0,0,0,0,0,0,0,1,0,0,0,0,1,NA,NA,NA,NA,NA,NA,NA,NA,NA,NA,NA,NA,NA,NA,NA,NA,NA,NA,NA,NA,NA,NA,NA,NA,NA,NA,NA,"1",4,1,1,1,2,"1","0",NA,"Dallas, TX",1,1,1,1,1,0,0,1,1,2,1,4,1,1,4,2,1,5,1,1,1,1,"66",2,"","","1",2,4,2,1,1,1,1,5,5,3,5,4,1,1,1,1,NA,5,2,1,1,1,3,5,3,3,1,NA,NA,NA,NA,NA,NA,NA,NA,"yes"
"430",42,18,"mandatory","not applicable","female",1,1,1,1,1,1,NA,NA,NA,NA,NA,NA,NA,NA,NA,NA,NA,NA,NA,NA,NA,NA,NA,NA,NA,NA,NA,NA,NA,NA,NA,NA,NA,NA,NA,NA,NA,NA,NA,NA,NA,NA,NA,NA,NA,NA,NA,NA,NA,NA,NA,NA,NA,NA,NA,NA,NA,NA,NA,NA,NA,NA,NA,NA,NA,NA,NA,NA,NA,"",1,1,1,1,1,"","",NA,"",NA,NA,NA,NA,NA,NA,NA,NA,NA,NA,1,1,1,1,1,1,1,1,NA,NA,NA,NA,"42",1,"","1","",4,7,2,1,1,1,1,1,1,1,1,1,1,1,1,1,2,5,3,NA,NA,NA,NA,NA,NA,NA,NA,NA,NA,NA,NA,NA,NA,NA,NA,"yes"
"431",67,18,"mandatory","yes","female",1,1,2,3,3,4,1,NA,3,12,NA,NA,0,0,0,0,0,0,1,0,0,0,0,0,0,0,1,0,0,0,0,0,0,0,0,0,0,0,0,1,0,2,1,5,1,1,1,NA,NA,NA,NA,NA,NA,1,NA,NA,NA,NA,NA,NA,NA,1,NA,NA,NA,NA,NA,NA,NA,"1",5,2,3,2,4,"2","0",NA,"San Antonio",NA,2,1,1,1,1,1,1,1,2,2,1,1,1,3,1,3,4,1,3,3,3,"67",4,"2","2","1",4,2,2,1,2,1,1,1,3,5,1,1,1,1,2,4,2,4,2,1,1,3,4,1,1,2,1,NA,NA,NA,NA,NA,NA,NA,NA,"yes"
"432",65,12,"mandatory","yes","female",1,3,3,1,2,1,1,NA,1,10,NA,NA,0,0,0,0,0,0,0,0,0,0,0,0,0,0,0,0,0,0,0,1,0,0,0,0,0,0,0,1,0,1,NA,NA,NA,NA,NA,NA,NA,NA,NA,NA,NA,NA,NA,NA,NA,NA,NA,NA,NA,NA,NA,NA,NA,NA,NA,NA,NA,"1",5,1,1,1,3,"2","0",NA,"Ft. Hood; Kaleen",2,1,1,1,0,0,0,1,1,2,3,4,3,1,4,4,4,1,1,1,3,1,"65",1,"","2","",2,1,2,NA,1,3,4,4,2,4,4,4,1,4,4,4,1,5,2,1,1,1,2,2,2,1,2,1,0,0,0,0,0,0,0,"yes"
"433",67,21,"mandatory","yes","female",3,5,5,5,1,4,1,NA,5,11,NA,NA,0,0,0,0,0,0,0,0,0,0,1,0,0,0,1,0,0,0,0,0,0,0,0,0,0,0,1,1,0,1,NA,NA,NA,NA,NA,NA,NA,NA,NA,NA,NA,NA,NA,NA,NA,NA,NA,NA,NA,NA,NA,NA,NA,NA,NA,NA,NA,"1",5,5,5,NA,5,"2","0",NA,"Swimney Switch",2,1,1,1,0,0,0,1,1,2,4,5,2,2,3,4,1,5,1,1,3,1,"67",1,"","","2",5,7,2,1,5,1,3,3,5,5,5,4,5,2,4,2,2,4,2,1,1,6,6,6,6,5,2,0,0,0,0,0,0,0,1,"yes"
"434",68,16,"mandatory","no","female",1,4,5,5,1,2,NA,NA,NA,NA,NA,NA,NA,NA,NA,NA,NA,NA,NA,NA,NA,NA,NA,NA,NA,NA,NA,NA,NA,NA,NA,NA,NA,NA,NA,NA,NA,NA,NA,NA,NA,NA,NA,NA,NA,NA,NA,NA,NA,NA,NA,NA,NA,NA,NA,NA,NA,NA,NA,NA,NA,NA,NA,NA,NA,NA,NA,NA,NA,"",5,1,1,1,5,"","",NA,"",NA,NA,NA,NA,NA,NA,NA,NA,NA,2,5,5,5,5,5,5,5,5,1,1,3,2,"68",3,"","1","1",3,2,2,1,1,2,5,5,3,5,5,5,5,5,4,4,1,5,1,NA,NA,NA,NA,NA,NA,NA,NA,NA,NA,NA,NA,NA,NA,NA,NA,"yes"
"435",65,16,"voluntary","no","male",1,2,2,2,1,1,NA,NA,NA,NA,NA,NA,NA,NA,NA,NA,NA,NA,NA,NA,NA,NA,NA,NA,NA,NA,NA,NA,NA,NA,NA,NA,NA,NA,NA,NA,NA,NA,NA,NA,NA,NA,NA,NA,NA,NA,NA,NA,NA,NA,NA,NA,NA,NA,NA,NA,NA,NA,NA,NA,NA,NA,NA,NA,NA,NA,NA,NA,NA,"",2,2,2,2,2,"","",NA,"",NA,NA,NA,NA,NA,NA,NA,NA,NA,2,3,3,1,1,2,1,3,5,1,1,2,1,"65",1,"","2","",3,NA,1,1,2,1,1,1,2,2,2,2,1,1,1,1,2,4,1,NA,NA,NA,NA,NA,NA,NA,NA,NA,NA,NA,NA,NA,NA,NA,NA,"no"
"436",52,21,"voluntary","no","female",3,3,5,3,1,2,NA,NA,NA,NA,NA,NA,NA,NA,NA,NA,NA,NA,NA,NA,NA,NA,NA,NA,NA,NA,NA,NA,NA,NA,NA,NA,NA,NA,NA,NA,NA,NA,NA,NA,NA,NA,NA,NA,NA,NA,NA,NA,NA,NA,NA,NA,NA,NA,NA,NA,NA,NA,NA,NA,NA,NA,NA,NA,NA,NA,NA,NA,NA,"",5,3,3,3,3,"","",NA,"",NA,NA,NA,NA,NA,NA,NA,NA,NA,2,4,3,1,2,3,3,3,5,1,1,3,1,"52",1,"","2","",5,8,2,1,1,3,3,5,2,1,3,3,1,3,5,1,2,5,1,NA,NA,NA,NA,NA,NA,NA,NA,NA,NA,NA,NA,NA,NA,NA,NA,"no"
"437",37,10,"voluntary","no","male",NA,5,2,5,5,5,NA,NA,NA,NA,NA,NA,NA,NA,NA,NA,NA,NA,NA,NA,NA,NA,NA,NA,NA,NA,NA,NA,NA,NA,NA,NA,NA,NA,NA,NA,NA,NA,NA,NA,NA,NA,NA,NA,NA,NA,NA,NA,NA,NA,NA,NA,NA,NA,NA,NA,NA,NA,NA,NA,NA,NA,NA,NA,NA,NA,NA,NA,NA,"",5,1,1,2,2,"","",NA,"",NA,NA,NA,NA,NA,NA,NA,NA,NA,2,2,3,1,1,2,1,3,3,1,1,NA,NA,"37",1,"4","2","",1,5,1,1,2,2,2,3,2,2,3,2,2,1,2,4,2,4,1,NA,NA,NA,NA,NA,NA,NA,NA,NA,NA,NA,NA,NA,NA,NA,NA,"no"
"438",63,16,"voluntary","yes","male",1,5,5,1,4,1,0,1,3,9,NA,NA,0,0,0,1,0,0,0,1,0,0,0,0,0,0,0,0,0,0,0,0,0,0,0,0,0,0,0,1,0,1,NA,NA,NA,NA,NA,NA,NA,NA,NA,NA,NA,NA,NA,NA,NA,NA,NA,NA,NA,NA,NA,NA,NA,NA,NA,NA,NA,"1",5,5,5,5,5,"3","0",NA,"Austin, TX",1,2,1,1,1,1,0,1,1,2,3,3,3,3,3,3,4,4,1,1,3,2,"63",1,"2","2","1",3,3,1,1,1,2,3,3,1,3,4,2,1,3,3,3,2,4,2,1,1,2,2,1,1,1,1,NA,NA,NA,NA,NA,NA,NA,NA,"no"
"439",48,18,"voluntary","no","female",3,1,4,2,5,4,NA,NA,NA,NA,NA,NA,NA,NA,NA,NA,NA,NA,NA,NA,NA,NA,NA,NA,NA,NA,NA,NA,NA,NA,NA,NA,NA,NA,NA,NA,NA,NA,NA,NA,NA,NA,NA,NA,NA,NA,NA,NA,NA,NA,NA,NA,NA,NA,NA,NA,NA,NA,NA,NA,NA,NA,NA,NA,NA,NA,NA,NA,NA,"",5,5,5,5,5,"","",NA,"",NA,NA,NA,NA,NA,NA,NA,NA,NA,2,3,2,1,1,1,1,5,5,1,1,3,1,"48",1,"","2","",4,7,2,1,1,1,2,5,1,2,2,5,5,2,5,1,2,5,1,NA,NA,NA,NA,NA,NA,NA,NA,NA,NA,NA,NA,NA,NA,NA,NA,"no"
"440",36,16,"voluntary","no","female",1,3,2,3,2,4,NA,NA,NA,NA,NA,NA,NA,NA,NA,NA,NA,NA,NA,NA,NA,NA,NA,NA,NA,NA,NA,NA,NA,NA,NA,NA,NA,NA,NA,NA,NA,NA,NA,NA,NA,NA,NA,NA,NA,NA,NA,NA,NA,NA,NA,NA,NA,NA,NA,NA,NA,NA,NA,NA,NA,NA,NA,NA,NA,NA,NA,NA,NA,"",3,4,5,5,5,"","",NA,"",NA,NA,NA,NA,NA,NA,NA,NA,NA,2,1,1,1,1,1,1,1,1,1,1,2,2,"36",1,"","2","",3,7,2,1,3,1,2,5,2,4,3,4,5,4,5,5,2,5,1,NA,NA,NA,NA,NA,NA,NA,NA,NA,NA,NA,NA,NA,NA,NA,NA,"no"
"441",60,16,"voluntary","yes","female",1,1,2,2,1,1,0,1,4,19,NA,NA,0,0,0,0,0,0,0,0,0,0,0,0,0,0,0,0,0,0,0,1,0,0,0,0,1,0,0,0,0,1,NA,NA,NA,NA,NA,NA,NA,NA,NA,NA,NA,NA,NA,NA,NA,NA,NA,NA,NA,NA,NA,NA,NA,NA,NA,NA,NA,"1",4,4,2,2,2,"5","0",NA,"College Station, TX",2,1,1,1,1,1,0,1,2,2,1,1,1,1,1,1,1,1,1,1,3,1,"60",1,"","3","",3,8,2,1,4,1,1,1,4,5,5,5,4,4,4,1,2,4,2,1,1,5,5,6,1,5,1,NA,NA,NA,NA,NA,NA,NA,NA,"no"
"442",48,21,"voluntary","no","male",4,4,4,5,1,1,NA,NA,NA,NA,NA,NA,NA,NA,NA,NA,NA,NA,NA,NA,NA,NA,NA,NA,NA,NA,NA,NA,NA,NA,NA,NA,NA,NA,NA,NA,NA,NA,NA,NA,NA,NA,NA,NA,NA,NA,NA,NA,NA,NA,NA,NA,NA,NA,NA,NA,NA,NA,NA,NA,NA,NA,NA,NA,NA,NA,NA,NA,NA,"",5,5,5,5,5,"","",NA,"",NA,NA,NA,NA,NA,NA,NA,NA,NA,2,5,5,1,1,2,1,5,5,1,1,3,1,"48",1,"2","4","",5,5,1,1,1,5,5,5,1,1,1,5,5,5,5,5,2,4,1,NA,NA,NA,NA,NA,NA,NA,NA,NA,NA,NA,NA,NA,NA,NA,NA,"no"
"443",60,10,"voluntary","no","male",NA,NA,3,NA,NA,NA,NA,NA,NA,NA,NA,NA,NA,NA,NA,NA,NA,NA,NA,NA,NA,NA,NA,NA,NA,NA,NA,NA,NA,NA,NA,NA,NA,NA,NA,NA,NA,NA,NA,NA,NA,NA,NA,NA,NA,NA,NA,NA,NA,NA,NA,NA,NA,NA,NA,NA,NA,NA,NA,NA,NA,NA,NA,NA,NA,NA,NA,NA,NA,"",3,NA,NA,NA,NA,"","",NA,"",NA,NA,NA,NA,NA,NA,NA,NA,NA,2,5,1,1,1,5,1,1,5,1,1,3,1,"60",2,"","1","",1,2,1,1,1,5,5,5,1,1,1,1,1,5,5,1,2,4,1,NA,NA,NA,NA,NA,NA,NA,NA,NA,NA,NA,NA,NA,NA,NA,NA,"no"
"444",83,18,"voluntary","no","male",1,5,4,NA,NA,NA,NA,NA,NA,NA,NA,NA,NA,NA,NA,NA,NA,NA,NA,NA,NA,NA,NA,NA,NA,NA,NA,NA,NA,NA,NA,NA,NA,NA,NA,NA,NA,NA,NA,NA,NA,NA,NA,NA,NA,NA,NA,NA,NA,NA,NA,NA,NA,NA,NA,NA,NA,NA,NA,NA,NA,NA,NA,NA,NA,NA,NA,NA,NA,"",5,4,4,5,5,"","",NA,"",NA,NA,NA,NA,NA,NA,NA,NA,NA,1,5,5,1,1,2,2,1,5,1,2,2,2,"83",1,"","","2",4,6,1,1,1,1,1,1,1,1,1,1,1,1,1,1,1,4,1,NA,NA,NA,NA,NA,NA,NA,NA,NA,NA,NA,NA,NA,NA,NA,NA,"no"
"445",NA,12,"voluntary","yes","female",1,3,1,1,1,3,0,NA,5,18,NA,NA,NA,NA,NA,NA,NA,NA,NA,NA,NA,NA,NA,NA,NA,NA,NA,NA,NA,NA,NA,NA,NA,NA,0,0,0,1,0,0,0,NA,NA,NA,NA,NA,NA,NA,NA,NA,NA,NA,NA,NA,NA,NA,NA,NA,NA,NA,NA,NA,NA,NA,NA,NA,NA,NA,NA,"1",NA,NA,NA,NA,NA,"1","0",NA,"",2,NA,1,NA,NA,NA,NA,NA,2,2,2,NA,1,1,4,2,1,5,1,3,3,1,"",4,"","","1",2,1,2,1,2,1,2,2,3,NA,NA,NA,NA,3,3,3,2,5,2,1,1,1,5,NA,5,6,2,1,0,0,0,1,0,0,0,"no"
"446",67,18,"voluntary","no","female",1,5,5,1,1,3,NA,NA,NA,NA,NA,NA,NA,NA,NA,NA,NA,NA,NA,NA,NA,NA,NA,NA,NA,NA,NA,NA,NA,NA,NA,NA,NA,NA,NA,NA,NA,NA,NA,NA,NA,NA,NA,NA,NA,NA,NA,NA,NA,NA,NA,NA,NA,NA,NA,NA,NA,NA,NA,NA,NA,NA,NA,NA,NA,NA,NA,NA,NA,"",5,1,3,3,3,"","",NA,"",NA,NA,NA,NA,NA,NA,NA,NA,NA,2,3,3,1,1,1,1,5,5,1,1,3,1,"67",1,"","","2",4,5,2,1,5,1,5,5,3,2,2,4,4,5,5,3,2,4,1,NA,NA,NA,NA,NA,NA,NA,NA,NA,NA,NA,NA,NA,NA,NA,NA,"yes"
"447",64,18,"voluntary","no","female",2,1,2,2,1,3,NA,NA,NA,NA,NA,NA,NA,NA,NA,NA,NA,NA,NA,NA,NA,NA,NA,NA,NA,NA,NA,NA,NA,NA,NA,NA,NA,NA,NA,NA,NA,NA,NA,NA,NA,NA,NA,NA,NA,NA,NA,NA,NA,NA,NA,NA,NA,NA,NA,NA,NA,NA,NA,NA,NA,NA,NA,NA,NA,NA,NA,NA,NA,"",5,5,5,5,5,"","",NA,"",NA,NA,NA,NA,NA,NA,NA,NA,NA,2,5,5,1,3,4,2,4,5,1,1,3,2,"64",1,"","","3",4,8,2,1,4,2,2,2,4,4,5,4,2,4,5,2,2,5,1,NA,NA,NA,NA,NA,NA,NA,NA,NA,NA,NA,NA,NA,NA,NA,NA,"no"
"448",66,16,"voluntary","yes","female",1,4,5,1,1,4,1,NA,5,10,NA,NA,1,0,0,0,1,0,0,0,0,0,0,0,0,0,0,0,0,0,0,0,0,0,0,0,1,0,0,1,0,1,NA,NA,NA,NA,NA,NA,NA,NA,NA,NA,NA,NA,NA,NA,NA,NA,NA,NA,NA,NA,NA,NA,NA,NA,NA,NA,NA,"1",5,1,5,4,4,"2","",NA,"Austin, TX",2,1,1,1,1,0,0,1,1,2,4,5,1,1,4,5,4,5,1,1,3,1,"66",1,"","","2",3,7,2,1,3,1,3,4,5,4,5,5,4,3,4,1,2,4,2,6,3,3,6,6,5,3,1,NA,NA,NA,NA,NA,NA,NA,NA,"no"
"449",39,18,"voluntary","yes","female",1,1,2,3,2,2,1,NA,4,16,NA,NA,0,1,0,0,0,0,0,0,0,0,0,0,0,0,0,0,0,0,0,0,0,0,0,0,0,0,0,1,0,1,NA,NA,NA,NA,NA,NA,NA,NA,NA,NA,NA,NA,NA,NA,NA,NA,NA,NA,NA,NA,NA,NA,NA,NA,NA,NA,NA,"2",5,5,2,5,5,"3","0",NA,"Weatherford",2,1,1,1,1,0,0,2,2,2,4,5,1,5,3,2,4,5,1,1,3,3,"39",1,"2","2","2",4,8,2,1,3,2,3,4,3,3,5,5,2,2,3,2,2,4,2,3,1,2,4,6,2,3,1,NA,NA,NA,NA,NA,NA,NA,NA,"no"
"450",74,18,"voluntary","no","female",NA,NA,5,NA,NA,NA,NA,NA,NA,NA,NA,NA,NA,NA,NA,NA,NA,NA,NA,NA,NA,NA,NA,NA,NA,NA,NA,NA,NA,NA,NA,NA,NA,NA,NA,NA,NA,NA,NA,NA,NA,NA,NA,NA,NA,NA,NA,NA,NA,NA,NA,NA,NA,NA,NA,NA,NA,NA,NA,NA,NA,NA,NA,NA,NA,NA,NA,NA,NA,"",5,5,5,5,5,"","",NA,"",NA,NA,NA,NA,NA,NA,NA,NA,NA,2,5,5,1,1,3,1,NA,5,1,1,3,2,"74",1,"","","2",4,5,2,1,NA,NA,NA,NA,NA,NA,NA,5,5,NA,NA,NA,2,4,1,NA,NA,NA,NA,NA,NA,NA,NA,NA,NA,NA,NA,NA,NA,NA,NA,"no"
"451",29,18,"voluntary","yes","male",1,5,5,5,1,3,1,NA,1,12,NA,NA,0,0,0,0,1,0,0,1,0,0,0,0,0,0,0,0,0,0,0,0,0,0,0,0,0,0,0,1,0,1,NA,NA,NA,NA,NA,NA,NA,NA,NA,NA,NA,NA,NA,NA,NA,NA,NA,NA,NA,NA,NA,NA,NA,NA,NA,NA,NA,"1",5,3,3,3,5,"1","0",NA,"Austin",2,1,1,1,1,0,0,1,1,2,5,5,3,3,3,3,3,3,1,1,2,2,"29",1,"1","3","1",4,4,1,3,3,5,2,4,3,5,5,1,3,4,5,3,2,5,2,3,4,3,4,5,5,1,1,NA,NA,NA,NA,NA,NA,NA,NA,"no"
"452",68,21,"voluntary","no","female",NA,5,5,NA,NA,5,NA,NA,NA,NA,NA,NA,NA,NA,NA,NA,NA,NA,NA,NA,NA,NA,NA,NA,NA,NA,NA,NA,NA,NA,NA,NA,NA,NA,NA,NA,NA,NA,NA,NA,NA,NA,NA,NA,NA,NA,NA,NA,NA,NA,NA,NA,NA,NA,NA,NA,NA,NA,NA,NA,NA,NA,NA,NA,NA,NA,NA,NA,NA,"",5,5,5,5,1,"","",NA,"",NA,NA,NA,NA,NA,NA,NA,NA,NA,2,5,4,1,1,1,1,2,5,NA,1,2,1,"68",4,"","2","1",5,7,2,1,2,1,1,1,3,2,2,5,1,1,4,1,2,4,1,NA,NA,NA,NA,NA,NA,NA,NA,NA,NA,NA,NA,NA,NA,NA,NA,"no"
"453",65,16,"voluntary","no","female",1,4,3,2,1,4,NA,NA,NA,NA,NA,NA,NA,NA,NA,NA,NA,NA,NA,NA,NA,NA,NA,NA,NA,NA,NA,NA,NA,NA,NA,NA,NA,NA,NA,NA,NA,NA,NA,NA,NA,NA,NA,NA,NA,NA,NA,NA,NA,NA,NA,NA,NA,NA,NA,NA,NA,NA,NA,NA,NA,NA,NA,NA,NA,NA,NA,NA,NA,"",5,5,5,5,5,"","",NA,"",NA,NA,NA,NA,NA,NA,NA,NA,NA,2,NA,3,2,1,3,3,2,5,1,1,3,1,"65",1,"","1","1",3,5,2,1,3,5,3,5,3,4,4,3,2,4,5,5,2,4,1,NA,NA,NA,NA,NA,NA,NA,NA,NA,NA,NA,NA,NA,NA,NA,NA,"no"
"454",89,21,"voluntary","no",NA,1,3,2,1,1,1,NA,NA,NA,NA,NA,NA,NA,NA,NA,NA,NA,NA,NA,NA,NA,NA,NA,NA,NA,NA,NA,NA,NA,NA,NA,NA,NA,NA,NA,NA,NA,NA,NA,NA,NA,NA,NA,NA,NA,NA,NA,NA,NA,NA,NA,NA,NA,NA,NA,NA,NA,NA,NA,NA,NA,NA,NA,NA,NA,NA,NA,NA,NA,"",5,1,1,1,1,"","",NA,"",NA,NA,NA,NA,NA,NA,NA,NA,NA,2,NA,NA,1,1,NA,NA,1,5,1,1,3,1,"89",2,"","1","1",5,3,NA,1,1,1,1,1,1,1,1,1,1,1,1,5,2,5,1,NA,NA,NA,NA,NA,NA,NA,NA,NA,NA,NA,NA,NA,NA,NA,NA,"no"
"455",65,18,"voluntary","no","female",1,5,5,5,2,4,NA,NA,NA,NA,NA,NA,NA,NA,NA,NA,NA,NA,NA,NA,NA,NA,NA,NA,NA,NA,NA,NA,NA,NA,NA,NA,NA,NA,NA,NA,NA,NA,NA,NA,NA,NA,NA,NA,NA,NA,NA,NA,NA,NA,NA,NA,NA,NA,NA,NA,NA,NA,NA,NA,NA,NA,NA,NA,NA,NA,NA,NA,NA,"",5,5,5,5,5,"","",NA,"",NA,NA,NA,NA,NA,NA,NA,NA,NA,2,4,3,1,1,3,1,1,5,1,1,3,1,"65",1,"","2","",4,8,2,1,4,2,2,2,4,5,5,5,5,5,5,2,2,5,1,NA,NA,NA,NA,NA,NA,NA,NA,NA,NA,NA,NA,NA,NA,NA,NA,"no"
"456",NA,NA,"voluntary","yes",NA,2,5,5,2,3,3,NA,NA,NA,NA,NA,NA,NA,NA,NA,NA,NA,NA,NA,NA,NA,NA,NA,NA,NA,NA,NA,NA,NA,NA,NA,NA,NA,NA,NA,NA,NA,NA,NA,NA,NA,NA,NA,NA,NA,NA,NA,NA,NA,NA,NA,NA,NA,NA,NA,NA,NA,NA,NA,NA,NA,NA,NA,NA,NA,NA,NA,NA,NA,"",5,2,3,5,5,"","",NA,"",NA,NA,NA,NA,NA,NA,NA,NA,NA,NA,4,5,1,4,2,2,1,3,NA,NA,NA,NA,"",NA,"","","",NA,NA,NA,NA,3,1,1,1,4,2,3,4,4,4,2,1,NA,NA,2,NA,NA,NA,NA,NA,NA,NA,NA,NA,NA,NA,NA,NA,NA,NA,NA,"no"
"457",37,12,"voluntary","yes","female",1,2,1,2,2,2,1,NA,4,3,NA,NA,0,0,0,0,0,0,0,1,0,0,0,0,0,0,0,0,0,0,0,0,0,0,0,0,1,0,0,1,0,1,NA,NA,NA,NA,NA,NA,NA,NA,NA,NA,NA,NA,NA,NA,NA,NA,NA,NA,NA,NA,NA,NA,NA,NA,NA,NA,NA,"2",5,2,2,2,5,"2","0",NA,"San antonio",2,1,1,1,1,1,1,1,1,1,5,5,5,4,4,3,5,5,1,1,2,2,"37",1,"1","4","",2,1,2,1,5,3,5,5,5,5,5,5,5,5,5,5,1,4,2,2,2,2,5,6,6,5,2,1,1,1,1,1,1,0,0,"no"
"458",59,12,"voluntary","yes","male",1,3,3,3,1,1,0,3,5,10,NA,NA,0,0,0,0,0,0,0,1,0,0,0,0,0,0,0,0,0,0,0,0,0,0,0,0,0,0,0,1,0,1,NA,NA,NA,NA,NA,NA,NA,NA,NA,NA,NA,NA,NA,NA,NA,NA,NA,NA,NA,NA,NA,NA,NA,NA,NA,NA,NA,"1",5,5,5,3,5,"4","",NA,"",1,2,1,0,1,1,0,1,1,2,5,5,1,1,5,1,5,5,1,2,2,1,"59",2,"","","",2,4,1,1,1,1,1,1,1,5,5,5,1,5,5,1,2,4,2,6,6,6,6,6,4,2,2,0,1,1,0,0,1,0,0,"no"
"459",43,16,"voluntary","no","female",5,5,5,5,5,5,NA,NA,NA,NA,NA,NA,NA,NA,NA,NA,NA,NA,NA,NA,NA,NA,NA,NA,NA,NA,NA,NA,NA,NA,NA,NA,NA,NA,NA,NA,NA,NA,NA,NA,NA,NA,NA,NA,NA,NA,NA,NA,NA,NA,NA,NA,NA,NA,NA,NA,NA,NA,NA,NA,NA,NA,NA,NA,NA,NA,NA,NA,NA,"",5,5,5,5,5,"","",NA,"",NA,NA,NA,NA,NA,NA,NA,NA,NA,2,5,4,1,1,2,3,3,5,1,1,1,3,"43",1,"3","2","",3,8,2,1,5,5,5,5,5,5,5,5,5,5,5,5,2,4,1,NA,NA,NA,NA,NA,NA,NA,NA,NA,NA,NA,NA,NA,NA,NA,NA,"yes"
"460",60,16,"voluntary","not applicable","female",1,5,5,3,1,4,NA,NA,NA,NA,NA,NA,NA,NA,NA,NA,NA,NA,NA,NA,NA,NA,NA,NA,NA,NA,NA,NA,NA,NA,NA,NA,NA,NA,NA,NA,NA,NA,NA,NA,NA,NA,NA,NA,NA,NA,NA,NA,NA,NA,NA,NA,NA,NA,NA,NA,NA,NA,NA,NA,NA,NA,NA,NA,NA,NA,NA,NA,NA,"",5,1,1,3,4,"","",NA,"",NA,NA,NA,NA,NA,NA,NA,NA,NA,NA,1,4,1,1,2,2,1,3,NA,NA,NA,NA,"60",4,"","1","",3,2,2,1,2,1,3,3,2,1,1,2,1,1,3,4,NA,5,3,NA,NA,NA,NA,NA,NA,NA,NA,NA,NA,NA,NA,NA,NA,NA,NA,"no"
"461",56,18,"voluntary","yes","female",1,5,4,3,1,2,0,2,4,20,5,9,0,0,0,0,1,0,0,1,0,0,0,0,0,0,0,0,0,0,0,0,0,0,0,0,0,1,0,0,0,2,1,5,1,1,1,NA,NA,NA,NA,1,NA,NA,1,NA,NA,NA,NA,NA,NA,NA,NA,1,NA,NA,NA,NA,NA,"2",5,1,1,3,5,"2","0",NA,"San Marcos",2,1,1,1,1,0,0,1,1,2,3,4,1,1,3,3,3,5,1,1,3,1,"56",1,"","2","",4,8,2,1,1,1,1,3,4,1,3,2,3,1,2,1,1,4,2,1,1,1,6,5,5,1,1,NA,NA,NA,NA,NA,NA,NA,NA,"no"
"462",56,18,"voluntary","no","female",1,4,3,3,2,4,NA,NA,NA,NA,NA,NA,NA,NA,NA,NA,NA,NA,NA,NA,NA,NA,NA,NA,NA,NA,NA,NA,NA,NA,NA,NA,NA,NA,NA,NA,NA,NA,NA,NA,NA,NA,NA,NA,NA,NA,NA,NA,NA,NA,NA,NA,NA,NA,NA,NA,NA,NA,NA,NA,NA,NA,NA,NA,NA,NA,NA,NA,NA,"",5,2,2,2,5,"","",NA,"",NA,NA,NA,NA,NA,NA,NA,NA,NA,2,4,5,1,2,4,4,5,5,1,1,3,2,"56",1,"","2","",4,7,2,1,2,4,5,5,4,4,5,5,5,5,5,4,2,5,1,NA,NA,NA,NA,NA,NA,NA,NA,NA,NA,NA,NA,NA,NA,NA,NA,"no"
"463",86,12,"voluntary","no","female",NA,NA,5,NA,NA,NA,NA,NA,NA,NA,NA,NA,NA,NA,NA,NA,NA,NA,NA,NA,NA,NA,NA,NA,NA,NA,NA,NA,NA,NA,NA,NA,NA,NA,NA,NA,NA,NA,NA,NA,NA,NA,NA,NA,NA,NA,NA,NA,NA,NA,NA,NA,NA,NA,NA,NA,NA,NA,NA,NA,NA,NA,NA,NA,NA,NA,NA,NA,NA,"",5,NA,NA,NA,NA,"","",NA,"",NA,NA,NA,NA,NA,NA,NA,NA,NA,2,NA,NA,NA,NA,NA,NA,NA,5,1,1,2,NA,"86",4,"","","1",2,1,2,1,NA,NA,NA,NA,NA,NA,NA,NA,NA,NA,NA,NA,2,5,1,NA,NA,NA,NA,NA,NA,NA,NA,NA,NA,NA,NA,NA,NA,NA,NA,"no"
"464",33,16,"voluntary","yes","male",1,1,2,5,5,5,1,NA,5,8,NA,NA,0,0,0,0,1,0,0,0,0,0,0,0,0,0,0,0,0,0,0,0,0,0,0,0,1,0,0,1,0,1,NA,NA,NA,NA,NA,NA,NA,NA,NA,NA,NA,NA,NA,NA,NA,NA,NA,NA,NA,NA,NA,NA,NA,NA,NA,NA,NA,"2",5,5,5,5,5,"2","0",NA,"Marble Falls",1,1,1,1,1,1,1,1,2,2,3,5,3,3,3,3,3,5,1,1,1,1,"33",1,"1","2","",3,8,1,1,1,1,1,1,1,2,3,4,1,3,1,1,2,4,2,6,3,4,4,4,2,2,1,NA,NA,NA,NA,NA,NA,NA,NA,"no"
"465",52,16,"voluntary","no","male",1,3,3,3,3,3,NA,NA,NA,NA,NA,NA,NA,NA,NA,NA,NA,NA,NA,NA,NA,NA,NA,NA,NA,NA,NA,NA,NA,NA,NA,NA,NA,NA,NA,NA,NA,NA,NA,NA,NA,NA,NA,NA,NA,NA,NA,NA,NA,NA,NA,NA,NA,NA,NA,NA,NA,NA,NA,NA,NA,NA,NA,NA,NA,NA,NA,NA,NA,"",5,5,5,5,5,"","",NA,"",NA,NA,NA,NA,NA,NA,NA,NA,NA,2,5,5,1,1,2,1,4,5,1,1,3,1,"52",1,"","2","",3,7,1,1,1,4,3,5,1,3,3,3,1,3,3,4,2,4,1,NA,NA,NA,NA,NA,NA,NA,NA,NA,NA,NA,NA,NA,NA,NA,NA,"no"
"466",58,12,"voluntary","no","male",1,5,5,1,1,1,NA,NA,NA,NA,NA,NA,NA,NA,NA,NA,NA,NA,NA,NA,NA,NA,NA,NA,NA,NA,NA,NA,NA,NA,NA,NA,NA,NA,NA,NA,NA,NA,NA,NA,NA,NA,NA,NA,NA,NA,NA,NA,NA,NA,NA,NA,NA,NA,NA,NA,NA,NA,NA,NA,NA,NA,NA,NA,NA,NA,NA,NA,NA,"",5,1,1,5,5,"","",NA,"",NA,NA,NA,NA,NA,NA,NA,NA,NA,2,3,3,1,1,2,1,1,3,1,1,3,1,"58",1,"","2","",2,8,1,1,1,1,3,4,1,1,1,5,1,5,5,1,2,4,1,NA,NA,NA,NA,NA,NA,NA,NA,NA,NA,NA,NA,NA,NA,NA,NA,"no"
"467",NA,NA,"voluntary",NA,NA,NA,NA,NA,NA,NA,NA,NA,NA,NA,NA,NA,NA,NA,NA,NA,NA,NA,NA,NA,NA,NA,NA,NA,NA,NA,NA,NA,NA,NA,NA,NA,NA,NA,NA,NA,NA,NA,NA,NA,NA,NA,NA,NA,NA,NA,NA,NA,NA,NA,NA,NA,NA,NA,NA,NA,NA,NA,NA,NA,NA,NA,NA,NA,NA,NA,NA,NA,NA,NA,"",NA,NA,NA,NA,NA,"","",NA,"",NA,NA,NA,NA,NA,NA,NA,NA,NA,NA,NA,NA,NA,NA,NA,NA,NA,NA,NA,NA,NA,NA,"",NA,"","","",NA,NA,NA,NA,NA,NA,NA,NA,NA,NA,NA,NA,NA,NA,NA,NA,NA,NA,NA,NA,NA,NA,NA,NA,NA,NA,NA,NA,NA,NA,NA,NA,NA,NA,NA,"no"
"468",44,18,"voluntary","yes","female",1,3,3,3,3,3,1,NA,4,5,NA,NA,0,0,0,0,1,0,0,1,0,0,0,0,0,0,0,0,1,0,0,0,0,0,0,0,0,1,0,1,0,1,NA,NA,NA,NA,NA,NA,NA,NA,NA,NA,NA,NA,NA,NA,NA,NA,NA,NA,NA,NA,NA,NA,NA,NA,NA,NA,NA,"2.",3,NA,NA,3,3,"2","0",NA,"New Braunfels",2,1,1,1,0,0,0,1,2,2,1,5,1,5,5,4,5,5,1,1,3,3,"44",2,"0","2","0",4,7,2,1,5,1,2,5,5,5,5,5,5,5,5,4,2,4,2,6,2,6,6,6,1,6,2,1,1,1,1,1,1,0,0,"no"
"469",69,16,"voluntary","no","male",NA,3,3,4,NA,NA,NA,NA,NA,NA,NA,NA,NA,NA,NA,NA,NA,NA,NA,NA,NA,NA,NA,NA,NA,NA,NA,NA,NA,NA,NA,NA,NA,NA,NA,NA,NA,NA,NA,NA,NA,NA,NA,NA,NA,NA,NA,NA,NA,NA,NA,NA,NA,NA,NA,NA,NA,NA,NA,NA,NA,NA,NA,NA,NA,NA,NA,NA,NA,"",5,3,3,3,3,"","",NA,"",NA,NA,NA,NA,NA,NA,NA,NA,NA,2,5,5,1,2,5,3,NA,5,1,1,3,NA,"69",1,"","","2",3,6,1,1,5,NA,5,5,3,5,5,5,NA,NA,5,5,1,4,1,NA,NA,NA,NA,NA,NA,NA,NA,NA,NA,NA,NA,NA,NA,NA,NA,"no"
"470",56,21,"voluntary","no","male",2,2,1,3,1,3,NA,NA,NA,NA,NA,NA,NA,NA,NA,NA,NA,NA,NA,NA,NA,NA,NA,NA,NA,NA,NA,NA,NA,NA,NA,NA,NA,NA,NA,NA,NA,NA,NA,NA,NA,NA,NA,NA,NA,NA,NA,NA,NA,NA,NA,NA,NA,NA,NA,NA,NA,NA,NA,NA,NA,NA,NA,NA,NA,NA,NA,NA,NA,"",5,3,3,2,2,"","",NA,"",NA,NA,NA,NA,NA,NA,NA,NA,NA,2,4,2,1,2,2,1,5,5,1,1,3,1,"56",1,"","3","",5,NA,1,1,1,1,1,1,2,3,5,5,1,4,3,1,2,4,1,NA,NA,NA,NA,NA,NA,NA,NA,NA,NA,NA,NA,NA,NA,NA,NA,"no"
"471",57,21,"voluntary","yes","female",1,5,5,5,5,5,1,NA,3,15,NA,NA,0,1,0,0,0,0,0,0,0,0,0,0,0,0,0,0,0,0,0,0,0,0,1,0,1,0,0,1,0,1,NA,NA,NA,NA,NA,NA,NA,NA,NA,NA,NA,NA,NA,NA,NA,NA,NA,NA,NA,NA,NA,NA,NA,NA,NA,NA,NA,"3",5,5,5,5,5,"6","0",NA,"Winnsboro, TX",3,4,1,1,1,1,1,1,1,2,5,5,4,4,5,5,5,5,1,1,3,1,"57",4,"","1","",5,4,2,1,5,1,5,5,5,5,5,5,5,5,5,1,2,4,2,3,2,6,6,6,6,4,2,1,0,0,0,1,0,0,0,"no"
"472",85,21,"voluntary","yes","female",1,3,2,1,1,1,1,NA,3,14,NA,NA,0,0,0,0,0,0,0,1,0,0,0,0,0,0,0,0,0,0,0,0,0,0,0,0,0,1,0,1,0,1,NA,NA,NA,NA,NA,NA,NA,NA,NA,NA,NA,NA,NA,NA,NA,NA,NA,NA,NA,NA,NA,NA,NA,NA,NA,NA,NA,"1",3,3,3,3,3,"1","0",NA,"San Antonio, TX",2,2,1,1,1,1,0,1,1,2,2,2,1,1,4,2,1,4,1,3,3,1,"85",4,"","","1",5,6,2,1,1,1,1,1,1,4,5,1,1,1,1,1,2,4,2,1,1,1,6,3,5,1,2,1,0,0,0,0,0,0,0,"no"
"473",40,16,"voluntary","yes","male",1,3,4,3,1,2,1,NA,4,15,NA,NA,0,0,0,0,0,0,0,0,0,0,1,0,0,0,0,0,1,0,0,1,0,0,0,1,0,0,0,1,0,1,NA,NA,NA,NA,NA,NA,NA,NA,NA,NA,NA,NA,NA,NA,NA,NA,NA,NA,NA,NA,NA,NA,NA,NA,NA,NA,NA,"1",4,4,3,4,3,"3","0",NA,"Floresville, TX",2,2,1,1,1,1,0,1,1,2,3,5,1,1,3,2,3,5,1,1,1,1,"40",2,"","1","1",3,2,1,1,1,2,1,2,4,2,5,3,2,2,4,1,2,4,2,2,1,3,4,6,6,1,1,NA,NA,NA,NA,NA,NA,NA,NA,"no"
"474",69,16,"voluntary","no","male",5,3,5,5,5,4,NA,NA,NA,NA,NA,NA,NA,NA,NA,NA,NA,NA,NA,NA,NA,NA,NA,NA,NA,NA,NA,NA,NA,NA,NA,NA,NA,NA,NA,NA,NA,NA,NA,NA,NA,NA,NA,NA,NA,NA,NA,NA,NA,NA,NA,NA,NA,NA,NA,NA,NA,NA,NA,NA,NA,NA,NA,NA,NA,NA,NA,NA,NA,"",5,4,4,5,5,"","",NA,"",NA,NA,NA,NA,NA,NA,NA,NA,NA,2,4,5,1,3,3,1,1,4,1,3,3,1,"69",1,"","2","1",3,6,1,1,1,3,3,4,1,2,2,2,3,5,4,1,2,5,1,NA,NA,NA,NA,NA,NA,NA,NA,NA,NA,NA,NA,NA,NA,NA,NA,"no"
"475",42,21,"voluntary","yes","female",2,3,4,2,2,2,1,NA,4,15,NA,NA,0,1,0,0,0,0,0,0,0,0,0,0,0,0,0,0,1,0,0,0,0,0,0,0,0,0,0,1,0,1,NA,NA,NA,NA,NA,NA,NA,NA,NA,NA,NA,NA,NA,NA,NA,NA,NA,NA,NA,NA,NA,NA,NA,NA,NA,NA,NA,"2",3,3,3,3,2,"2","0",NA,"College Station, TX",2,2,1,1,1,1,1,1,2,2,3,4,1,2,4,2,4,5,1,3,2,2,"42",3,"1","2","",5,5,2,1,2,4,2,3,2,3,5,1,1,1,1,5,2,5,2,5,3,6,6,6,3,4,2,1,1,0,1,1,0,0,0,"no"
"476",74,21,"voluntary","no","female",NA,3,NA,NA,NA,NA,NA,NA,NA,NA,NA,NA,NA,NA,NA,NA,NA,NA,NA,NA,NA,NA,NA,NA,NA,NA,NA,NA,NA,NA,NA,NA,NA,NA,NA,NA,NA,NA,NA,NA,NA,NA,NA,NA,NA,NA,NA,NA,NA,NA,NA,NA,NA,NA,NA,NA,NA,NA,NA,NA,NA,NA,NA,NA,NA,NA,NA,NA,NA,"",3,NA,NA,NA,NA,"","",NA,"",NA,NA,NA,NA,NA,NA,NA,NA,NA,2,NA,NA,NA,NA,NA,NA,NA,5,1,1,2,1,"74",2,"","","1",5,3,2,1,NA,1,1,1,NA,1,1,1,4,5,1,1,2,4,1,NA,NA,NA,NA,NA,NA,NA,NA,NA,NA,NA,NA,NA,NA,NA,NA,"no"
"477",75,12,"voluntary","no","female",1,1,1,1,1,5,NA,NA,NA,NA,NA,NA,NA,NA,NA,NA,NA,NA,NA,NA,NA,NA,NA,NA,NA,NA,NA,NA,NA,NA,NA,NA,NA,NA,NA,NA,NA,NA,NA,NA,NA,NA,NA,NA,NA,NA,NA,NA,NA,NA,NA,NA,NA,NA,NA,NA,NA,NA,NA,NA,NA,NA,NA,NA,NA,NA,NA,NA,NA,"",5,1,1,1,5,"","",NA,"",NA,NA,NA,NA,NA,NA,NA,NA,NA,2,NA,3,1,1,1,1,4,5,1,1,1,1,"75",4,"4","","",2,1,2,2,3,1,2,1,5,5,3,2,1,1,1,5,2,4,1,NA,NA,NA,NA,NA,NA,NA,NA,NA,NA,NA,NA,NA,NA,NA,NA,"no"
"478",86,NA,"voluntary","no",NA,NA,NA,NA,NA,NA,NA,NA,NA,NA,NA,NA,NA,NA,NA,NA,NA,NA,NA,NA,NA,NA,NA,NA,NA,NA,NA,NA,NA,NA,NA,NA,NA,NA,NA,NA,NA,NA,NA,NA,NA,NA,NA,NA,NA,NA,NA,NA,NA,NA,NA,NA,NA,NA,NA,NA,NA,NA,NA,NA,NA,NA,NA,NA,NA,NA,NA,NA,NA,NA,"",NA,NA,NA,NA,NA,"","",NA,"",NA,NA,NA,NA,NA,NA,NA,NA,NA,2,NA,NA,NA,NA,NA,NA,NA,NA,1,1,NA,NA,"86",4,"","1","1",NA,NA,NA,2,NA,NA,NA,NA,NA,NA,NA,NA,NA,NA,NA,NA,NA,5,NA,NA,NA,NA,NA,NA,NA,NA,NA,NA,NA,NA,NA,NA,NA,NA,NA,"no"
"479",74,18,"voluntary","yes","female",1,3,2,1,1,1,NA,1,4,16,NA,NA,0,1,0,0,1,0,0,0,0,0,0,1,0,0,0,0,1,0,0,0,0,0,0,0,0,0,0,1,0,1,NA,NA,NA,NA,NA,NA,NA,NA,NA,NA,NA,NA,NA,NA,NA,NA,NA,NA,NA,NA,NA,NA,NA,NA,NA,NA,NA,"1",2,1,NA,1,2,"2","0",NA,"New Braunsfel, TX",2,1,1,1,0,0,0,1,1,2,2,3,1,1,2,1,1,3,1,1,2,2,"74",1,"","","2",4,2,2,1,1,1,1,4,1,2,3,4,1,1,2,2,2,5,2,1,1,2,4,1,1,1,1,NA,NA,NA,NA,NA,NA,NA,NA,"no"
"480",64,18,"voluntary","no","male",1,1,1,1,1,2,NA,NA,NA,NA,NA,NA,NA,NA,NA,NA,NA,NA,NA,NA,NA,NA,NA,NA,NA,NA,NA,NA,NA,NA,NA,NA,NA,NA,NA,NA,NA,NA,NA,NA,NA,NA,NA,NA,NA,NA,NA,NA,NA,NA,NA,NA,NA,NA,NA,NA,NA,NA,NA,NA,NA,NA,NA,NA,NA,NA,NA,NA,NA,"",5,1,1,5,5,"","",NA,"",NA,NA,NA,NA,NA,NA,NA,NA,NA,2,4,4,1,1,2,1,3,3,1,1,3,NA,"64",3,"0","0","0",4,NA,1,1,1,1,1,1,1,1,1,1,1,1,1,1,1,4,1,NA,NA,NA,NA,NA,NA,NA,NA,NA,NA,NA,NA,NA,NA,NA,NA,"no"
"481",35,16,"voluntary","no","male",2,4,4,4,1,5,NA,NA,NA,NA,NA,NA,NA,NA,NA,NA,NA,NA,NA,NA,NA,NA,NA,NA,NA,NA,NA,NA,NA,NA,NA,NA,NA,NA,NA,NA,NA,NA,NA,NA,NA,NA,NA,NA,NA,NA,NA,NA,NA,NA,NA,NA,NA,NA,NA,NA,NA,NA,NA,NA,NA,NA,NA,NA,NA,NA,NA,NA,NA,"",5,2,3,4,5,"","",NA,"",NA,NA,NA,NA,NA,NA,NA,NA,NA,2,5,5,1,1,4,2,1,5,1,3,3,1,"35",2,"2","2","",3,1,1,1,1,1,5,5,1,1,1,1,2,NA,1,5,2,4,1,NA,NA,NA,NA,NA,NA,NA,NA,NA,NA,NA,NA,NA,NA,NA,NA,"no"
"482",69,12,"voluntary","yes","male",1,1,1,1,NA,3,1,NA,4,10,NA,NA,0,0,0,0,0,0,0,1,0,0,0,0,0,0,0,0,0,0,0,0,0,0,0,0,0,0,0,1,0,1,NA,NA,NA,NA,NA,NA,NA,NA,NA,NA,NA,NA,NA,NA,NA,NA,NA,NA,NA,NA,NA,NA,NA,NA,NA,NA,NA,"1",5,4,4,4,4,"1","0",NA,"San Antonio, TX",2,2,1,1,1,1,1,1,1,1,3,3,1,1,5,4,5,5,2,2,3,1,"69",3,"","","1",2,3,1,1,5,5,5,5,5,5,5,5,2,3,5,5,1,5,2,4,6,4,3,1,1,1,1,NA,NA,NA,NA,NA,NA,NA,NA,"yes"
"483",69,16,"voluntary","no","female",1,3,4,2,1,1,NA,NA,NA,NA,NA,NA,NA,NA,NA,NA,NA,NA,NA,NA,NA,NA,NA,NA,NA,NA,NA,NA,NA,NA,NA,NA,NA,NA,NA,NA,NA,NA,NA,NA,NA,NA,NA,NA,NA,NA,NA,NA,NA,NA,NA,NA,NA,NA,NA,NA,NA,NA,NA,NA,NA,NA,NA,NA,NA,NA,NA,NA,NA,"",4,3,3,2,4,"","",NA,"",NA,NA,NA,NA,NA,NA,NA,NA,NA,2,3,4,3,1,3,2,5,5,1,1,3,1,"69",1,"1","4","2",3,3,2,1,1,1,5,5,1,1,1,5,4,5,5,3,2,5,1,NA,NA,NA,NA,NA,NA,NA,NA,NA,NA,NA,NA,NA,NA,NA,NA,"no"
"484",32,12,"voluntary","no","female",1,3,4,4,5,5,NA,NA,NA,NA,NA,NA,NA,NA,NA,NA,NA,NA,NA,NA,NA,NA,NA,NA,NA,NA,NA,NA,NA,NA,NA,NA,NA,NA,NA,NA,NA,NA,NA,NA,NA,NA,NA,NA,NA,NA,NA,NA,NA,NA,NA,NA,NA,NA,NA,NA,NA,NA,NA,NA,NA,NA,NA,NA,NA,NA,NA,NA,NA,"",5,2,2,1,5,"","",NA,"",NA,NA,NA,NA,NA,NA,NA,NA,NA,2,3,2,1,1,2,1,1,2,1,1,1,1,"32",2,"1","2","",2,2,2,1,2,1,5,5,2,2,4,2,5,5,5,3,1,5,1,NA,NA,NA,NA,NA,NA,NA,NA,NA,NA,NA,NA,NA,NA,NA,NA,"no"
"485",47,18,"voluntary","yes","female",1,3,3,3,3,3,NA,1,4,20,NA,NA,0,1,0,0,0,0,0,0,0,0,0,0,0,0,0,0,0,0,0,0,0,0,0,0,0,0,0,1,0,2,5,5,1,1,NA,NA,1,NA,NA,NA,NA,NA,NA,NA,NA,NA,NA,NA,NA,NA,NA,NA,NA,NA,NA,NA,NA,"2",5,5,5,5,5,"2","0",NA,"Rockdale, TX",2,1,1,1,1,0,0,1,2,2,3,1,1,1,1,1,1,2,1,1,2,1,"47",1,"","2","",4,6,2,1,1,1,1,1,1,1,5,1,1,1,1,1,2,4,2,1,1,1,5,6,1,3,1,NA,NA,NA,NA,NA,NA,NA,NA,"no"
"486",69,21,"voluntary","no","female",1,4,3,1,1,4,NA,NA,NA,NA,NA,NA,NA,NA,NA,NA,NA,NA,NA,NA,NA,NA,NA,NA,NA,NA,NA,NA,NA,NA,NA,NA,NA,NA,NA,NA,NA,NA,NA,NA,NA,NA,NA,NA,NA,NA,NA,NA,NA,NA,NA,NA,NA,NA,NA,NA,NA,NA,NA,NA,NA,NA,NA,NA,NA,NA,NA,NA,NA,"",5,4,4,5,5,"","",NA,"",NA,NA,NA,NA,NA,NA,NA,NA,NA,2,3,4,1,1,3,2,1,5,1,1,3,1,"69",1,"","","2",5,6,2,1,4,4,1,5,4,4,4,4,4,3,5,4,NA,4,1,NA,NA,NA,NA,NA,NA,NA,NA,NA,NA,NA,NA,NA,NA,NA,NA,"no"
"487",68,21,"voluntary","no","female",2,NA,4,1,2,3,NA,NA,NA,NA,NA,NA,NA,NA,NA,NA,NA,NA,NA,NA,NA,NA,NA,NA,NA,NA,NA,NA,NA,NA,NA,NA,NA,NA,NA,NA,NA,NA,NA,NA,NA,NA,NA,NA,NA,NA,NA,NA,NA,NA,NA,NA,NA,NA,NA,NA,NA,NA,NA,NA,NA,NA,NA,NA,NA,NA,NA,NA,NA,"",5,5,5,5,5,"","",NA,"",NA,NA,NA,NA,NA,NA,NA,NA,NA,2,4,5,1,1,3,3,1,5,1,1,3,1,"68",1,"","","2",5,5,2,1,1,1,3,5,2,3,3,4,4,2,3,1,2,4,1,NA,NA,NA,NA,NA,NA,NA,NA,NA,NA,NA,NA,NA,NA,NA,NA,"no"
"488",59,21,"voluntary","yes","female",NA,NA,3,3,4,4,1,NA,NA,NA,NA,NA,0,0,0,0,0,0,0,1,0,0,0,0,0,0,0,0,0,0,0,0,0,0,0,0,0,0,1,1,0,1,NA,NA,NA,NA,NA,NA,NA,NA,NA,NA,NA,NA,NA,NA,NA,NA,NA,NA,NA,NA,NA,NA,NA,NA,NA,NA,NA,"2",4,1,1,1,5,"3","",NA,"San Antonio",2,1,1,1,1,0,1,1,1,2,3,5,2,2,3,3,5,5,1,1,3,2,"59",1,"","3","",5,NA,2,1,5,4,5,5,5,3,5,5,3,5,5,5,1,5,2,6,6,6,6,6,4,6,2,1,1,1,0,1,0,0,0,"no"
"489",58,16,"mandatory","yes","male",1,1,1,1,1,2,1,NA,NA,NA,NA,NA,0,0,0,0,0,0,0,0,0,0,0,0,0,0,0,0,1,0,0,0,0,0,0,0,0,0,0,1,0,1,NA,NA,NA,NA,NA,NA,NA,NA,NA,NA,NA,NA,NA,NA,NA,NA,NA,NA,NA,NA,NA,NA,NA,NA,NA,NA,NA,"3",5,5,5,5,5,"3","0",NA,"New Braunfels, TX",1,4,1,0,1,0,1,1,1,2,5,5,1,1,5,5,1,5,1,1,3,1,"58",1,"","4","",3,8,1,1,1,1,1,3,1,5,5,5,NA,1,1,1,2,4,2,3,2,5,6,6,6,4,1,NA,NA,NA,NA,NA,NA,NA,NA,"yes"
"490",69,16,"mandatory","yes","female",4,5,4,5,1,4,1,NA,NA,15,NA,NA,0,0,0,0,0,0,1,0,0,0,0,0,0,0,0,0,0,0,0,0,0,0,0,0,0,0,0,1,0,1,NA,NA,NA,NA,NA,NA,NA,NA,NA,NA,NA,NA,NA,NA,NA,NA,NA,NA,NA,NA,NA,NA,NA,NA,NA,NA,NA,"1",5,4,4,3,3,"3","0",NA,"Hallettsvile",2,2,1,1,1,1,1,1,1,2,3,5,2,1,3,5,3,5,1,3,2,1,"69",1,"","4","",3,4,2,1,3,3,5,NA,5,5,5,1,1,5,5,3,2,5,2,1,1,6,4,6,NA,3,1,NA,NA,NA,NA,NA,NA,NA,NA,"yes"
"491",69,18,"mandatory","yes","male",1,4,2,3,1,3,0,2,5,9,5,13,0,1,0,0,0,0,1,0,0,0,0,0,0,0,0,0,0,0,0,0,0,0,0,0,0,0,0,1,0,1,NA,NA,NA,NA,NA,NA,NA,NA,NA,NA,NA,NA,NA,NA,NA,NA,NA,NA,NA,NA,NA,NA,NA,NA,NA,NA,NA,"2",3,2,2,2,3,"3","1",NA,"Victoria, TX",2,1,1,1,1,0,0,1,2,2,2,3,2,2,3,1,1,4,1,1,3,1,"69",1,"","","2",4,7,1,1,1,1,3,4,2,4,4,5,2,3,3,1,2,4,2,1,1,2,2,1,1,2,2,1,0,0,0,1,0,0,0,"yes"
"492",82,18,"voluntary","yes","female",1,3,3,1,1,2,1,NA,4,10,NA,NA,0,0,0,0,0,0,0,0,0,0,0,0,0,0,0,0,1,0,0,0,0,0,0,0,0,0,0,1,0,1,NA,NA,NA,NA,NA,NA,NA,NA,NA,NA,NA,NA,NA,NA,NA,NA,NA,NA,NA,NA,NA,NA,NA,NA,NA,NA,NA,"1",5,5,5,5,5,"1","0",NA,"Corpus Christi",2,1,1,NA,NA,NA,NA,NA,1,2,2,3,1,NA,1,1,1,1,1,1,3,3,"82",4,"","","1",4,NA,2,1,1,1,1,1,2,2,2,3,3,2,4,1,1,5,2,1,1,4,4,6,3,1,1,NA,NA,NA,NA,NA,NA,NA,NA,"yes"
"493",41,16,"mandatory","yes","female",3,3,2,4,4,4,1,NA,4,15,NA,NA,0,1,0,0,1,0,0,0,0,0,1,0,0,0,0,0,0,0,0,0,0,0,0,0,0,0,0,1,0,1,NA,NA,NA,NA,NA,NA,NA,NA,NA,NA,NA,NA,NA,NA,NA,NA,NA,NA,NA,NA,NA,NA,NA,NA,NA,NA,NA,"1",3,3,3,2,2,"2","",NA,"Canyon Lake, TX",2,2,1,1,1,1,1,1,1,2,2,2,2,2,3,1,2,4,1,1,2,1,"41",1,"2","1","",3,NA,2,1,2,3,2,2,3,2,3,2,2,3,3,2,2,5,2,6,2,3,6,6,6,2,2,1,1,0,0,0,0,0,0,"yes"
"494",65,18,"mandatory","yes","male",NA,4,3,3,NA,NA,1,NA,5,10,NA,NA,0,1,1,0,0,0,0,0,0,0,1,0,0,1,0,0,0,0,0,0,0,0,0,0,0,0,0,1,0,1,NA,NA,NA,NA,NA,NA,NA,NA,NA,NA,NA,NA,NA,NA,NA,NA,NA,NA,NA,NA,NA,NA,NA,NA,NA,NA,NA,"1",4,3,3,5,4,"3","0",NA,"Austin",NA,1,1,1,1,0,1,1,2,2,2,1,4,1,4,3,4,5,1,1,3,1,"65",1,"","","2",4,8,1,1,1,1,4,4,4,5,4,2,4,1,1,4,2,4,2,5,2,2,6,6,6,3,2,1,1,1,0,1,0,0,0,"yes"
"495",65,21,"mandatory","not applicable","male",1,1,1,3,1,5,NA,NA,NA,NA,NA,NA,NA,NA,NA,NA,NA,NA,NA,NA,NA,NA,NA,NA,NA,NA,NA,NA,NA,NA,NA,NA,NA,NA,NA,NA,NA,NA,NA,NA,NA,NA,NA,NA,NA,NA,NA,NA,NA,NA,NA,NA,NA,NA,NA,NA,NA,NA,NA,NA,NA,NA,NA,NA,NA,NA,NA,NA,NA,"",5,1,1,1,5,"","",NA,"",NA,NA,NA,NA,NA,NA,NA,NA,NA,NA,4,4,4,4,4,1,1,5,NA,NA,NA,NA,"65",1,"","","2",5,8,1,1,NA,NA,NA,NA,NA,NA,NA,NA,NA,NA,NA,NA,2,4,3,NA,NA,NA,NA,NA,NA,NA,NA,NA,NA,NA,NA,NA,NA,NA,NA,"yes"
"496",60,10,"mandatory","yes","male",1,NA,2,1,1,3,1,NA,2,9,NA,NA,0,0,1,0,0,0,0,0,0,0,0,0,0,0,0,0,0,0,0,0,0,0,0,0,0,0,0,1,0,1,NA,NA,NA,NA,NA,NA,NA,NA,NA,NA,NA,NA,NA,NA,NA,NA,NA,NA,NA,NA,NA,NA,NA,NA,NA,NA,NA,"1",5,1,NA,5,5,"1","0",NA,"Austin",1,2,1,1,1,1,1,1,1,1,5,5,3,3,4,5,5,5,1,3,3,3,"60",3,"","1","",1,3,1,1,4,2,4,5,5,5,5,3,3,4,5,3,2,5,2,6,2,1,3,5,1,1,2,0,0,0,0,0,0,0,1,"yes"
"497",42,12,"mandatory","no","female",1,5,5,5,4,4,NA,NA,NA,NA,NA,NA,NA,NA,NA,NA,NA,NA,NA,NA,NA,NA,NA,NA,NA,NA,NA,NA,NA,NA,NA,NA,NA,NA,NA,NA,NA,NA,NA,NA,NA,NA,NA,NA,NA,NA,NA,NA,NA,NA,NA,NA,NA,NA,NA,NA,NA,NA,NA,NA,NA,NA,NA,NA,NA,NA,NA,NA,NA,"",5,2,5,5,5,"","",NA,"",NA,NA,NA,NA,NA,NA,NA,NA,NA,2,3,5,3,4,5,5,5,5,1,2,3,3,"42",1,"1","2","0",2,7,2,1,5,2,1,1,3,3,3,1,1,5,5,4,2,5,1,NA,NA,NA,NA,NA,NA,NA,NA,NA,NA,NA,NA,NA,NA,NA,NA,"yes"
"498",56,16,"voluntary","yes","female",1,3,2,2,2,2,1,NA,4,16,NA,NA,0,1,0,0,0,0,0,0,0,0,0,0,0,0,0,0,0,0,0,0,0,0,0,0,0,1,0,0,0,1,NA,NA,NA,NA,NA,NA,NA,NA,NA,NA,NA,NA,NA,NA,NA,NA,NA,NA,NA,NA,NA,NA,NA,NA,NA,NA,NA,"2",5,5,1,5,5,"2","0",NA,"San Antonio",3,2,1,1,1,1,1,1,1,2,1,1,1,1,1,1,1,1,1,1,2,2,"56",1,"1","2","",3,8,2,1,1,1,1,1,1,1,5,1,1,1,1,1,2,4,2,1,1,2,5,3,3,4,1,NA,NA,NA,NA,NA,NA,NA,NA,"yes"
"499",73,21,"mandatory","yes","male",1,4,4,1,1,4,1,NA,3,15,NA,NA,0,0,1,0,1,0,0,0,0,0,0,0,0,0,0,0,0,0,0,0,0,0,0,1,0,0,0,0,0,1,NA,NA,NA,NA,NA,NA,NA,NA,NA,NA,NA,NA,NA,NA,NA,NA,NA,NA,NA,NA,NA,NA,NA,NA,NA,NA,NA,"2",4,2,3,3,3,"2","0",NA,"Austin",2,2,1,1,1,1,0,1,2,2,2,3,2,1,3,2,1,2,1,1,3,3,"73",1,"","1","5",5,8,1,1,1,1,1,3,2,2,5,1,1,1,3,1,2,5,2,1,1,6,6,6,6,3,2,1,0,0,0,0,0,1,0,"yes"
"500",71,NA,"mandatory","no","male",NA,5,5,NA,NA,2,NA,NA,NA,NA,NA,NA,NA,NA,NA,NA,NA,NA,NA,NA,NA,NA,NA,NA,NA,NA,NA,NA,NA,NA,NA,NA,NA,NA,NA,NA,NA,NA,NA,NA,NA,NA,NA,NA,NA,NA,NA,NA,NA,NA,NA,NA,NA,NA,NA,NA,NA,NA,NA,NA,NA,NA,NA,NA,NA,NA,NA,NA,NA,"",5,NA,NA,4,NA,"","",NA,"",NA,NA,NA,NA,NA,NA,NA,NA,NA,2,5,5,3,2,4,4,5,5,1,1,3,NA,"71",1,"","","2",NA,NA,1,1,NA,2,5,5,NA,NA,NA,NA,NA,4,4,4,NA,4,1,NA,NA,NA,NA,NA,NA,NA,NA,NA,NA,NA,NA,NA,NA,NA,NA,"yes"
"501",69,21,"mandatory","yes","female",1,2,2,4,1,3,1,NA,4,15,NA,NA,0,0,0,0,0,0,1,0,0,0,0,0,0,0,0,0,0,0,0,0,0,0,0,1,0,0,0,0,0,1,NA,NA,NA,NA,NA,NA,NA,NA,NA,NA,NA,NA,NA,NA,NA,NA,NA,NA,NA,NA,NA,NA,NA,NA,NA,NA,NA,"2",2,1,2,2,2,"3","1",NA," Laredo, TX",2,4,1,1,1,1,1,1,2,2,4,4,3,1,2,3,1,4,1,1,3,3,"69",1,"0","0","2",5,8,2,1,1,1,1,1,1,3,4,5,1,1,1,1,2,5,2,1,1,6,6,6,6,2,2,1,1,1,0,0,0,1,0,"yes"
"502",86,12,"mandatory","yes","male",1,5,5,1,1,1,1,NA,4,12,NA,NA,0,1,1,0,0,0,0,0,0,0,0,0,0,1,0,0,0,0,0,1,0,0,0,0,0,0,0,1,0,1,NA,NA,NA,NA,NA,NA,NA,NA,NA,NA,NA,NA,NA,NA,NA,NA,NA,NA,NA,NA,NA,NA,NA,NA,NA,NA,NA,"1",5,5,5,5,5,"2","0",NA,"Sugarland, TX",2,1,1,1,0,0,0,NA,2,2,4,4,2,1,2,1,1,5,1,1,3,3,"86",4,"","2","",2,6,1,1,4,1,5,5,4,4,5,5,5,1,5,1,2,4,2,1,1,2,3,4,4,4,2,1,1,0,0,1,0,0,0,"yes"
"503",67,10,"mandatory","yes","female",1,1,5,5,3,3,1,NA,5,10,NA,NA,0,0,0,0,0,0,1,0,0,0,0,0,0,0,0,0,0,0,0,0,0,0,0,0,0,0,1,0,0,2,1,NA,NA,1,NA,NA,NA,NA,NA,NA,NA,1,1,NA,NA,NA,NA,NA,NA,NA,NA,NA,NA,NA,NA,NA,NA,"3",5,5,3,3,3,"3","1",NA,"San Antonio",1,2,1,1,1,1,1,1,1,1,3,3,2,2,1,2,1,5,1,2,3,3,"67",1,"","","1",1,3,2,1,3,1,1,3,3,2,NA,2,1,1,1,5,2,5,2,1,1,4,4,NA,1,1,1,NA,NA,NA,NA,NA,NA,NA,NA,"yes"
"504",81,16,"mandatory","yes","male",3,3,3,1,1,2,1,NA,4,7,NA,NA,0,0,1,0,0,0,0,0,1,0,0,0,0,1,0,0,0,0,0,1,0,0,0,0,0,0,0,1,0,1,NA,NA,NA,NA,NA,NA,NA,NA,NA,NA,NA,NA,NA,NA,NA,NA,NA,NA,NA,NA,NA,NA,NA,NA,NA,NA,NA,"1",3,1,1,3,3,"1","0",NA,"Lufkin",1,1,1,1,1,1,1,1,1,2,4,4,3,1,4,5,1,5,1,2,3,2,"81",4,"","","1",3,4,1,1,1,1,3,3,4,5,5,3,3,4,4,3,2,4,2,5,1,1,3,6,3,1,1,NA,NA,NA,NA,NA,NA,NA,NA,"yes"
"505",58,21,"mandatory","no","female",NA,5,5,NA,NA,NA,NA,NA,NA,NA,NA,NA,NA,NA,NA,NA,NA,NA,NA,NA,NA,NA,NA,NA,NA,NA,NA,NA,NA,NA,NA,NA,NA,NA,NA,NA,NA,NA,NA,NA,NA,NA,NA,NA,NA,NA,NA,NA,NA,NA,NA,NA,NA,NA,NA,NA,NA,NA,NA,NA,NA,NA,NA,NA,NA,NA,NA,NA,NA,"",5,4,NA,4,4,"","",NA,"",NA,NA,NA,NA,NA,NA,NA,NA,NA,2,5,5,1,1,5,2,2,5,1,1,3,2,"58",1,"","2","",5,6,2,NA,5,4,1,5,5,5,4,5,1,3,1,4,2,5,1,NA,NA,NA,NA,NA,NA,NA,NA,NA,NA,NA,NA,NA,NA,NA,NA,"yes"
"506",52,16,"mandatory","yes","female",NA,2,2,2,1,2,0,3,4,16,5,11,0,0,0,0,0,0,1,0,0,0,0,0,0,0,1,0,0,0,0,0,0,0,0,0,0,0,1,1,0,1,NA,NA,NA,NA,NA,NA,NA,NA,NA,NA,NA,NA,NA,NA,NA,NA,NA,NA,NA,NA,NA,NA,NA,NA,NA,NA,NA,"1",4,2,2,4,4,"4","0",3,"Pleasonton",2,1,1,1,1,0,0,1,2,2,3,3,3,3,2,2,2,3,1,3,3,3,"52",1,"","1","",3,7,2,1,4,2,2,4,4,5,5,4,4,1,3,3,1,4,2,4,4,6,6,6,4,6,2,0,0,0,0,0,0,0,1,"yes"
"507",78,16,"mandatory","yes","male",1,3,3,1,1,2,1,NA,3,14,NA,NA,0,0,0,0,0,0,1,0,0,0,0,0,0,0,1,0,0,0,0,0,0,0,0,0,0,1,0,1,0,2,NA,NA,NA,NA,3,NA,NA,NA,NA,NA,NA,1,NA,NA,NA,NA,NA,NA,NA,1,NA,NA,NA,NA,NA,NA,NA,"2",3,1,1,2,2,"2","1",NA,"San Antonio",1,2,1,1,1,1,0,2,2,2,4,4,2,2,4,5,1,5,1,3,3,2,"78",1,"","","2",3,5,1,1,5,1,2,3,5,5,5,3,2,5,5,3,2,4,2,1,1,3,6,1,2,2,1,NA,NA,NA,NA,NA,NA,NA,NA,"yes"
"508",44,18,"mandatory","yes","female",2,4,3,4,5,5,1,NA,4,5,NA,NA,0,0,1,0,0,0,1,0,0,0,0,0,0,0,1,0,0,0,0,0,0,0,0,1,0,0,0,1,0,1,NA,NA,NA,NA,NA,NA,NA,NA,NA,NA,NA,NA,NA,NA,NA,NA,NA,NA,NA,NA,NA,NA,NA,NA,NA,NA,NA,"2",4,4,5,5,4,"3","",NA,"Altus, OK.",2,1,1,1,1,1,1,2,1,2,2,2,1,1,2,2,2,3,1,3,3,1,"44",1,"1","4","",4,8,2,1,2,3,5,5,4,3,5,5,2,5,5,3,2,5,2,3,2,4,4,5,3,2,2,0,0,0,0,0,0,1,0,"yes"
"509",75,12,"mandatory","yes","female",5,5,5,1,1,4,1,NA,1,NA,NA,NA,0,0,0,0,1,0,0,0,0,0,0,0,0,0,0,0,0,0,0,0,0,0,0,0,1,0,0,0,0,1,NA,NA,NA,NA,NA,NA,NA,NA,NA,NA,NA,NA,NA,NA,NA,NA,NA,NA,NA,NA,NA,NA,NA,NA,NA,NA,NA,"1",5,1,1,1,5,"2","0",NA,"",2,1,1,1,1,0,1,1,1,2,5,5,5,5,4,5,5,5,1,3,3,3,"75",4,"","2","1",2,1,2,1,5,5,5,5,5,5,5,5,5,5,5,5,2,5,2,1,1,2,2,2,2,2,2,1,1,1,1,1,1,0,0,"yes"
"510",70,18,"voluntary","yes","male",NA,3,4,3,NA,3,1,NA,3,9,NA,NA,0,0,0,0,1,0,0,0,0,0,0,0,0,0,0,0,0,0,0,0,0,0,0,0,0,0,0,1,0,1,NA,NA,NA,NA,NA,NA,NA,NA,NA,NA,NA,NA,NA,NA,NA,NA,NA,NA,NA,NA,NA,NA,NA,NA,NA,NA,NA,"1",5,5,5,3,5,"2","0",NA,"Belton, Tx.",2,4,1,1,1,0,0,1,2,2,4,5,3,1,3,5,5,5,1,1,3,3,"70",1,"","","1",4,8,1,1,5,1,4,4,5,5,5,5,4,3,5,2,2,4,2,1,1,5,5,4,5,2,1,NA,NA,NA,NA,NA,NA,NA,NA,"yes"
"511",75,12,"mandatory","yes","female",NA,NA,NA,NA,NA,5,1,NA,NA,3,NA,NA,0,0,0,0,0,0,1,0,0,0,0,0,0,0,1,0,1,0,0,0,0,0,0,0,0,0,0,1,0,1,NA,NA,NA,NA,NA,NA,NA,NA,NA,NA,NA,NA,NA,NA,NA,NA,NA,NA,NA,NA,NA,NA,NA,NA,NA,NA,NA,"1",5,NA,NA,5,NA,"1","",NA,"Little Elm, TX",2,1,1,1,0,0,0,1,1,2,5,5,1,2,4,NA,NA,5,1,1,3,1,"75",4,"","","",2,1,2,1,NA,NA,NA,5,NA,NA,NA,5,NA,NA,NA,NA,2,4,2,NA,NA,NA,NA,NA,NA,NA,2,1,0,0,0,0,0,0,1,"yes"
"512",78,21,"mandatory","yes","female",1,5,5,1,1,3,1,NA,4,10,NA,NA,0,0,0,0,0,0,1,0,0,0,0,0,0,0,1,0,1,0,0,0,0,0,0,0,0,1,0,1,0,1,NA,NA,NA,NA,NA,NA,NA,NA,NA,NA,NA,NA,NA,NA,NA,NA,NA,NA,NA,NA,NA,NA,NA,NA,NA,NA,NA,"1",5,5,5,5,5,"1","0",NA,"Ingrem, TX",2,1,1,NA,NA,NA,NA,1,1,2,5,5,3,3,3,3,1,5,1,1,3,2,"78",1,"","","2",5,3,2,1,3,1,3,3,3,5,5,5,1,1,1,1,2,4,2,1,1,1,6,1,5,1,NA,1,0,1,1,0,0,0,0,"yes"
"513",70,18,"mandatory","no","male",1,4,4,4,1,1,NA,NA,NA,NA,NA,NA,NA,NA,NA,NA,NA,NA,NA,NA,NA,NA,NA,NA,NA,NA,NA,NA,NA,NA,NA,NA,NA,NA,NA,NA,NA,NA,NA,NA,NA,NA,NA,NA,NA,NA,NA,NA,NA,NA,NA,NA,NA,NA,NA,NA,NA,NA,NA,NA,NA,NA,NA,NA,NA,NA,NA,NA,NA,"",5,5,5,5,3,"","",NA,"",NA,NA,NA,NA,NA,NA,NA,NA,NA,2,3,3,2,2,2,1,4,3,1,1,3,1,"70",1,"","","",4,8,1,1,1,1,5,5,2,2,2,2,3,5,4,1,2,4,1,NA,NA,NA,NA,NA,NA,NA,NA,NA,NA,NA,NA,NA,NA,NA,NA,"yes"
"514",48,21,"mandatory","yes","female",4,5,3,5,3,4,1,NA,3,20,NA,NA,0,0,0,0,0,0,1,0,0,0,0,0,0,0,0,0,0,0,0,0,0,0,0,0,0,0,1,1,0,1,NA,NA,NA,NA,NA,NA,NA,NA,NA,NA,NA,NA,NA,NA,NA,NA,NA,NA,NA,NA,NA,NA,NA,NA,NA,NA,NA,"1",5,5,5,5,5,"2","0",NA,"San Antonio",1,1,1,1,1,0,0,1,2,2,3,3,2,2,2,2,2,5,2,1,3,2,"48",1,"","2","",5,8,2,1,4,1,1,1,4,4,4,3,2,2,2,1,1,4,2,1,1,1,4,5,5,2,1,NA,NA,NA,NA,NA,NA,NA,NA,"yes"
"515",79,12,"mandatory","yes","female",NA,4,1,1,1,2,1,NA,3,15,NA,NA,0,0,0,0,0,0,1,0,0,0,0,0,0,0,1,0,0,0,0,0,0,0,0,1,0,0,0,1,0,1,NA,NA,NA,NA,NA,NA,NA,NA,NA,NA,NA,NA,NA,NA,NA,NA,NA,NA,NA,NA,NA,NA,NA,NA,NA,NA,NA,"1",4,1,1,1,4,"3","0",NA,"Freer, TX",1,2,1,1,1,1,0,1,2,2,5,5,1,1,4,4,1,4,1,1,3,1,"79",1,"","","2",2,2,2,1,1,1,4,4,4,5,5,5,1,5,5,4,2,4,2,1,1,2,3,3,3,3,1,NA,NA,NA,NA,NA,NA,NA,NA,"yes"
"516",40,18,"mandatory","yes","female",1,2,1,3,5,2,1,NA,5,10,NA,NA,0,0,0,0,0,0,1,0,0,0,1,0,0,0,0,0,0,0,0,0,0,0,0,0,0,0,0,1,0,2,1,5,1,1,5,NA,NA,1,NA,NA,NA,NA,NA,NA,NA,NA,NA,NA,1,NA,NA,NA,NA,NA,1,NA,NA,"2",5,5,5,5,5,"4","0",NA,"Seguin",2,1,1,1,1,0,0,1,2,2,1,1,1,1,1,1,1,1,1,1,3,1,"40",1,"1","2","",4,8,2,1,1,1,1,1,1,3,2,1,1,3,1,1,2,5,2,4,4,4,6,6,6,6,2,1,0,0,1,1,1,0,0,"yes"
"517",62,21,"mandatory","yes","female",1,1,2,2,1,2,1,NA,5,2,NA,NA,0,0,0,0,0,0,0,0,0,0,1,0,0,0,1,0,0,0,0,0,0,0,0,0,0,0,0,1,0,1,NA,NA,NA,NA,NA,NA,NA,NA,NA,NA,NA,NA,NA,NA,NA,NA,NA,NA,NA,NA,NA,NA,NA,NA,NA,NA,NA,"1",2,1,2,1,2,"1","0",NA,"San Antonio",2,2,1,1,1,1,1,1,2,2,5,5,5,1,4,2,5,5,1,1,3,3,"62",4,"","1","",5,4,2,1,1,5,2,2,5,5,5,3,3,2,5,4,2,5,2,5,2,2,6,6,6,6,1,NA,NA,NA,NA,NA,NA,NA,NA,"yes"
"518",64,16,"mandatory","yes","male",1,5,5,5,5,4,0,2,3,13,3,17,0,1,0,0,0,0,0,0,0,0,0,0,0,0,0,0,0,0,0,0,0,0,0,0,0,0,1,1,0,1,NA,NA,NA,NA,NA,NA,NA,NA,NA,NA,NA,NA,NA,NA,NA,NA,NA,NA,NA,NA,NA,NA,NA,NA,NA,NA,NA,"1",5,5,5,5,5,"0","0",1,"Wylie",2,1,1,1,1,1,1,1,2,2,5,5,5,5,5,5,5,5,1,1,3,2,"64",1,"2","2","",3,5,1,1,5,1,2,5,5,5,5,1,1,5,5,5,2,5,2,1,1,6,6,6,6,6,2,0,1,1,0,1,1,0,0,"yes"
"519",51,18,"mandatory","no","female",3,4,4,3,1,4,NA,NA,NA,NA,NA,NA,NA,NA,NA,NA,NA,NA,NA,NA,NA,NA,NA,NA,NA,NA,NA,NA,NA,NA,NA,NA,NA,NA,NA,NA,NA,NA,NA,NA,NA,NA,NA,NA,NA,NA,NA,NA,NA,NA,NA,NA,NA,NA,NA,NA,NA,NA,NA,NA,NA,NA,NA,NA,NA,NA,NA,NA,NA,"",2,2,1,2,1,"","",NA,"",NA,NA,NA,NA,NA,NA,NA,NA,NA,2,1,1,1,1,1,1,1,1,1,1,2,1,"51",1,"","3","",4,NA,2,1,1,1,2,2,2,2,2,4,5,5,5,1,2,5,1,NA,NA,NA,NA,NA,NA,NA,NA,NA,NA,NA,NA,NA,NA,NA,NA,"yes"
"520",65,21,"mandatory","yes","male",1,3,2,4,1,1,1,NA,4,19,NA,NA,0,1,1,0,1,0,0,0,0,0,0,0,0,0,0,0,0,0,0,0,0,0,0,0,0,0,0,1,0,1,NA,NA,NA,NA,NA,NA,NA,NA,NA,NA,NA,NA,NA,NA,NA,NA,NA,NA,NA,NA,NA,NA,NA,NA,NA,NA,NA,"1",5,5,5,5,3,"2","0",NA,"Gonzales, TX",2,2,1,1,1,1,0,1,1,2,4,1,1,1,1,1,1,4,1,1,3,1,"65",3,"","1","",5,2,1,1,2,1,1,4,2,2,2,5,5,4,4,3,2,5,2,1,1,1,6,6,2,1,2,1,0,0,0,1,0,0,0,"yes"
"521",60,16,"mandatory","yes","female",NA,5,5,4,5,5,1,NA,5,10,NA,NA,0,1,1,0,0,1,0,0,0,0,1,0,0,0,0,0,1,0,0,0,0,0,0,0,0,1,0,1,0,1,NA,NA,NA,NA,NA,NA,NA,NA,NA,NA,NA,NA,NA,NA,NA,NA,NA,NA,NA,NA,NA,NA,NA,NA,NA,NA,NA,"1",5,5,5,5,5,"2","0",NA,"Weslaco, Tx.",2,2,1,1,1,1,1,2,1,2,3,3,2,1,2,2,3,4,NA,1,3,2,"60",3,"","6","",3,3,2,1,3,3,3,5,3,3,4,5,5,2,2,5,2,4,2,1,1,6,6,6,1,2,1,NA,NA,NA,NA,NA,NA,NA,NA,"yes"
"522",59,16,"mandatory","no","female",1,5,2,2,1,2,NA,NA,NA,NA,NA,NA,NA,NA,NA,NA,NA,NA,NA,NA,NA,NA,NA,NA,NA,NA,NA,NA,NA,NA,NA,NA,NA,NA,NA,NA,NA,NA,NA,NA,NA,NA,NA,NA,NA,NA,NA,NA,NA,NA,NA,NA,NA,NA,NA,NA,NA,NA,NA,NA,NA,NA,NA,NA,NA,NA,NA,NA,NA,"",4,1,1,5,2,"","",NA,"",NA,NA,NA,NA,NA,NA,NA,NA,NA,1,5,2,4,1,1,1,5,5,1,2,3,2,"59",1,"","2","",3,1,2,1,1,4,2,5,2,4,3,4,5,2,2,2,2,5,1,NA,NA,NA,NA,NA,NA,NA,NA,NA,NA,NA,NA,NA,NA,NA,NA,"yes"
"523",NA,NA,"mandatory","not applicable",NA,NA,NA,NA,NA,NA,NA,NA,NA,NA,NA,NA,NA,NA,NA,NA,NA,NA,NA,NA,NA,NA,NA,NA,NA,NA,NA,NA,NA,NA,NA,NA,NA,NA,NA,NA,NA,NA,NA,NA,NA,NA,NA,NA,NA,NA,NA,NA,NA,NA,NA,NA,NA,NA,NA,NA,NA,NA,NA,NA,NA,NA,NA,NA,NA,NA,NA,NA,NA,NA,"",NA,NA,NA,NA,NA,"","",NA,"",NA,NA,NA,NA,NA,NA,NA,NA,NA,NA,NA,NA,NA,NA,NA,NA,NA,NA,NA,NA,NA,NA,"",NA,"","","",NA,NA,NA,NA,NA,NA,NA,NA,NA,NA,NA,NA,NA,NA,NA,NA,NA,NA,NA,NA,NA,NA,NA,NA,NA,NA,NA,NA,NA,NA,NA,NA,NA,NA,NA,"yes"
"524",81,18,"mandatory","yes","male",1,3,4,4,1,2,1,NA,4,15,NA,NA,0,1,1,0,0,0,0,0,0,0,0,0,1,0,0,0,0,0,0,0,0,0,0,0,0,0,0,1,0,1,NA,NA,NA,NA,NA,NA,NA,NA,NA,NA,NA,NA,NA,NA,NA,NA,NA,NA,NA,NA,NA,NA,NA,NA,NA,NA,NA,"2",5,5,5,5,5,"2","0",NA,"Bastrop, TX",1,4,1,1,0,0,0,1,1,2,5,5,1,1,3,4,1,5,1,1,2,1,"81",1,"","","1",4,8,1,1,1,1,1,2,1,3,3,5,2,2,4,1,2,4,2,1,1,2,6,6,6,3,2,1,0,0,0,0,0,0,0,"yes"
"525",93,16,"mandatory","no","female",1,4,5,4,1,5,NA,NA,NA,NA,NA,NA,NA,NA,NA,NA,NA,NA,NA,NA,NA,NA,NA,NA,NA,NA,NA,NA,NA,NA,NA,NA,NA,NA,NA,NA,NA,NA,NA,NA,NA,NA,NA,NA,NA,NA,NA,NA,NA,NA,NA,NA,NA,NA,NA,NA,NA,NA,NA,NA,NA,NA,NA,NA,NA,NA,NA,NA,NA,"",5,1,1,5,4,"","",NA,"",NA,NA,NA,NA,NA,NA,NA,NA,NA,2,2,5,2,2,4,2,1,5,1,1,3,2,"93",4,"","","1",3,1,2,1,2,1,3,3,1,3,4,5,5,4,5,4,2,4,1,NA,NA,NA,NA,NA,NA,NA,NA,NA,NA,NA,NA,NA,NA,NA,NA,"yes"
"526",70,16,"mandatory","yes","male",1,4,2,NA,NA,3,1,NA,4,10,NA,NA,0,1,0,0,0,0,0,0,0,0,0,0,0,0,0,0,0,0,0,0,0,0,0,0,0,0,0,1,0,1,NA,NA,NA,NA,NA,NA,NA,NA,NA,NA,NA,NA,NA,NA,NA,NA,NA,NA,NA,NA,NA,NA,NA,NA,NA,NA,NA,"3",4,1,1,2,3,"4","0",NA,"Freer",2,2,1,1,1,1,0,1,1,2,4,4,1,2,2,3,2,3,1,1,3,2,"70",1,"","","2",3,7,1,1,1,1,1,2,2,2,3,2,1,2,2,1,2,4,2,1,1,3,6,6,6,3,2,1,1,1,1,1,0,0,0,"yes"
"527",82,21,"mandatory","no","female",NA,NA,NA,NA,NA,NA,NA,NA,NA,NA,NA,NA,NA,NA,NA,NA,NA,NA,NA,NA,NA,NA,NA,NA,NA,NA,NA,NA,NA,NA,NA,NA,NA,NA,NA,NA,NA,NA,NA,NA,NA,NA,NA,NA,NA,NA,NA,NA,NA,NA,NA,NA,NA,NA,NA,NA,NA,NA,NA,NA,NA,NA,NA,NA,NA,NA,NA,NA,NA,"",NA,NA,NA,NA,NA,"","",NA,"",NA,NA,NA,NA,NA,NA,NA,NA,NA,2,NA,NA,NA,NA,NA,NA,NA,NA,1,1,3,1,"82",1,"","","2",5,5,2,1,1,1,5,5,1,1,5,5,5,4,5,5,2,5,1,NA,NA,NA,NA,NA,NA,NA,NA,NA,NA,NA,NA,NA,NA,NA,NA,"yes"
"528",80,21,"mandatory","yes","female",1,5,5,1,1,4,1,NA,4,15,NA,NA,0,0,1,0,0,0,0,0,0,0,1,0,0,0,0,0,0,0,0,0,0,0,0,0,0,1,0,0,0,2,NA,NA,NA,NA,NA,NA,NA,1,NA,NA,NA,1,NA,NA,NA,1,NA,NA,NA,NA,NA,NA,NA,NA,NA,NA,NA,"1",5,4,5,5,5,"3","0",NA,"Atkins, TX",2,1,1,1,1,1,0,1,2,2,5,5,3,3,5,5,NA,5,1,NA,3,2,"80",1,"","","2",5,7,2,NA,1,NA,1,1,1,5,5,5,3,3,1,1,NA,4,2,NA,NA,NA,5,6,6,4,1,NA,NA,NA,NA,NA,NA,NA,NA,"yes"
"529",66,18,"mandatory","no","female",1,5,3,3,2,2,NA,NA,NA,NA,NA,NA,NA,NA,NA,NA,NA,NA,NA,NA,NA,NA,NA,NA,NA,NA,NA,NA,NA,NA,NA,NA,NA,NA,NA,NA,NA,NA,NA,NA,NA,NA,NA,NA,NA,NA,NA,NA,NA,NA,NA,NA,NA,NA,NA,NA,NA,NA,NA,NA,NA,NA,NA,NA,NA,NA,NA,NA,NA,"",5,2,3,4,5,"","",NA,"",NA,NA,NA,NA,NA,NA,NA,NA,NA,2,5,4,2,1,2,1,5,5,1,1,3,3,"66",1,"","","2",4,6,2,1,2,1,1,5,4,5,4,4,5,5,5,NA,2,5,1,NA,NA,NA,NA,NA,NA,NA,NA,NA,NA,NA,NA,NA,NA,NA,NA,"yes"
"530",74,12,"mandatory","yes","male",1,4,4,3,1,2,1,NA,4,9,NA,NA,0,0,1,0,0,0,0,0,0,0,0,0,0,0,0,0,0,0,0,0,0,0,0,0,0,0,0,1,0,1,NA,NA,NA,NA,NA,NA,NA,NA,NA,NA,NA,NA,NA,NA,NA,NA,NA,NA,NA,NA,NA,NA,NA,NA,NA,NA,NA,"1",5,1,5,5,5,"2","0",NA,"Lake Jackson, TX",2,1,1,1,1,0,0,1,2,2,5,5,1,1,5,5,1,5,1,3,3,2,"74",NA,"","","2",2,2,1,1,3,1,1,1,2,5,5,1,1,1,1,1,2,5,2,1,1,2,5,3,2,3,2,1,0,0,0,0,0,0,0,"yes"
"531",62,18,"mandatory","yes","male",1,4,4,1,1,5,1,NA,3,13,NA,NA,0,0,0,0,0,1,1,0,0,0,0,0,0,0,1,0,0,0,0,0,0,0,0,0,0,0,0,1,0,1,NA,NA,NA,NA,NA,NA,NA,NA,NA,NA,NA,NA,NA,NA,NA,NA,NA,NA,NA,NA,NA,NA,NA,NA,NA,NA,NA,"2",5,1,1,2,5,"4","3",NA,"Laredo, TX",2,2,1,1,1,1,1,1,1,2,4,3,1,1,5,5,5,5,1,2,3,3,"62",3,"0","2","0",4,8,1,1,1,5,5,5,1,3,3,5,3,5,5,5,1,5,2,6,5,5,6,6,6,6,2,1,1,1,1,1,1,0,0,"yes"
"532",55,18,"mandatory","yes","female",2,5,4,5,4,5,1,NA,5,1,NA,NA,0,0,0,0,0,0,1,0,0,0,0,0,0,0,0,0,1,0,0,0,0,0,0,0,0,1,0,1,0,1,NA,NA,NA,NA,NA,NA,NA,NA,NA,NA,NA,NA,NA,NA,NA,NA,NA,NA,NA,NA,NA,NA,NA,NA,NA,NA,NA,"2",5,2,2,4,4,"4","0",NA,"San Antonio",3,2,1,1,1,1,0,1,2,2,4,5,2,2,4,4,3,5,1,1,3,2,"55",1,"","2","",4,3,2,1,3,3,5,5,4,4,5,4,3,3,4,5,2,5,2,6,2,2,6,6,6,6,2,1,0,0,0,1,1,0,0,"yes"
"533",NA,NA,"mandatory","no",NA,NA,NA,NA,NA,NA,NA,NA,NA,NA,NA,NA,NA,NA,NA,NA,NA,NA,NA,NA,NA,NA,NA,NA,NA,NA,NA,NA,NA,NA,NA,NA,NA,NA,NA,NA,NA,NA,NA,NA,NA,NA,NA,NA,NA,NA,NA,NA,NA,NA,NA,NA,NA,NA,NA,NA,NA,NA,NA,NA,NA,NA,NA,NA,NA,NA,NA,NA,NA,NA,"",NA,NA,NA,NA,NA,"","",NA,"",NA,NA,NA,NA,NA,NA,NA,NA,NA,NA,NA,NA,NA,NA,NA,NA,NA,NA,NA,NA,NA,NA,"",NA,"","","",NA,NA,NA,NA,NA,NA,NA,NA,NA,NA,NA,NA,NA,NA,NA,NA,NA,NA,1,NA,NA,NA,NA,NA,NA,NA,NA,NA,NA,NA,NA,NA,NA,NA,NA,"yes"
"534",52,21,"mandatory","yes","female",1,2,2,2,2,3,1,NA,5,14,NA,NA,0,0,1,0,0,0,0,0,0,0,0,0,1,0,0,0,0,0,0,1,0,0,0,0,0,1,0,0,0,1,NA,NA,NA,NA,NA,NA,NA,NA,NA,NA,NA,NA,NA,NA,NA,NA,NA,NA,NA,NA,NA,NA,NA,NA,NA,NA,NA,"1",2,2,2,1,1,"1","0",NA,"Austin",2,1,1,1,1,1,0,1,2,2,3,5,2,1,3,2,2,3,1,1,3,1,"52",3,"","1","",5,3,2,1,1,1,1,3,4,3,4,3,4,4,3,1,2,4,2,1,1,1,2,1,1,2,1,NA,NA,NA,NA,NA,NA,NA,NA,"yes"
"535",66,18,"mandatory","yes","female",NA,5,5,5,NA,5,1,NA,4,14,NA,NA,0,0,0,0,0,0,0,0,0,0,1,0,0,0,0,0,0,0,0,0,0,0,0,0,0,0,0,1,0,1,NA,NA,NA,NA,NA,NA,NA,NA,NA,NA,NA,NA,NA,NA,NA,NA,NA,NA,NA,NA,NA,NA,NA,NA,NA,NA,NA,"2",5,4,4,4,4,"2","0",NA,"Seguin, TX",2,1,1,1,0,0,0,1,2,2,5,5,1,1,3,5,4,5,1,1,1,NA,"66",1,"","1","1",4,7,2,1,5,4,5,5,5,5,5,5,5,5,5,5,2,5,2,NA,2,2,5,6,1,3,1,NA,NA,NA,NA,NA,NA,NA,NA,"yes"
"536",84,12,"mandatory","yes","male",1,5,4,4,1,4,1,NA,4,16,NA,NA,0,1,1,0,0,0,1,0,0,0,0,0,0,0,0,0,0,0,0,0,0,0,0,0,0,0,0,1,0,1,NA,NA,NA,NA,NA,NA,NA,NA,NA,NA,NA,NA,NA,NA,NA,NA,NA,NA,NA,NA,NA,NA,NA,NA,NA,NA,NA,"1",5,3,2,5,5,"2","1",NA,"",2,1,1,1,1,0,0,NA,NA,2,3,4,4,1,3,3,1,5,1,1,3,3,"84",1,"","","2",2,4,1,1,1,1,3,4,4,4,5,5,1,1,5,1,2,4,2,1,1,2,6,6,NA,1,1,NA,NA,NA,NA,NA,NA,NA,NA,"yes"
"537",23,18,"mandatory","yes","male",1,3,4,4,1,2,1,NA,5,16,NA,NA,0,0,1,0,0,0,1,0,0,0,1,0,0,0,1,0,0,0,0,0,0,0,0,0,0,0,0,1,0,1,NA,NA,NA,NA,NA,NA,NA,NA,NA,NA,NA,NA,NA,NA,NA,NA,NA,NA,NA,NA,NA,NA,NA,NA,NA,NA,NA,"1",3,5,5,4,3,"2","0",NA,"San Antonio",2,1,1,1,0,0,0,1,2,1,1,1,2,1,2,1,3,4,1,1,3,3,"23",1,"","2","",4,8,1,1,2,1,1,1,3,3,4,2,1,1,2,1,2,4,2,4,4,3,4,3,2,2,1,NA,NA,NA,NA,NA,NA,NA,NA,"yes"
"538",85,21,"voluntary","yes","female",3,NA,NA,NA,4,4,1,NA,4,9,NA,NA,0,0,0,0,0,0,0,0,0,0,0,0,0,0,1,0,0,0,0,0,0,0,0,0,0,0,0,1,0,1,NA,NA,NA,NA,NA,NA,NA,NA,NA,NA,NA,NA,NA,NA,NA,NA,NA,NA,NA,NA,NA,NA,NA,NA,NA,NA,NA,"1",2,1,1,1,1,"2","0",NA,"Shurtz Texas",2,2,1,1,1,1,1,2,2,2,2,2,2,1,2,1,5,5,1,1,3,3,"85",2,"","1","1",5,1,2,1,1,5,1,1,1,1,1,1,1,1,1,3,2,4,2,1,1,2,5,1,1,3,1,NA,NA,NA,NA,NA,NA,NA,NA,"yes"
"539",58,21,"mandatory","yes","male",1,3,2,1,1,3,1,NA,5,14,NA,NA,0,0,0,0,0,0,1,0,0,0,0,0,0,0,0,0,0,0,0,0,0,0,0,0,0,0,0,1,0,2,1,5,3,1,1,NA,NA,NA,NA,NA,NA,NA,NA,NA,NA,NA,NA,NA,NA,1,NA,NA,NA,NA,NA,NA,NA,"1",5,5,5,5,4,"2","0",NA,"San Antonio",2,1,1,1,1,1,1,1,2,2,1,1,1,1,1,5,1,4,1,1,3,2,"58",1,"","1","",5,3,1,NA,4,1,1,5,4,5,5,1,3,1,3,5,1,5,2,1,1,3,4,4,5,3,1,NA,NA,NA,NA,NA,NA,NA,NA,"yes"
"540",66,21,"mandatory","yes","female",1,3,5,4,1,1,1,NA,4,18,NA,NA,0,0,1,0,0,0,0,0,0,0,0,0,0,0,0,0,0,0,0,0,0,0,0,0,0,0,0,1,0,2,NA,NA,NA,NA,NA,NA,NA,NA,NA,NA,NA,NA,NA,NA,NA,NA,NA,NA,NA,NA,NA,NA,NA,NA,1,NA,NA,"1",3,5,3,4,4,"3","0",NA,"Columbus, TX",2,1,1,1,NA,NA,NA,1,2,2,3,4,2,1,3,3,3,3,1,1,3,1,"66",1,"","","2",5,8,2,1,3,2,3,3,4,2,5,3,3,4,3,2,2,5,2,1,1,5,5,6,4,3,1,NA,NA,NA,NA,NA,NA,NA,NA,"yes"
"541",75,21,"mandatory","yes","male",NA,4,4,NA,NA,NA,1,NA,4,13,NA,NA,0,0,0,0,0,0,1,0,0,0,0,0,0,0,0,0,0,0,0,0,0,0,0,0,0,0,1,1,0,1,NA,NA,NA,NA,NA,NA,NA,NA,NA,NA,NA,NA,NA,NA,NA,NA,NA,NA,NA,NA,NA,NA,NA,NA,NA,NA,NA,"2",4,1,3,5,1,"2","0",NA,"Comfort, TX",2,1,1,1,1,0,0,1,2,2,1,1,5,1,1,1,1,5,1,1,3,3,"75",1,"","","1",5,8,1,1,1,1,1,1,1,5,5,5,1,1,1,1,2,5,2,1,1,2,2,2,2,2,1,NA,NA,NA,NA,NA,NA,NA,NA,"yes"
"542",60,12,"mandatory","yes","female",1,5,5,2,4,5,1,NA,3,18,NA,NA,0,1,0,0,0,0,0,0,0,0,0,0,0,0,0,0,0,0,0,0,0,0,0,0,0,1,0,0,0,1,NA,NA,NA,NA,NA,NA,NA,NA,NA,NA,NA,NA,NA,NA,NA,NA,NA,NA,NA,NA,NA,NA,NA,NA,NA,NA,NA,"2",3,1,1,3,2,"3","0",NA,"Balch Springs",2,1,1,1,0,0,0,1,2,2,5,5,2,5,5,5,5,5,1,1,2,2,"60",1,"","4","",2,3,2,1,1,5,2,5,5,1,5,1,5,5,5,5,2,4,2,3,3,6,6,6,6,6,2,1,1,1,1,1,0,0,0,"yes"
"543",66,12,"mandatory","yes",NA,1,5,4,1,1,4,1,NA,5,13,NA,NA,0,0,0,0,0,0,0,0,0,0,1,0,0,0,1,0,0,0,0,0,0,0,0,0,0,0,1,0,0,1,NA,NA,NA,NA,NA,NA,NA,NA,NA,NA,NA,NA,NA,NA,NA,NA,NA,NA,NA,NA,NA,NA,NA,NA,NA,NA,NA,"1",5,1,1,3,1,"2","0",NA,"Vivalde",1,1,1,1,0,0,0,1,2,2,5,2,3,1,4,4,1,5,1,1,3,2,"66",1,"","","2",2,4,NA,1,3,1,3,3,3,3,3,4,5,5,5,4,2,5,2,1,1,6,6,6,3,3,2,0,0,0,0,1,0,0,0,"yes"
"544",64,16,"mandatory","yes","female",1,3,1,3,1,2,1,NA,3,9,NA,NA,0,0,1,0,0,0,0,0,0,0,0,0,0,0,0,0,0,0,0,0,0,0,0,0,0,0,0,1,0,1,NA,NA,NA,NA,NA,NA,NA,NA,NA,NA,NA,NA,NA,NA,NA,NA,NA,NA,NA,NA,NA,NA,NA,NA,NA,NA,NA,"1",3,1,3,3,3,"3","0",NA,"Kounty, TX",2,1,1,1,1,0,0,1,2,2,4,4,2,3,4,4,1,5,1,3,3,2,"64",1,"","2","",3,2,2,1,5,3,3,3,5,5,5,4,4,4,3,3,2,5,2,1,1,2,6,6,5,3,1,NA,NA,NA,NA,NA,NA,NA,NA,"yes"
"545",63,16,"mandatory","yes","female",NA,5,5,5,5,5,1,NA,5,10,NA,NA,0,1,0,0,0,0,0,0,0,0,0,0,0,0,0,0,0,0,0,0,0,0,0,0,0,0,0,1,0,1,NA,NA,NA,NA,NA,NA,NA,NA,NA,NA,NA,NA,NA,NA,NA,NA,NA,NA,NA,NA,NA,NA,NA,NA,NA,NA,NA,"2",5,4,4,4,4,"3","0",NA,"Austin",2,1,1,1,1,1,0,1,2,1,5,5,4,4,3,5,5,5,NA,1,1,1,"63",1,"","2","",3,8,2,1,3,1,3,3,3,5,5,5,4,4,5,5,2,4,2,1,1,6,6,6,6,6,1,NA,NA,NA,NA,NA,NA,NA,NA,"yes"
"546",62,21,"mandatory","yes","male",2,1,5,5,1,3,1,NA,5,5,NA,NA,0,0,1,0,0,0,1,0,0,0,0,0,0,0,1,0,0,0,0,0,0,0,0,0,0,0,0,1,0,1,NA,NA,NA,NA,NA,NA,NA,NA,NA,NA,NA,NA,NA,NA,NA,NA,NA,NA,NA,NA,NA,NA,NA,NA,NA,NA,NA,"2",5,5,5,5,5,"2","0",NA,"San Antonio",2,1,1,1,1,0,0,1,1,2,3,2,1,1,3,2,4,4,1,1,3,3,"62",1,"","2","",5,7,1,5,1,3,4,4,1,3,4,1,1,2,4,4,2,5,2,1,1,2,2,6,1,2,2,1,1,0,0,0,0,0,0,"yes"
"547",77,16,"mandatory","yes","male",NA,3,NA,3,NA,NA,1,NA,5,13,NA,NA,0,1,0,0,0,0,0,0,0,0,0,0,0,0,0,0,0,0,0,0,0,0,0,0,0,0,0,1,0,1,NA,NA,NA,NA,NA,NA,NA,NA,NA,NA,NA,NA,NA,NA,NA,NA,NA,NA,NA,NA,NA,NA,NA,NA,NA,NA,NA,"1",3,3,NA,3,2,"2","0",NA,"Jarrell, TX",2,1,1,1,1,1,0,1,1,2,NA,2,2,4,3,2,1,5,1,2,3,3,"77",1,"","","2",3,5,1,1,1,4,NA,4,1,1,1,NA,2,4,4,2,2,4,2,1,1,1,4,1,1,1,2,1,0,0,0,0,1,0,0,"yes"
"548",64,18,"voluntary","yes","female",NA,3,3,3,2,3,1,NA,4,18,NA,NA,NA,NA,NA,NA,NA,NA,NA,NA,NA,NA,NA,NA,NA,NA,NA,NA,NA,NA,NA,NA,NA,NA,0,0,0,0,0,1,0,NA,NA,NA,NA,NA,NA,NA,NA,NA,NA,NA,NA,NA,NA,NA,NA,NA,NA,NA,NA,1,NA,1,NA,NA,NA,NA,NA,"2",5,2,3,4,4,"3","1",NA,"Choke Canyon State. Park",2,4,1,NA,NA,NA,NA,2,1,2,NA,2,4,2,4,4,1,4,1,1,3,3,"64",1,"","1","2",4,NA,2,1,3,2,2,4,4,2,5,3,4,3,2,2,2,5,2,1,1,6,6,6,6,1,1,NA,NA,NA,NA,NA,NA,NA,NA,"yes"
"549",70,NA,"mandatory","yes","male",1,2,2,2,1,1,1,NA,4,14,NA,NA,0,0,0,0,0,0,1,0,0,0,0,0,0,0,0,0,0,0,0,0,0,0,0,0,1,0,0,0,0,1,NA,NA,NA,NA,NA,NA,NA,NA,NA,NA,NA,NA,NA,NA,NA,NA,NA,NA,NA,NA,NA,NA,NA,NA,NA,NA,NA,"1",2,2,2,2,2,"1","0",NA,"Boerne, TX",2,1,1,1,0,0,0,1,1,2,2,2,3,3,4,4,4,5,1,3,3,2,"70",1,"","1","1",NA,3,1,1,1,1,2,4,3,4,5,2,2,1,5,2,NA,4,2,5,2,2,2,5,2,1,1,NA,NA,NA,NA,NA,NA,NA,NA,"yes"
"550",72,16,"mandatory","yes","male",1,3,3,3,1,2,1,NA,4,14,NA,NA,0,1,0,0,0,0,0,0,0,0,0,0,0,0,0,0,0,0,0,0,0,0,0,0,1,0,0,0,0,2,1,1,1,1,5,NA,1,NA,NA,NA,NA,1,1,NA,NA,NA,NA,NA,NA,NA,NA,NA,NA,NA,NA,NA,NA,"1",5,1,2,5,3,"1","0",3,"",2,1,1,1,1,1,1,1,1,2,3,2,2,2,3,3,1,5,1,1,3,3,"72",3,"0","0","1",3,3,1,1,3,1,2,4,4,5,4,1,1,2,1,2,2,5,2,1,1,6,6,1,6,3,1,NA,NA,NA,NA,NA,NA,NA,NA,"yes"
"551",58,16,"mandatory","no","female",NA,5,NA,5,5,NA,NA,NA,NA,NA,NA,NA,NA,NA,NA,NA,NA,NA,NA,NA,NA,NA,NA,NA,NA,NA,NA,NA,NA,NA,NA,NA,NA,NA,NA,NA,NA,NA,NA,NA,NA,NA,NA,NA,NA,NA,NA,NA,NA,NA,NA,NA,NA,NA,NA,NA,NA,NA,NA,NA,NA,NA,NA,NA,NA,NA,NA,NA,NA,"",NA,NA,NA,NA,5,"","",NA,"",NA,NA,NA,NA,NA,NA,NA,NA,NA,1,5,5,2,2,5,2,5,5,1,1,3,2,"58",3,"","3","",3,4,2,1,3,5,5,5,3,3,4,1,1,5,5,5,2,5,1,NA,NA,NA,NA,NA,NA,NA,NA,NA,NA,NA,NA,NA,NA,NA,NA,"yes"
"552",52,18,"mandatory","yes","female",2,3,2,3,3,3,1,NA,5,6,NA,NA,0,0,1,0,0,0,0,0,0,0,0,0,0,0,0,0,0,0,0,0,0,0,0,0,0,0,0,1,0,1,NA,NA,NA,NA,NA,NA,NA,NA,NA,NA,NA,NA,NA,NA,NA,NA,NA,NA,NA,NA,NA,NA,NA,NA,NA,NA,NA,"1",5,5,5,5,5,"3","0",NA,"College Station",1,1,1,1,0,0,1,1,2,2,5,5,1,1,3,2,4,5,1,1,2,1,"52",1,"","","",4,8,2,1,5,5,2,3,5,5,5,2,2,3,2,1,2,4,2,2,2,2,5,1,1,2,1,NA,NA,NA,NA,NA,NA,NA,NA,"yes"
"553",65,18,"mandatory","yes","female",1,5,4,4,1,5,1,NA,4,12,NA,NA,0,0,0,0,0,0,0,0,0,0,0,0,0,0,0,0,1,0,0,0,0,0,0,0,0,1,0,0,0,1,NA,NA,NA,NA,NA,NA,NA,NA,NA,NA,NA,NA,NA,NA,NA,NA,NA,NA,NA,NA,NA,NA,NA,NA,NA,NA,NA,"2",5,1,1,1,5,"3","0",NA,"San Antonio, TX",3,1,1,1,1,0,1,1,1,1,1,1,1,1,1,3,1,1,1,1,3,3,"65",1,"","2","",4,3,2,5,5,5,1,1,5,5,5,1,1,5,5,1,1,5,2,6,2,6,5,6,6,6,1,NA,NA,NA,NA,NA,NA,NA,NA,"yes"
"554",80,18,"mandatory","yes","male",1,1,1,1,1,3,1,NA,5,8,NA,NA,0,1,1,0,0,0,0,0,0,0,0,0,0,1,0,0,0,0,0,0,0,0,0,0,0,0,0,1,0,1,NA,NA,NA,NA,NA,NA,NA,NA,NA,NA,NA,NA,NA,NA,NA,NA,NA,NA,NA,NA,NA,NA,NA,NA,NA,NA,NA,"1",3,3,3,3,3,"2","0",NA,"La Grange",2,1,1,1,1,0,0,1,2,2,2,3,1,1,2,1,1,5,1,1,3,1,"80",4,"","","1",4,4,1,1,3,2,3,3,3,3,3,3,4,1,2,3,2,5,2,1,1,1,4,NA,6,3,1,NA,NA,NA,NA,NA,NA,NA,NA,"yes"
"555",68,12,"mandatory","yes","female",1,5,4,3,1,3,1,NA,4,12,NA,NA,0,0,0,0,0,0,1,0,0,0,0,0,0,0,0,0,0,0,0,0,0,0,0,0,0,0,0,1,0,1,NA,NA,NA,NA,NA,NA,NA,NA,NA,NA,NA,NA,NA,NA,NA,NA,NA,NA,NA,NA,NA,NA,NA,NA,NA,NA,NA,"2",4,1,4,4,4,"2","0",NA,"Beeville",2,2,2,NA,NA,NA,NA,1,2,2,4,5,3,4,4,4,1,4,1,1,3,1,"68",1,"","","2",2,3,2,1,1,1,2,4,3,4,2,1,1,3,5,4,2,4,2,1,1,4,3,5,3,3,1,NA,NA,NA,NA,NA,NA,NA,NA,"yes"
"556",67,18,"mandatory","yes","female",5,5,5,5,5,5,1,NA,5,19,NA,NA,0,0,0,0,0,0,0,0,0,0,0,0,0,0,1,0,0,0,0,0,0,0,1,1,1,0,1,1,1,1,NA,NA,NA,NA,NA,NA,NA,NA,NA,NA,NA,NA,NA,NA,NA,NA,NA,NA,NA,NA,NA,NA,NA,NA,NA,NA,NA,"2",5,5,5,5,5,"3","0",NA,"Bandera, Tx.",2,1,1,1,1,0,1,1,2,2,5,5,5,1,5,1,5,5,1,1,3,3,"67",1,"","2","1",4,4,2,1,5,5,1,5,5,5,5,5,1,5,5,5,1,5,2,1,1,6,6,6,6,6,2,1,1,0,1,1,0,0,0,"yes"
"557",67,16,"mandatory","yes","female",1,5,5,5,2,2,1,NA,4,NA,NA,NA,0,0,0,0,0,0,1,0,0,0,0,0,0,0,0,0,0,0,0,0,0,0,0,1,0,0,0,1,0,1,NA,NA,NA,NA,NA,NA,NA,NA,NA,NA,NA,NA,NA,NA,NA,NA,NA,NA,NA,NA,NA,NA,NA,NA,NA,NA,NA,"3",5,1,1,5,5,"1","0",NA,"",2,2,1,1,0,0,0,1,2,2,5,5,3,1,3,3,5,5,1,1,2,1,"67",1,"","","2",3,8,2,1,5,1,3,3,5,5,5,5,5,5,5,3,2,5,2,6,2,4,3,6,6,3,2,0,1,0,1,1,0,0,0,"yes"
"558",61,16,"mandatory","yes","female",2,5,5,5,5,5,1,NA,4,12,NA,NA,0,0,0,1,0,0,0,0,0,0,0,0,0,0,0,0,0,0,0,1,0,0,0,0,0,0,0,1,0,1,NA,NA,NA,NA,NA,NA,NA,NA,NA,NA,NA,NA,NA,NA,NA,NA,NA,NA,NA,NA,NA,NA,NA,NA,NA,NA,NA,"1",5,5,5,1,5,"2","",NA,"Houston",2,1,1,1,1,0,1,1,2,2,5,5,3,3,5,5,5,5,2,1,3,1,"61",1,"","1","1",3,7,2,1,3,5,5,5,4,4,5,5,4,5,5,5,2,4,2,3,3,4,5,6,6,6,2,1,1,1,1,1,1,0,0,"yes"
"559",73,16,"mandatory","yes","male",1,3,5,NA,1,5,1,NA,5,11,NA,NA,0,1,1,0,0,0,0,0,0,0,0,0,0,0,1,0,0,0,0,0,0,0,0,0,0,0,0,1,0,1,NA,NA,NA,NA,NA,NA,NA,NA,NA,NA,NA,NA,NA,NA,NA,NA,NA,NA,NA,NA,NA,NA,NA,NA,NA,NA,NA,"1",5,5,5,5,5,"1","0",NA,"Dallas",2,1,1,1,1,1,0,1,2,2,3,1,1,1,3,5,1,5,1,1,3,1,"73",1,"","","2",3,4,1,1,1,1,1,3,1,3,5,1,1,1,5,3,NA,5,2,1,1,1,6,6,5,3,2,1,1,1,0,1,1,0,1,"yes"
"560",60,16,"voluntary","no","female",NA,5,NA,NA,NA,5,NA,NA,NA,NA,NA,NA,NA,NA,NA,NA,NA,NA,NA,NA,NA,NA,NA,NA,NA,NA,NA,NA,NA,NA,NA,NA,NA,NA,NA,NA,NA,NA,NA,NA,NA,NA,NA,NA,NA,NA,NA,NA,NA,NA,NA,NA,NA,NA,NA,NA,NA,NA,NA,NA,NA,NA,NA,NA,NA,NA,NA,NA,NA,"",5,NA,NA,5,5,"","",NA,"",NA,NA,NA,NA,NA,NA,NA,NA,NA,2,3,3,3,3,3,3,3,5,1,1,3,3,"60",1,"","2","",3,4,2,NA,3,1,1,3,3,4,4,4,4,1,4,4,NA,5,1,NA,NA,NA,NA,NA,NA,NA,NA,NA,NA,NA,NA,NA,NA,NA,NA,"yes"
"561",76,18,"voluntary","yes","female",NA,NA,4,NA,NA,NA,1,NA,1,13,NA,NA,0,0,0,0,0,0,0,0,0,0,0,0,0,0,0,0,1,0,0,0,0,0,0,0,0,1,1,1,0,2,NA,NA,NA,NA,NA,NA,NA,NA,NA,NA,NA,NA,NA,NA,NA,NA,NA,NA,NA,1,NA,1,NA,NA,NA,NA,NA,"2",NA,NA,NA,NA,5,"2","",NA,"Sandia, TX",2,1,1,1,1,0,0,1,2,2,NA,5,NA,NA,NA,NA,NA,NA,1,1,3,2,"76",1,"","1","",4,NA,2,1,NA,NA,NA,NA,NA,NA,NA,5,NA,NA,NA,NA,2,5,2,3,3,2,6,6,6,6,2,1,1,1,1,0,0,0,0,"yes"
"562",64,18,"mandatory","no","male",1,2,3,4,1,1,NA,NA,NA,NA,NA,NA,NA,NA,NA,NA,NA,NA,NA,NA,NA,NA,NA,NA,NA,NA,NA,NA,NA,NA,NA,NA,NA,NA,NA,NA,NA,NA,NA,NA,NA,NA,NA,NA,NA,NA,NA,NA,NA,NA,NA,NA,NA,NA,NA,NA,NA,NA,NA,NA,NA,NA,NA,NA,NA,NA,NA,NA,NA,"",5,5,5,5,5,"","",NA,"",NA,NA,NA,NA,NA,NA,NA,NA,NA,1,5,1,1,1,3,3,5,5,1,2,2,2,"64",2,"","2","",4,4,1,3,1,5,1,5,1,1,3,5,5,1,2,1,2,5,1,NA,NA,NA,NA,NA,NA,NA,NA,NA,NA,NA,NA,NA,NA,NA,NA,"yes"
"563",37,16,"mandatory","yes","male",2,1,2,1,1,3,0,2,4,14,5,12,0,0,0,0,1,0,0,0,0,0,0,0,0,0,0,0,0,0,0,0,0,0,0,0,0,1,0,0,0,1,NA,NA,NA,NA,NA,NA,NA,NA,NA,NA,NA,NA,NA,NA,NA,NA,NA,NA,NA,NA,NA,NA,NA,NA,NA,NA,NA,"1",1,4,4,3,3,"2","0",3,"Goliad",2,1,1,1,1,0,0,1,2,2,3,1,3,3,4,4,1,5,1,2,3,1,"37",1,"1","2","",3,8,1,1,1,1,1,3,3,3,5,1,1,1,1,1,2,4,2,5,2,3,5,6,3,2,1,NA,NA,NA,NA,NA,NA,NA,NA,"yes"
"564",78,16,"mandatory","yes","male",1,NA,3,1,1,2,1,NA,3,16,NA,NA,0,1,0,0,0,0,0,0,0,0,0,0,0,1,0,0,0,0,0,1,0,0,0,0,0,1,0,1,0,1,NA,NA,NA,NA,NA,NA,NA,NA,NA,NA,NA,NA,NA,NA,NA,NA,NA,NA,NA,NA,NA,NA,NA,NA,NA,NA,NA,"1",5,1,2,3,4,"1","0",NA,"Houston, TX",2,1,1,1,0,0,0,1,1,1,1,1,1,1,3,3,1,5,1,1,3,3,"78",4,"","","1",3,1,1,1,5,1,2,2,3,5,5,3,3,2,4,1,2,4,2,1,1,1,5,6,3,1,2,0,1,0,0,0,0,0,0,"yes"
"565",31,18,"mandatory","yes","male",2,1,4,4,1,3,1,NA,4,20,NA,NA,0,1,0,0,0,0,0,0,0,0,0,0,1,0,0,0,0,0,0,0,0,0,0,0,0,1,0,1,0,1,NA,NA,NA,NA,NA,NA,NA,NA,NA,NA,NA,NA,NA,NA,NA,NA,NA,NA,NA,NA,NA,NA,NA,NA,NA,NA,NA,"1",5,5,5,5,2,"1","0",NA,"Austin, TX",NA,4,1,1,1,0,0,1,1,1,5,5,1,1,5,5,5,5,1,2,3,2,"31",2,"","1","",4,6,1,1,1,1,1,1,1,1,5,4,1,1,1,1,2,5,2,5,3,1,3,5,4,1,2,1,0,1,0,0,1,0,0,"yes"
"566",50,12,"mandatory","yes","male",2,5,5,5,2,5,1,NA,5,17,NA,NA,0,0,1,0,0,0,0,0,0,0,0,0,0,0,0,0,0,0,0,0,0,0,0,0,0,0,0,1,0,1,NA,NA,NA,NA,NA,NA,NA,NA,NA,NA,NA,NA,NA,NA,NA,NA,NA,NA,NA,NA,NA,NA,NA,NA,NA,NA,NA,"1",5,2,4,5,5,"1","0",NA,"Robstown",1,1,1,1,1,0,1,1,2,1,5,5,5,1,5,5,1,5,2,2,3,3,"50",1,"1","3","",2,1,1,1,1,5,5,5,5,5,1,1,1,5,5,5,2,4,2,2,6,4,4,6,3,3,1,NA,NA,NA,NA,NA,NA,NA,NA,"yes"
"567",52,18,"mandatory","yes","female",2,3,3,4,2,2,1,NA,5,NA,NA,NA,0,1,0,1,0,0,0,1,0,0,0,0,0,0,0,0,0,0,0,1,0,0,0,0,0,0,0,1,0,1,NA,NA,NA,NA,NA,NA,NA,NA,NA,NA,NA,NA,NA,NA,NA,NA,NA,NA,NA,NA,NA,NA,NA,NA,NA,NA,NA,"2",5,5,5,5,5,"3","0",NA,"Kyle, TX",2,2,1,1,1,1,0,1,1,2,1,2,1,1,2,2,2,3,1,1,3,3,"52",1,"4","1","1",4,5,2,1,3,1,1,4,5,5,5,3,3,1,3,3,2,5,2,3,3,6,6,6,6,3,2,1,0,1,0,1,1,0,0,"yes"
"568",61,18,"mandatory","no","male",1,1,1,1,1,1,NA,NA,NA,NA,NA,NA,NA,NA,NA,NA,NA,NA,NA,NA,NA,NA,NA,NA,NA,NA,NA,NA,NA,NA,NA,NA,NA,NA,NA,NA,NA,NA,NA,NA,NA,NA,NA,NA,NA,NA,NA,NA,NA,NA,NA,NA,NA,NA,NA,NA,NA,NA,NA,NA,NA,NA,NA,NA,NA,NA,NA,NA,NA,"",1,1,1,1,1,"","",NA,"",NA,NA,NA,NA,NA,NA,NA,NA,NA,2,1,1,1,1,1,1,1,1,2,1,3,3,"61",1,"","2","",4,8,1,1,1,1,1,1,1,1,1,1,1,1,1,1,2,4,1,NA,NA,NA,NA,NA,NA,NA,NA,NA,NA,NA,NA,NA,NA,NA,NA,"yes"
"569",56,16,"mandatory","yes","female",2,1,4,3,2,3,1,NA,4,4,NA,NA,0,0,0,0,0,0,0,1,0,0,0,0,0,0,0,0,1,0,0,0,0,0,0,0,0,1,0,0,0,1,NA,NA,NA,NA,NA,NA,NA,NA,NA,NA,NA,NA,NA,NA,NA,NA,NA,NA,NA,NA,NA,NA,NA,NA,NA,NA,NA,"1",5,2,2,4,4,"2","0",NA,"Utopia, TX",2,1,1,1,1,0,1,1,2,2,5,5,5,3,5,3,5,5,1,1,3,3,"56",1,"","2","",3,6,2,1,1,5,5,5,2,5,5,5,5,1,3,5,2,4,2,1,1,2,6,1,2,2,1,NA,NA,NA,NA,NA,NA,NA,NA,"yes"
"570",42,12,"mandatory","yes","male",1,4,5,2,3,3,0,2,4,16,4,15,0,0,0,0,0,0,0,1,0,0,0,0,0,0,0,0,0,0,0,0,0,0,0,0,0,0,0,1,0,1,NA,NA,NA,NA,NA,NA,NA,NA,NA,NA,NA,NA,NA,NA,NA,NA,NA,NA,NA,NA,NA,NA,NA,NA,NA,NA,NA,"2",5,2,2,2,4,"4","",NA,"Fredericksburg",2,2,1,1,1,1,1,1,1,2,2,5,3,1,3,4,4,5,1,1,3,2,"42",1,"","2","",2,7,1,1,5,4,5,5,NA,4,4,4,4,4,4,5,2,4,2,2,6,6,6,6,6,6,1,NA,NA,NA,NA,NA,NA,NA,NA,"yes"
"571",57,16,"mandatory","yes","female",1,2,1,1,2,5,1,NA,5,3,NA,NA,0,0,0,0,0,0,0,1,0,0,0,0,0,0,0,0,0,0,0,0,0,0,0,0,0,0,0,1,0,1,NA,NA,NA,NA,NA,NA,NA,NA,NA,NA,NA,NA,NA,NA,NA,NA,NA,NA,NA,NA,NA,NA,NA,NA,NA,NA,NA,"1",5,1,1,5,2,"2","0",NA,"austin",2,1,1,1,1,1,1,1,2,2,3,4,1,1,1,1,1,4,1,1,2,2,"57",1,"0","2","",3,5,2,1,2,3,2,4,4,3,4,2,3,4,3,2,2,4,2,6,2,3,3,5,5,5,1,NA,NA,NA,NA,NA,NA,NA,NA,"yes"
"572",72,16,"mandatory","yes","male",1,3,3,3,1,1,1,NA,3,10,NA,NA,0,0,0,0,0,0,0,1,0,0,0,0,0,0,0,0,0,0,0,0,0,0,0,0,0,0,0,1,0,1,NA,NA,NA,NA,NA,NA,NA,NA,NA,NA,NA,NA,NA,NA,NA,NA,NA,NA,NA,NA,NA,NA,NA,NA,NA,NA,NA,"1",3,3,3,3,3,"2","0",NA,"Kerville",2,2,1,1,1,1,0,NA,NA,2,2,5,NA,1,1,1,2,5,1,1,3,1,"72",1,"","","2",3,7,1,1,1,1,3,3,2,2,3,5,5,NA,2,1,2,4,2,1,1,1,5,5,1,1,1,NA,NA,NA,NA,NA,NA,NA,NA,"yes"
"573",56,16,"mandatory","yes","female",1,5,5,3,2,5,1,NA,4,12,NA,NA,0,0,0,0,0,0,0,1,0,0,0,0,0,0,0,0,0,0,0,0,0,0,0,0,0,0,0,1,0,1,NA,NA,NA,NA,NA,NA,NA,NA,NA,NA,NA,NA,NA,NA,NA,NA,NA,NA,NA,NA,NA,NA,NA,NA,NA,NA,NA,"2",5,5,5,5,5,"7","0",NA,"Mason, Tx.",1,4,1,1,1,1,1,1,1,2,5,5,1,3,5,3,5,5,1,1,3,1,"56",1,"","1","",3,8,2,1,3,1,1,3,5,5,5,5,3,3,3,1,2,4,2,6,4,5,6,6,6,1,1,NA,NA,NA,NA,NA,NA,NA,NA,"yes"
"574",62,16,"mandatory","no","female",3,3,3,4,4,3,NA,NA,NA,NA,NA,NA,NA,NA,NA,NA,NA,NA,NA,NA,NA,NA,NA,NA,NA,NA,NA,NA,NA,NA,NA,NA,NA,NA,NA,NA,NA,NA,NA,NA,NA,NA,NA,NA,NA,NA,NA,NA,NA,NA,NA,NA,NA,NA,NA,NA,NA,NA,NA,NA,NA,NA,NA,NA,NA,NA,NA,NA,NA,"",3,3,3,4,2,"","",NA,"",NA,NA,NA,NA,NA,NA,NA,NA,NA,2,5,5,1,2,3,2,3,5,1,1,3,2,"62",1,"","1","1",3,3,2,1,1,1,1,5,1,1,2,1,1,4,4,4,2,5,1,NA,NA,NA,NA,NA,NA,NA,NA,NA,NA,NA,NA,NA,NA,NA,NA,"yes"
"575",88,12,"mandatory","no","male",2,5,5,1,1,3,NA,NA,NA,NA,NA,NA,NA,NA,NA,NA,NA,NA,NA,NA,NA,NA,NA,NA,NA,NA,NA,NA,NA,NA,NA,NA,NA,NA,NA,NA,NA,NA,NA,NA,NA,NA,NA,NA,NA,NA,NA,NA,NA,NA,NA,NA,NA,NA,NA,NA,NA,NA,NA,NA,NA,NA,NA,NA,NA,NA,NA,NA,NA,"",4,3,3,4,4,"","",NA,"",NA,NA,NA,NA,NA,NA,NA,NA,NA,2,4,4,2,2,3,2,1,5,1,1,3,1,"88",4,"","1","1",2,2,1,1,2,1,1,1,2,2,2,4,2,2,2,2,2,4,1,NA,NA,NA,NA,NA,NA,NA,NA,NA,NA,NA,NA,NA,NA,NA,NA,"yes"
"576",65,12,"mandatory","yes","female",2,1,5,3,5,5,1,NA,4,10,NA,NA,0,0,0,0,1,0,0,0,0,0,0,1,0,0,0,0,1,0,0,0,0,0,0,0,0,0,0,1,0,1,NA,NA,NA,NA,NA,NA,NA,NA,NA,NA,NA,NA,NA,NA,NA,NA,NA,NA,NA,NA,NA,NA,NA,NA,NA,NA,NA,"1",5,5,5,3,5,"3","",NA,"Huto",2,1,1,1,1,0,0,1,2,2,3,5,1,2,4,3,1,5,1,1,3,1,"65",1,"","","2",2,4,2,1,1,1,1,1,1,2,3,3,3,4,1,1,2,4,2,1,1,1,5,1,2,2,1,NA,NA,NA,NA,NA,NA,NA,NA,"yes"
"577",60,21,"mandatory","yes","male",NA,3,3,3,1,2,1,NA,5,4,NA,NA,0,1,0,1,0,0,0,0,0,0,0,0,0,0,0,0,0,0,0,0,0,0,0,0,0,0,0,1,0,1,NA,NA,NA,NA,NA,NA,NA,NA,NA,NA,NA,NA,NA,NA,NA,NA,NA,NA,NA,NA,NA,NA,NA,NA,NA,NA,NA,"2",3,2,3,4,3,"2","1",NA,"College Station",2,1,1,1,1,0,0,2,1,2,4,4,1,2,4,5,4,5,1,3,2,2,"60",1,"","3","",5,6,1,1,1,1,3,3,3,4,4,4,4,3,2,1,2,4,2,1,1,6,6,6,6,2,1,NA,NA,NA,NA,NA,NA,NA,NA,"yes"
"578",54,18,"mandatory","yes","female",1,1,5,2,1,3,0,1,3,NA,NA,NA,0,0,0,0,0,0,0,1,0,0,0,0,0,0,0,0,1,0,0,0,0,0,0,0,1,1,0,1,0,1,NA,NA,NA,NA,NA,NA,NA,NA,NA,NA,NA,NA,NA,NA,NA,NA,NA,NA,NA,NA,NA,NA,NA,NA,NA,NA,NA,"1",5,5,5,5,5,"2","0",NA,"Del Rio, TX",2,1,1,1,1,0,0,1,1,2,4,4,3,3,4,4,1,5,1,1,3,3,"54",1,"1","2","",4,8,2,1,1,1,2,2,1,5,5,4,4,1,5,5,2,5,2,1,1,2,6,6,2,1,2,1,0,0,0,1,0,0,0,"yes"
"579",60,12,"mandatory","yes","male",2,4,4,4,5,3,1,NA,7,NA,NA,NA,0,0,0,1,0,0,0,1,0,0,0,0,0,0,0,0,0,0,0,0,0,0,0,0,0,0,0,1,0,1,NA,NA,NA,NA,NA,NA,NA,NA,NA,NA,NA,NA,NA,NA,NA,NA,NA,NA,NA,NA,NA,NA,NA,NA,NA,NA,NA,"2",5,5,5,5,5,"2","1",NA,"Cuero, TX",2,1,1,1,0,0,0,1,2,1,5,5,4,1,3,3,3,5,1,1,3,1,"60",1,"","1","",2,8,1,1,1,1,1,1,1,5,5,5,2,5,2,1,2,4,2,6,2,6,6,1,1,6,2,0,0,0,0,0,0,0,1,"yes"
"580",79,12,"mandatory","yes","female",1,5,5,1,1,5,0,1,3,17,NA,NA,0,0,1,0,0,0,0,1,0,0,0,0,0,0,0,0,0,0,0,0,0,0,0,0,0,0,0,1,0,1,NA,NA,NA,NA,NA,NA,NA,NA,NA,NA,NA,NA,NA,NA,NA,NA,NA,NA,NA,NA,NA,NA,NA,NA,NA,NA,NA,"1",5,NA,3,4,5,"1","0",NA,"Victoria",2,1,1,0,1,0,0,1,2,2,2,1,1,1,3,NA,2,5,1,1,2,2,"79",3,"","","1",2,1,2,1,4,1,2,1,4,5,5,5,3,2,3,1,2,5,2,1,1,1,3,1,1,2,1,NA,NA,NA,NA,NA,NA,NA,NA,"yes"
"581",54,16,"mandatory","no","female",1,2,2,1,5,2,NA,NA,NA,NA,NA,NA,NA,NA,NA,NA,NA,NA,NA,NA,NA,NA,NA,NA,NA,NA,NA,NA,NA,NA,NA,NA,NA,NA,NA,NA,NA,NA,NA,NA,NA,NA,NA,NA,NA,NA,NA,NA,NA,NA,NA,NA,NA,NA,NA,NA,NA,NA,NA,NA,NA,NA,NA,NA,NA,NA,NA,NA,NA,"",5,5,5,5,5,"","",NA,"",NA,NA,NA,NA,NA,NA,NA,NA,NA,2,5,5,1,1,5,3,1,5,1,2,3,1,"54",1,"","3","",3,NA,2,1,5,1,1,5,5,NA,5,5,5,5,5,5,2,5,1,NA,NA,NA,NA,NA,NA,NA,NA,NA,NA,NA,NA,NA,NA,NA,NA,"yes"
"582",64,21,"mandatory","yes","female",1,2,2,3,1,2,1,NA,5,7,NA,NA,0,0,0,1,0,0,0,1,0,0,0,0,0,0,0,0,1,0,0,0,0,0,0,0,0,0,0,1,0,1,NA,NA,NA,NA,NA,NA,NA,NA,NA,NA,NA,NA,NA,NA,NA,NA,NA,NA,NA,NA,NA,NA,NA,NA,NA,NA,NA,"2",3,1,1,3,1,"3","0",NA,"Victoria, TX",2,1,1,1,1,1,1,1,2,2,3,4,2,2,3,3,1,4,1,1,3,2,"64",1,"0","2","0",5,5,2,1,3,1,1,1,5,5,5,1,1,2,4,1,2,5,2,1,1,2,6,6,6,3,2,1,0,0,0,0,0,0,1,"yes"
"583",49,18,"mandatory","yes","female",1,5,5,5,3,4,1,NA,1,3,NA,NA,0,0,0,0,0,0,0,0,0,0,0,0,0,0,0,0,0,0,0,0,0,1,0,0,0,0,0,1,0,1,NA,NA,NA,NA,NA,NA,NA,NA,NA,NA,NA,NA,NA,NA,NA,NA,NA,NA,NA,NA,NA,NA,NA,NA,NA,NA,NA,"3",5,3,3,5,2,"3","0",NA,"Jackson County",1,4,1,NA,NA,NA,NA,1,1,2,3,4,1,1,3,1,2,5,1,1,3,3,"49",1,"1","2","",4,NA,2,1,3,4,4,4,3,3,3,3,3,3,3,NA,2,4,2,1,1,2,6,6,6,6,1,NA,NA,NA,NA,NA,NA,NA,NA,"yes"
"584",86,18,"mandatory","yes","male",1,2,3,3,1,3,1,NA,4,11,NA,NA,0,1,0,0,0,0,0,1,0,0,0,0,0,0,0,0,0,0,0,0,0,0,0,0,0,0,0,1,0,2,1,1,1,1,1,NA,1,NA,NA,NA,NA,NA,1,NA,NA,NA,NA,NA,NA,NA,NA,NA,NA,NA,NA,NA,NA,"1",5,5,5,5,5,"2","0",NA,"Cuero, TX",1,4,1,1,1,1,0,2,2,2,2,2,1,1,2,1,1,3,1,1,3,1,"86",1,"","","3",4,5,1,1,3,1,3,3,3,3,3,4,4,4,4,4,2,4,2,6,6,6,6,6,6,6,2,1,1,1,0,0,1,0,0,"yes"
"585",60,12,"mandatory","yes","male",1,1,1,1,1,2,1,NA,5,11,NA,NA,0,0,0,0,0,0,0,1,0,0,0,0,0,0,0,0,0,0,0,0,0,0,0,0,0,0,0,1,0,1,NA,NA,NA,NA,NA,NA,NA,NA,NA,NA,NA,NA,NA,NA,NA,NA,NA,NA,NA,NA,NA,NA,NA,NA,NA,NA,NA,"1",1,1,1,1,1,"2","0",NA,"Abilene",1,2,1,1,1,1,1,1,2,2,5,5,1,1,1,3,5,5,1,1,3,3,"60",1,"","3","",2,1,1,1,1,1,1,1,3,1,5,1,1,1,5,1,2,4,2,1,1,2,2,6,2,2,1,NA,NA,NA,NA,NA,NA,NA,NA,"yes"
"586",71,18,"mandatory","no","male",NA,NA,NA,5,NA,5,NA,NA,NA,NA,NA,NA,NA,NA,NA,NA,NA,NA,NA,NA,NA,NA,NA,NA,NA,NA,NA,NA,NA,NA,NA,NA,NA,NA,NA,NA,NA,NA,NA,NA,NA,NA,NA,NA,NA,NA,NA,NA,NA,NA,NA,NA,NA,NA,NA,NA,NA,NA,NA,NA,NA,NA,NA,NA,NA,NA,NA,NA,NA,"",NA,NA,NA,NA,NA,"","",NA,"",NA,NA,NA,NA,NA,NA,NA,NA,NA,2,1,1,1,1,1,1,1,5,1,1,3,3,"71",2,"","","1",4,1,1,1,1,1,1,1,1,1,1,1,1,5,1,1,2,4,1,NA,NA,NA,NA,NA,NA,NA,NA,NA,NA,NA,NA,NA,NA,NA,NA,"yes"
"587",69,21,"mandatory","yes","male",2,5,3,2,1,3,1,NA,2,9,NA,NA,0,0,1,0,0,0,0,0,0,0,0,1,0,0,0,0,1,0,0,0,0,0,0,0,1,0,1,0,0,1,NA,NA,NA,NA,NA,NA,NA,NA,NA,NA,NA,NA,NA,NA,NA,NA,NA,NA,NA,NA,NA,NA,NA,NA,NA,NA,NA,"1",3,1,1,1,2,"2","1",NA,"San Antonio",2,4,1,1,1,1,0,1,2,2,1,5,1,2,2,3,5,5,1,3,2,3,"69",1,"","","2",5,3,1,1,1,4,3,3,3,5,5,1,2,2,5,5,2,4,2,6,4,2,5,5,4,2,1,NA,NA,NA,NA,NA,NA,NA,NA,"yes"
"588",50,21,"mandatory","yes","female",1,1,3,4,2,1,0,2,2,8,4,12,0,0,0,0,0,0,0,1,0,0,0,0,0,0,0,0,0,0,0,0,0,0,0,1,0,0,0,0,0,1,NA,NA,NA,NA,NA,NA,NA,NA,NA,NA,NA,NA,NA,NA,NA,NA,NA,NA,NA,NA,NA,NA,NA,NA,NA,NA,NA,"2",5,5,4,3,5,"2","0",NA,"Waco",2,2,1,1,1,1,1,1,1,2,4,4,2,2,2,2,3,5,1,1,3,3,"50",1,"","2","",5,8,2,1,1,1,1,3,1,2,2,5,5,2,2,1,2,4,2,5,3,1,5,6,4,1,2,1,0,1,0,0,0,0,0,"yes"
"589",54,NA,"mandatory","yes","female",2,4,2,1,1,4,1,NA,4,23,NA,NA,0,0,1,0,0,0,0,0,0,0,0,0,0,0,0,0,0,0,0,0,0,0,0,0,0,1,0,0,0,1,NA,NA,NA,NA,NA,NA,NA,NA,NA,NA,NA,NA,NA,NA,NA,NA,NA,NA,NA,NA,NA,NA,NA,NA,NA,NA,NA,"2",5,1,1,2,3,"2","0",NA,"Houston",2,1,1,1,0,0,0,1,2,2,3,3,4,1,4,5,5,5,1,1,3,3,"54",2,"","3","",NA,3,2,1,1,1,1,1,1,4,4,4,1,1,1,1,2,4,2,1,1,3,4,6,2,2,1,NA,NA,NA,NA,NA,NA,NA,NA,"yes"
"590",65,12,"mandatory","yes","female",2,5,4,NA,NA,4,1,NA,3,10,NA,NA,0,0,0,0,0,0,0,1,0,0,0,0,0,0,0,0,0,0,0,0,0,0,0,0,0,1,0,0,0,1,NA,NA,NA,NA,NA,NA,NA,NA,NA,NA,NA,NA,NA,NA,NA,NA,NA,NA,NA,NA,NA,NA,NA,NA,NA,NA,NA,"1",4,4,3,3,3,"1","0",NA,"San Antonio",2,1,1,1,1,0,0,1,2,2,4,4,3,1,3,3,1,5,1,1,3,2,"65",4,"","1","",2,2,2,1,5,1,3,3,5,5,5,4,1,4,4,5,2,4,2,1,1,1,6,6,3,3,2,0,0,0,1,1,1,0,0,"yes"
"591",48,16,"mandatory","yes","female",1,4,4,4,4,4,1,NA,4,16,NA,NA,0,0,0,0,0,0,0,1,0,0,0,0,0,0,0,0,0,0,0,0,0,0,0,0,0,0,1,1,0,1,NA,NA,NA,NA,NA,NA,NA,NA,NA,NA,NA,NA,NA,NA,NA,NA,NA,NA,NA,NA,NA,NA,NA,NA,NA,NA,NA,"1",5,5,5,5,5,"2","0",NA,"Austin",2,2,1,1,1,1,0,1,1,2,3,3,2,4,3,3,5,5,1,3,3,1,"48",1,"1","2","",3,7,2,1,5,1,1,5,5,5,5,5,3,3,5,5,1,5,2,6,2,5,5,6,6,6,2,1,0,0,0,0,0,0,0,"yes"
"592",72,18,"mandatory","yes","male",1,1,4,4,1,2,1,NA,3,2,NA,NA,0,0,0,0,0,0,0,0,0,0,0,0,0,0,0,0,1,0,0,0,0,0,0,0,0,0,0,1,0,1,NA,NA,NA,NA,NA,NA,NA,NA,NA,NA,NA,NA,NA,NA,NA,NA,NA,NA,NA,NA,NA,NA,NA,NA,NA,NA,NA,"1",1,1,1,1,1,"2","0",3,"Austin",2,2,1,1,1,1,0,2,1,2,3,2,1,1,1,1,1,3,1,1,3,3,"72",3,"","1","",4,6,1,1,1,1,2,5,1,3,1,5,1,1,1,1,2,4,2,1,1,2,2,1,2,2,1,NA,NA,NA,NA,NA,NA,NA,NA,"yes"
"593",77,21,"mandatory","no","male",3,4,4,4,1,3,NA,NA,NA,NA,NA,NA,NA,NA,NA,NA,NA,NA,NA,NA,NA,NA,NA,NA,NA,NA,NA,NA,NA,NA,NA,NA,NA,NA,NA,NA,NA,NA,NA,NA,NA,NA,NA,NA,NA,NA,NA,NA,NA,NA,NA,NA,NA,NA,NA,NA,NA,NA,NA,NA,NA,NA,NA,NA,NA,NA,NA,NA,NA,"",5,5,5,5,5,"","",NA,"",NA,NA,NA,NA,NA,NA,NA,NA,NA,2,2,1,1,1,1,1,5,5,1,1,1,1,"77",1,"","","2",5,3,1,1,1,1,3,5,1,1,1,1,1,3,1,4,2,5,1,NA,NA,NA,NA,NA,NA,NA,NA,NA,NA,NA,NA,NA,NA,NA,NA,"yes"
"594",71,18,"mandatory","yes","female",2,5,5,5,2,3,1,NA,3,7,NA,NA,0,0,0,0,1,0,0,1,0,0,0,0,0,0,0,0,0,0,0,0,0,0,0,0,0,1,0,0,0,1,NA,NA,NA,NA,NA,NA,NA,NA,NA,NA,NA,NA,NA,NA,NA,NA,NA,NA,NA,NA,NA,NA,NA,NA,NA,NA,NA,"1",5,5,5,5,5,"2","0",NA,"Austin",NA,1,1,1,0,0,0,1,2,2,1,1,1,1,1,1,1,4,1,1,3,3,"71",1,"","","2",4,5,2,1,3,1,5,5,1,3,3,3,3,3,3,3,2,4,2,1,1,6,6,6,4,3,2,0,0,0,0,0,1,0,0,"yes"
"595",78,21,"mandatory","yes","female",NA,3,NA,NA,1,3,1,NA,3,NA,NA,NA,0,1,0,0,0,0,0,0,0,0,0,0,0,0,0,0,0,0,0,0,0,0,0,0,0,0,0,1,0,1,NA,NA,NA,NA,NA,NA,NA,NA,NA,NA,NA,NA,NA,NA,NA,NA,NA,NA,NA,NA,NA,NA,NA,NA,NA,NA,NA,"1",3,NA,NA,NA,NA,"1","0",NA,"Leaky, TX",2,2,1,NA,NA,NA,NA,1,2,2,NA,3,1,1,2,1,1,4,1,2,1,2,"78",2,"","","1",5,3,2,1,1,1,1,2,4,4,4,3,3,1,2,2,NA,4,2,1,1,2,4,1,1,4,1,NA,NA,NA,NA,NA,NA,NA,NA,"yes"
"596",58,21,"mandatory","no","female",1,1,3,4,3,2,NA,NA,NA,NA,NA,NA,NA,NA,NA,NA,NA,NA,NA,NA,NA,NA,NA,NA,NA,NA,NA,NA,NA,NA,NA,NA,NA,NA,NA,NA,NA,NA,NA,NA,NA,NA,NA,NA,NA,NA,NA,NA,NA,NA,NA,NA,NA,NA,NA,NA,NA,NA,NA,NA,NA,NA,NA,NA,NA,NA,NA,NA,NA,"",2,2,2,2,2,"","",NA,"",NA,NA,NA,NA,NA,NA,NA,NA,NA,2,3,3,1,1,1,1,1,5,1,1,3,1,"58",1,"0","2","2",5,8,2,1,1,1,1,1,1,1,1,1,1,1,1,1,2,4,1,NA,NA,NA,NA,NA,NA,NA,NA,NA,NA,NA,NA,NA,NA,NA,NA,"yes"
"597",70,21,"mandatory","yes","female",2,1,3,3,1,2,1,NA,4,16,NA,NA,0,1,0,0,0,0,0,1,0,0,0,0,0,0,0,0,0,0,0,0,0,0,0,0,0,1,0,0,0,1,NA,NA,NA,NA,NA,NA,NA,NA,NA,NA,NA,NA,NA,NA,NA,NA,NA,NA,NA,NA,NA,NA,NA,NA,NA,NA,NA,"2",3,1,3,3,1,"3","2",NA,"Lockhart, Tx.",2,4,1,1,1,0,0,1,2,2,3,3,1,1,2,2,2,4,1,1,3,1,"70",1,"","","2",5,8,2,1,NA,1,3,3,3,4,4,5,3,3,4,1,2,5,2,1,1,2,4,6,4,5,2,0,0,0,0,0,0,0,1,"yes"
"598",60,16,"mandatory","no","male",NA,3,2,NA,NA,4,NA,NA,NA,NA,NA,NA,NA,NA,NA,NA,NA,NA,NA,NA,NA,NA,NA,NA,NA,NA,NA,NA,NA,NA,NA,NA,NA,NA,NA,NA,NA,NA,NA,NA,NA,NA,NA,NA,NA,NA,NA,NA,NA,NA,NA,NA,NA,NA,NA,NA,NA,NA,NA,NA,NA,NA,NA,NA,NA,NA,NA,NA,NA,"",4,4,4,4,4,"","",NA,"",NA,NA,NA,NA,NA,NA,NA,NA,NA,2,3,1,1,1,1,1,3,5,1,NA,3,1,"60",1,"","2","",3,8,1,1,1,1,3,4,1,2,2,4,5,3,2,1,2,4,1,NA,NA,NA,NA,NA,NA,NA,NA,NA,NA,NA,NA,NA,NA,NA,NA,"yes"
"599",62,12,"mandatory","yes","male",NA,5,5,1,3,5,1,NA,4,12,NA,NA,0,0,1,1,0,0,0,0,0,0,0,0,0,1,0,0,0,0,0,0,0,0,0,0,0,0,0,1,0,1,NA,NA,NA,NA,NA,NA,NA,NA,NA,NA,NA,NA,NA,NA,NA,NA,NA,NA,NA,NA,NA,NA,NA,NA,NA,NA,NA,"3",5,1,5,5,5,"3","1",NA,"Port Lavaca, TX",2,1,1,1,1,0,1,1,2,2,3,5,4,2,2,3,5,5,1,1,3,3,"62",1,"","2","",2,7,1,1,1,5,4,4,2,4,5,5,3,5,5,5,2,5,2,1,1,4,6,6,6,6,2,1,1,1,1,1,0,0,1,"yes"
"600",56,12,"mandatory","yes","male",1,3,3,1,1,3,NA,NA,NA,NA,NA,NA,NA,NA,NA,NA,NA,NA,NA,NA,NA,NA,NA,NA,NA,NA,NA,NA,NA,NA,NA,NA,NA,NA,0,0,1,0,1,1,0,1,NA,NA,NA,NA,NA,NA,NA,NA,NA,NA,NA,NA,NA,NA,NA,NA,NA,NA,NA,NA,NA,NA,NA,NA,NA,NA,NA,"2",4,3,3,4,4,"","",NA,"",2,1,1,NA,NA,NA,NA,1,NA,2,3,5,5,3,5,5,4,5,1,1,3,3,"56",2,"","1","",2,3,1,1,4,5,5,5,5,5,5,5,4,5,5,5,1,4,2,4,4,1,6,6,1,5,1,NA,NA,NA,NA,NA,NA,NA,NA,"yes"
"601",52,21,"mandatory","no","female",1,3,2,3,3,3,NA,NA,NA,NA,NA,NA,NA,NA,NA,NA,NA,NA,NA,NA,NA,NA,NA,NA,NA,NA,NA,NA,NA,NA,NA,NA,NA,NA,NA,NA,NA,NA,NA,NA,NA,NA,NA,NA,NA,NA,NA,NA,NA,NA,NA,NA,NA,NA,NA,NA,NA,NA,NA,NA,NA,NA,NA,NA,NA,NA,NA,NA,NA,"",5,1,1,2,3,"","",NA,"",NA,NA,NA,NA,NA,NA,NA,NA,NA,2,3,3,3,3,3,2,4,5,2,1,2,1,"52",1,"","2","",5,7,2,1,2,4,2,5,2,2,3,1,1,3,4,3,2,4,1,NA,NA,NA,NA,NA,NA,NA,NA,NA,NA,NA,NA,NA,NA,NA,NA,"yes"
"602",65,12,"mandatory","yes","male",NA,NA,4,3,NA,NA,1,NA,4,7,NA,NA,0,1,0,1,0,0,0,1,0,0,0,0,0,0,0,0,0,0,0,0,0,0,0,0,0,0,1,0,0,1,NA,NA,NA,NA,NA,NA,NA,NA,NA,NA,NA,NA,NA,NA,NA,NA,NA,NA,NA,NA,NA,NA,NA,NA,NA,NA,NA,"3",5,5,5,5,5,"3","1",NA,"Rockdale",2,4,1,1,1,1,0,1,1,2,3,5,1,1,3,3,1,5,1,2,1,NA,"65",1,"","2","",2,8,1,1,1,1,1,4,1,4,5,5,5,5,5,3,2,4,2,1,1,4,6,6,6,1,1,NA,NA,NA,NA,NA,NA,NA,NA,"yes"
"603",77,12,"mandatory","yes","female",1,5,5,1,1,4,1,NA,4,12,NA,NA,1,0,0,0,0,0,0,0,0,0,0,0,0,0,0,0,0,0,0,0,0,0,0,0,0,0,0,1,0,1,NA,NA,NA,NA,NA,NA,NA,NA,NA,NA,NA,NA,NA,NA,NA,NA,NA,NA,NA,NA,NA,NA,NA,NA,NA,NA,NA,"2",5,NA,NA,3,3,"2","0",NA,"Victoria",3,1,1,1,1,0,0,1,2,2,5,5,3,NA,1,2,1,5,1,1,3,3,"77",1,"","","2",2,NA,2,1,1,1,1,3,3,3,4,5,2,5,5,1,2,4,2,1,1,2,6,5,5,5,1,NA,NA,NA,NA,NA,NA,NA,NA,"yes"
"604",54,21,"mandatory","yes","male",1,5,4,2,1,2,0,NA,NA,NA,NA,NA,0,0,0,0,1,0,0,0,0,0,0,0,0,0,0,0,0,0,0,0,0,0,0,0,0,1,0,0,0,1,NA,NA,NA,NA,NA,NA,NA,NA,NA,NA,NA,NA,NA,NA,NA,NA,NA,NA,NA,NA,NA,NA,NA,NA,NA,NA,NA,"1",5,2,2,2,2,"2","0",NA,"Gonzalez, TX",2,2,1,0,1,1,1,1,1,2,2,1,1,1,5,5,5,5,1,1,3,2,"54",3,"","","",5,7,1,5,5,1,1,1,5,5,5,5,5,5,5,1,1,5,2,2,2,2,5,6,6,1,2,1,1,1,0,1,1,0,0,"yes"
"605",61,16,"mandatory","no","female",5,5,5,5,4,4,NA,NA,NA,NA,NA,NA,NA,NA,NA,NA,NA,NA,NA,NA,NA,NA,NA,NA,NA,NA,NA,NA,NA,NA,NA,NA,NA,NA,NA,NA,NA,NA,NA,NA,NA,NA,NA,NA,NA,NA,NA,NA,NA,NA,NA,NA,NA,NA,NA,NA,NA,NA,NA,NA,NA,NA,NA,NA,NA,NA,NA,NA,NA,"",5,4,5,5,5,"","",NA,"",NA,NA,NA,NA,NA,NA,NA,NA,NA,2,3,3,1,1,2,1,4,3,1,1,3,1,"61",1,"","2","",3,8,2,1,4,1,4,5,5,5,5,5,5,5,5,1,2,4,1,NA,NA,NA,NA,NA,NA,NA,NA,NA,NA,NA,NA,NA,NA,NA,NA,"yes"
"606",68,18,"mandatory","yes","male",NA,NA,4,4,NA,NA,0,2,3,11,4,16,1,0,0,0,0,0,0,1,0,0,0,0,0,0,0,0,0,0,0,0,0,0,0,0,0,0,0,1,0,1,NA,NA,NA,NA,NA,NA,NA,NA,NA,NA,NA,NA,NA,NA,NA,NA,NA,NA,NA,NA,NA,NA,NA,NA,NA,NA,NA,"4",5,5,5,5,5,"4","2",NA,"Cuero",2,1,1,1,1,0,1,1,2,2,4,5,1,3,3,3,3,5,1,1,3,NA,"68",1,"","1","",4,6,1,1,1,5,3,3,1,1,4,5,5,5,5,4,2,4,2,1,1,1,6,6,6,4,2,1,1,0,0,0,0,0,0,"yes"
"607",58,18,"mandatory","yes","male",1,3,2,2,1,2,1,NA,5,6,NA,NA,0,0,0,0,0,0,0,0,0,0,0,0,0,0,0,0,1,0,0,0,0,0,0,0,0,0,0,1,0,1,NA,NA,NA,NA,NA,NA,NA,NA,NA,NA,NA,NA,NA,NA,NA,NA,NA,NA,NA,NA,NA,NA,NA,NA,NA,NA,NA,"1",5,1,3,3,3,"3","0",NA,"Tyler, TX",2,1,1,1,0,0,0,1,1,2,3,4,1,1,2,2,3,3,1,1,3,3,"58",1,"","1","1",4,8,1,1,2,3,2,3,2,3,4,4,4,4,2,4,2,4,2,NA,NA,NA,6,6,6,2,2,0,0,0,0,0,0,0,1,"yes"
"608",62,21,"mandatory","no","male",2,4,4,2,1,2,NA,NA,NA,NA,NA,NA,NA,NA,NA,NA,NA,NA,NA,NA,NA,NA,NA,NA,NA,NA,NA,NA,NA,NA,NA,NA,NA,NA,NA,NA,NA,NA,NA,NA,NA,NA,NA,NA,NA,NA,NA,NA,NA,NA,NA,NA,NA,NA,NA,NA,NA,NA,NA,NA,NA,NA,NA,NA,NA,NA,NA,NA,NA,"",5,5,5,5,5,"","",NA,"",NA,NA,NA,NA,NA,NA,NA,NA,NA,2,2,4,3,2,4,2,NA,5,1,NA,3,NA,"62",1,"","2","",5,8,1,1,3,1,2,4,4,3,4,4,3,3,4,1,2,4,1,NA,NA,NA,NA,NA,NA,NA,NA,NA,NA,NA,NA,NA,NA,NA,NA,"yes"
"609",68,18,"mandatory","yes","male",1,3,2,5,5,1,1,NA,4,5,NA,NA,0,0,0,0,0,0,0,1,0,0,0,0,0,0,0,0,0,0,0,0,0,0,0,0,0,0,0,1,0,1,NA,NA,NA,NA,NA,NA,NA,NA,NA,NA,NA,NA,NA,NA,NA,NA,NA,NA,NA,NA,NA,NA,NA,NA,NA,NA,NA,"1",5,5,5,4,5,"2","0",NA,"Uvalde",3,2,1,1,1,1,1,1,1,1,5,5,1,1,2,1,2,5,1,2,3,2,"68",3,"0","0","2",4,8,1,1,1,5,2,2,1,2,3,5,5,5,4,5,2,4,2,2,3,3,3,2,4,1,1,NA,NA,NA,NA,NA,NA,NA,NA,"yes"
"610",62,16,"mandatory","yes","female",4,4,4,1,2,5,NA,3,4,8,4,19,0,0,1,0,0,0,0,1,0,0,0,0,0,0,0,0,1,0,0,0,0,0,0,1,0,0,0,0,0,1,NA,NA,NA,NA,NA,NA,NA,NA,NA,NA,NA,NA,NA,NA,NA,NA,NA,NA,NA,NA,NA,NA,NA,NA,NA,NA,NA,"1",5,1,1,5,1,"2","0",NA,"Brownwood, TX",1,2,1,1,1,1,0,2,1,2,3,3,2,1,4,3,3,5,1,1,2,2,"62",1,"","2","",3,4,2,1,5,3,3,3,5,3,5,4,4,5,5,3,1,5,2,1,1,5,6,6,6,1,1,NA,NA,NA,NA,NA,NA,NA,NA,"yes"
"611",62,16,"mandatory","no","male",1,3,5,5,1,4,NA,NA,NA,NA,NA,NA,NA,NA,NA,NA,NA,NA,NA,NA,NA,NA,NA,NA,NA,NA,NA,NA,NA,NA,NA,NA,NA,NA,NA,NA,NA,NA,NA,NA,NA,NA,NA,NA,NA,NA,NA,NA,NA,NA,NA,NA,NA,NA,NA,NA,NA,NA,NA,NA,NA,NA,NA,NA,NA,NA,NA,NA,NA,"",5,5,5,5,5,"","",NA,"",NA,NA,NA,NA,NA,NA,NA,NA,NA,2,2,3,1,1,1,1,1,5,1,1,3,2,"62",4,"1","1","",3,2,1,1,1,1,1,1,2,1,1,3,5,5,5,3,2,4,1,NA,NA,NA,NA,NA,NA,NA,NA,NA,NA,NA,NA,NA,NA,NA,NA,"yes"
"612",65,12,"mandatory","yes","female",2,2,3,3,2,2,1,NA,4,15,NA,NA,0,0,0,0,0,0,0,1,0,0,0,0,0,0,0,0,0,0,0,1,0,0,0,0,0,0,0,1,0,1,NA,NA,NA,NA,NA,NA,NA,NA,NA,NA,NA,NA,NA,NA,NA,NA,NA,NA,NA,NA,NA,NA,NA,NA,NA,NA,NA,"2",4,1,2,4,4,"2","0",NA,"Nordheim, TX",1,4,1,1,1,0,0,1,1,2,3,4,1,1,2,3,4,4,1,1,3,3,"65",1,"","1","",2,8,2,1,2,1,3,3,2,3,4,4,3,2,2,1,2,4,2,4,2,3,5,5,3,1,2,1,1,1,1,1,0,0,0,"yes"
"613",NA,18,"voluntary","yes","female",4,2,4,4,4,4,1,NA,4,21,NA,NA,0,1,0,0,0,0,0,0,0,0,0,1,0,0,0,0,0,0,0,0,0,0,0,0,1,0,0,0,0,2,1,1,3,5,NA,NA,NA,NA,NA,NA,NA,NA,NA,NA,NA,NA,1,NA,NA,NA,NA,NA,NA,NA,NA,NA,NA,"1",5,3,4,3,4,"2","2",NA,"Hallettsville",2,1,1,1,1,0,1,1,1,2,4,2,1,1,3,2,1,5,1,1,2,1,"3",1,"4","2","",4,8,2,1,1,3,1,5,4,3,5,2,1,5,5,5,2,4,2,1,1,2,3,5,2,2,2,0,0,0,1,1,0,0,0,"no"
"614",45,18,"voluntary","yes","male",2,2,2,2,1,5,1,NA,2,12,NA,NA,0,0,0,0,0,0,0,0,0,0,0,1,0,0,0,0,0,0,0,0,0,0,0,0,0,0,0,1,0,1,NA,NA,NA,NA,NA,NA,NA,NA,NA,NA,NA,NA,NA,NA,NA,NA,NA,NA,NA,NA,NA,NA,NA,NA,NA,NA,NA,"2",5,3,3,5,3,"4","0",NA,"new braunfels",2,1,1,1,1,0,1,1,1,2,4,5,2,2,5,2,2,5,1,2,1,1,"45",1,"2","","",4,7,1,5,5,5,5,5,5,5,5,5,5,5,5,5,1,4,2,5,5,6,6,6,6,5,1,NA,NA,NA,NA,NA,NA,NA,NA,"no"
"615",73,21,"voluntary","no","male",NA,4,4,NA,NA,NA,NA,NA,NA,NA,NA,NA,NA,NA,NA,NA,NA,NA,NA,NA,NA,NA,NA,NA,NA,NA,NA,NA,NA,NA,NA,NA,NA,NA,NA,NA,NA,NA,NA,NA,NA,NA,NA,NA,NA,NA,NA,NA,NA,NA,NA,NA,NA,NA,NA,NA,NA,NA,NA,NA,NA,NA,NA,NA,NA,NA,NA,NA,NA,"",5,5,1,5,5,"","",NA,"",NA,NA,NA,NA,NA,NA,NA,NA,NA,2,3,3,2,2,3,1,1,4,1,1,3,NA,"73",1,"","","2",5,3,1,1,4,1,3,3,2,3,2,3,3,4,4,4,2,4,1,NA,NA,NA,NA,NA,NA,NA,NA,NA,NA,NA,NA,NA,NA,NA,NA,"yes"
"616",37,18,"voluntary","no","male",1,2,2,2,2,2,NA,NA,NA,NA,NA,NA,NA,NA,NA,NA,NA,NA,NA,NA,NA,NA,NA,NA,NA,NA,NA,NA,NA,NA,NA,NA,NA,NA,NA,NA,NA,NA,NA,NA,NA,NA,NA,NA,NA,NA,NA,NA,NA,NA,NA,NA,NA,NA,NA,NA,NA,NA,NA,NA,NA,NA,NA,NA,NA,NA,NA,NA,NA,"",4,3,3,4,4,"","",NA,"",NA,NA,NA,NA,NA,NA,NA,NA,NA,2,3,5,1,3,2,1,4,5,1,1,3,3,"37",1,"","2","",4,8,1,1,4,1,1,1,4,4,4,3,4,5,4,1,2,4,1,NA,NA,NA,NA,NA,NA,NA,NA,NA,NA,NA,NA,NA,NA,NA,NA,"no"
"617",71,16,"voluntary","yes","male",1,5,4,1,1,3,1,NA,5,18,NA,NA,0,0,0,0,0,0,0,0,0,0,0,1,0,0,0,0,1,0,0,0,0,0,NA,NA,NA,NA,NA,NA,NA,1,NA,NA,NA,NA,NA,NA,NA,NA,NA,NA,NA,NA,NA,NA,NA,NA,NA,NA,NA,NA,NA,NA,NA,NA,NA,NA,NA,"2",5,1,1,5,5,"2","0",NA,"Kemprer, TX",2,1,NA,1,1,0,0,1,1,2,5,3,1,1,3,1,3,5,1,1,3,NA,"71",1,"","","2",3,NA,1,1,1,1,3,5,2,2,3,3,3,4,2,3,2,4,2,1,1,3,4,6,1,1,1,NA,NA,NA,NA,NA,NA,NA,NA,"yes"
"618",30,18,"voluntary","no","female",2,2,2,NA,2,2,NA,NA,NA,NA,NA,NA,NA,NA,NA,NA,NA,NA,NA,NA,NA,NA,NA,NA,NA,NA,NA,NA,NA,NA,NA,NA,NA,NA,NA,NA,NA,NA,NA,NA,NA,NA,NA,NA,NA,NA,NA,NA,NA,NA,NA,NA,NA,NA,NA,NA,NA,NA,NA,NA,NA,NA,NA,NA,NA,NA,NA,NA,NA,"",5,4,4,4,5,"","",NA,"",NA,NA,NA,NA,NA,NA,NA,NA,NA,1,4,5,2,2,3,1,3,5,1,1,2,3,"30",1,"","4","",4,5,2,1,3,5,4,2,5,3,4,2,4,1,5,4,1,4,1,NA,NA,NA,NA,NA,NA,NA,NA,NA,NA,NA,NA,NA,NA,NA,NA,"no"
"619",67,16,"voluntary","yes","male",1,5,4,1,1,3,1,NA,3,14,NA,NA,0,0,0,0,0,0,0,0,0,0,0,0,0,0,0,0,1,0,0,0,0,0,0,0,0,0,0,1,0,1,NA,NA,NA,NA,NA,NA,NA,NA,NA,NA,NA,NA,NA,NA,NA,NA,NA,NA,NA,NA,NA,NA,NA,NA,NA,NA,NA,"2",5,5,5,5,5,"3","1",NA,"Houston",1,4,1,NA,NA,NA,NA,1,2,2,4,4,3,3,4,4,5,5,2,1,3,2,"67",1,"","","3",3,8,1,1,2,1,2,2,2,4,4,4,4,2,4,1,2,4,2,1,4,6,6,2,2,5,1,NA,NA,NA,NA,NA,NA,NA,NA,"yes"
"620",71,18,"voluntary","no","female",1,2,3,1,1,2,NA,NA,NA,NA,NA,NA,NA,NA,NA,NA,NA,NA,NA,NA,NA,NA,NA,NA,NA,NA,NA,NA,NA,NA,NA,NA,NA,NA,NA,NA,NA,NA,NA,NA,NA,NA,NA,NA,NA,NA,NA,NA,NA,NA,NA,NA,NA,NA,NA,NA,NA,NA,NA,NA,NA,NA,NA,NA,NA,NA,NA,NA,NA,"",2,2,2,2,2,"","",NA,"",NA,NA,NA,NA,NA,NA,NA,NA,NA,2,1,2,1,2,2,2,1,5,1,1,2,2,"71",4,"","","1",4,7,2,1,1,1,5,5,1,2,5,5,1,5,4,5,2,4,1,NA,NA,NA,NA,NA,NA,NA,NA,NA,NA,NA,NA,NA,NA,NA,NA,"no"
"621",64,16,"voluntary","yes","male",1,4,4,5,2,3,1,NA,5,12,NA,NA,0,0,0,0,0,0,0,0,0,0,0,0,1,0,0,0,0,0,0,0,0,0,0,0,0,0,0,1,0,1,NA,NA,NA,NA,NA,NA,NA,NA,NA,NA,NA,NA,NA,NA,NA,NA,NA,NA,NA,NA,NA,NA,NA,NA,NA,NA,NA,"1",5,5,5,5,NA,"2","0",NA,"La Grange",2,2,1,1,1,1,0,1,2,2,2,3,3,1,5,3,5,5,1,1,3,3,"64",1,"","2","",3,3,1,1,5,5,5,5,5,5,5,5,1,5,5,5,2,4,2,1,1,6,6,6,6,6,1,NA,NA,NA,NA,NA,NA,NA,NA,"yes"
"622",74,21,"voluntary","no","male",1,1,1,1,1,1,NA,NA,NA,NA,NA,NA,NA,NA,NA,NA,NA,NA,NA,NA,NA,NA,NA,NA,NA,NA,NA,NA,NA,NA,NA,NA,NA,NA,NA,NA,NA,NA,NA,NA,NA,NA,NA,NA,NA,NA,NA,NA,NA,NA,NA,NA,NA,NA,NA,NA,NA,NA,NA,NA,NA,NA,NA,NA,NA,NA,NA,NA,NA,"",3,1,1,1,1,"","",NA,"",NA,NA,NA,NA,NA,NA,NA,NA,NA,2,1,1,1,1,1,1,1,5,1,2,3,3,"74",1,"3","2","2",5,7,1,1,1,1,5,5,1,4,2,5,2,5,5,5,2,5,1,NA,NA,NA,NA,NA,NA,NA,NA,NA,NA,NA,NA,NA,NA,NA,NA,"no"
"623",NA,NA,"voluntary","no",NA,NA,NA,NA,NA,NA,NA,NA,NA,NA,NA,NA,NA,NA,NA,NA,NA,NA,NA,NA,NA,NA,NA,NA,NA,NA,NA,NA,NA,NA,NA,NA,NA,NA,NA,NA,NA,NA,NA,NA,NA,NA,NA,NA,NA,NA,NA,NA,NA,NA,NA,NA,NA,NA,NA,NA,NA,NA,NA,NA,NA,NA,NA,NA,NA,NA,NA,NA,NA,NA,"",NA,NA,NA,NA,NA,"","",NA,"",NA,NA,NA,NA,NA,NA,NA,NA,NA,NA,NA,NA,NA,NA,NA,NA,NA,NA,NA,NA,NA,NA,"",NA,"","","",NA,NA,NA,NA,NA,NA,NA,NA,NA,NA,NA,NA,NA,NA,NA,NA,NA,NA,1,NA,NA,NA,NA,NA,NA,NA,NA,NA,NA,NA,NA,NA,NA,NA,NA,"no"
"624",52,18,"voluntary","yes","female",3,4,3,4,1,4,1,NA,3,12,NA,NA,0,0,0,0,1,0,0,0,0,0,0,1,0,0,0,0,1,0,0,0,0,0,0,0,0,0,0,1,0,1,NA,NA,NA,NA,NA,NA,NA,NA,NA,NA,NA,NA,NA,NA,NA,NA,NA,NA,NA,NA,NA,NA,NA,NA,NA,NA,NA,"2",5,5,5,5,5,"2","1",NA,"Uvalde",3,2,1,1,1,1,0,1,2,2,NA,NA,NA,NA,NA,NA,NA,NA,1,1,3,2,"52",3,"","1","",4,5,2,1,2,1,1,1,2,3,4,2,2,2,2,2,2,4,2,2,2,NA,3,2,1,3,1,NA,NA,NA,NA,NA,NA,NA,NA,"no"
"625",56,18,"voluntary","yes","female",5,5,5,5,5,5,0,3,3,16,4,12,0,0,1,0,1,0,0,0,0,0,0,0,0,0,0,0,0,0,0,1,0,0,0,0,0,1,0,1,0,1,NA,NA,NA,NA,NA,NA,NA,NA,NA,NA,NA,NA,NA,NA,NA,NA,NA,NA,NA,NA,NA,NA,NA,NA,NA,NA,NA,"1",5,5,5,5,5,"1","0",NA,"San Antonio",2,1,1,1,1,0,1,2,1,2,4,4,1,3,3,5,5,5,1,1,3,1,"56",3,"1","2","",4,3,2,4,5,5,5,5,5,5,5,3,5,5,5,5,1,4,2,6,6,6,6,6,6,6,1,NA,NA,NA,NA,NA,NA,NA,NA,"no"
"626",NA,NA,"voluntary","not applicable",NA,NA,NA,NA,NA,NA,NA,NA,NA,NA,NA,NA,NA,NA,NA,NA,NA,NA,NA,NA,NA,NA,NA,NA,NA,NA,NA,NA,NA,NA,NA,NA,NA,NA,NA,NA,NA,NA,NA,NA,NA,NA,NA,NA,NA,NA,NA,NA,NA,NA,NA,NA,NA,NA,NA,NA,NA,NA,NA,NA,NA,NA,NA,NA,NA,NA,NA,NA,NA,NA,"",NA,NA,NA,NA,NA,"","",NA,"",NA,NA,NA,NA,NA,NA,NA,NA,NA,NA,NA,NA,NA,NA,NA,NA,NA,NA,NA,NA,NA,NA,"",NA,"","","",NA,NA,NA,NA,NA,NA,NA,NA,NA,NA,NA,NA,NA,NA,NA,NA,NA,NA,NA,NA,NA,NA,NA,NA,NA,NA,NA,NA,NA,NA,NA,NA,NA,NA,NA,"no"
"627",58,16,"voluntary","no","male",1,5,5,5,1,1,NA,NA,NA,NA,NA,NA,NA,NA,NA,NA,NA,NA,NA,NA,NA,NA,NA,NA,NA,NA,NA,NA,NA,NA,NA,NA,NA,NA,NA,NA,NA,NA,NA,NA,NA,NA,NA,NA,NA,NA,NA,NA,NA,NA,NA,NA,NA,NA,NA,NA,NA,NA,NA,NA,NA,NA,NA,NA,NA,NA,NA,NA,NA,"",5,2,1,2,1,"","",NA,"",NA,NA,NA,NA,NA,NA,NA,NA,NA,2,2,2,1,1,1,1,1,2,1,1,1,1,"58",3,"","1","",3,2,1,1,1,1,1,1,1,1,1,2,4,4,4,4,2,5,1,NA,NA,NA,NA,NA,NA,NA,NA,NA,NA,NA,NA,NA,NA,NA,NA,"no"
"628",79,12,"voluntary","no","female",NA,NA,NA,NA,NA,1,NA,NA,NA,NA,NA,NA,NA,NA,NA,NA,NA,NA,NA,NA,NA,NA,NA,NA,NA,NA,NA,NA,NA,NA,NA,NA,NA,NA,NA,NA,NA,NA,NA,NA,NA,NA,NA,NA,NA,NA,NA,NA,NA,NA,NA,NA,NA,NA,NA,NA,NA,NA,NA,NA,NA,NA,NA,NA,NA,NA,NA,NA,NA,"",NA,NA,NA,NA,1,"","",NA,"",NA,NA,NA,NA,NA,NA,NA,NA,NA,2,NA,NA,NA,NA,NA,NA,NA,3,1,1,1,1,"79",3,"","","1",2,1,2,1,1,1,1,1,1,1,1,2,1,1,1,1,2,5,1,NA,NA,NA,NA,NA,NA,NA,NA,NA,NA,NA,NA,NA,NA,NA,NA,"no"
"629",46,16,"voluntary","yes","female",3,3,3,2,5,3,1,NA,NA,NA,NA,NA,0,0,0,0,0,0,0,0,0,0,0,1,0,0,0,0,0,0,0,0,0,0,0,0,0,1,0,0,0,1,NA,NA,NA,NA,NA,NA,NA,NA,NA,NA,NA,NA,NA,NA,NA,NA,NA,NA,NA,NA,NA,NA,NA,NA,NA,NA,NA,"1",5,3,3,3,3,"1","0",NA,"Yoakum",2,2,1,1,0,0,0,1,1,NA,3,3,3,5,5,3,1,2,NA,3,3,NA,"46",2,"1","","",3,1,2,1,5,1,1,1,5,5,5,4,5,5,5,2,2,4,2,1,1,1,2,1,2,1,1,NA,NA,NA,NA,NA,NA,NA,NA,"yes"
"630",56,16,"voluntary","yes","male",1,3,2,1,1,1,1,NA,5,4,NA,NA,0,1,1,1,1,0,0,0,0,0,0,1,0,0,0,0,0,0,0,0,0,1,0,0,0,0,0,1,0,1,NA,NA,NA,NA,NA,NA,NA,NA,NA,NA,NA,NA,NA,NA,NA,NA,NA,NA,NA,NA,NA,NA,NA,NA,NA,NA,NA,"1",5,4,1,4,4,"2","0",NA,"Lampasas",2,1,1,1,0,0,1,1,2,2,2,4,1,1,3,1,3,5,1,1,3,1,"56",4,"1","","",3,3,1,1,1,2,4,5,3,2,5,3,2,1,1,2,2,5,2,4,4,3,4,6,6,2,1,NA,NA,NA,NA,NA,NA,NA,NA,"yes"
"631",52,16,"voluntary","no","female",2,5,5,5,1,3,NA,NA,NA,NA,NA,NA,NA,NA,NA,NA,NA,NA,NA,NA,NA,NA,NA,NA,NA,NA,NA,NA,NA,NA,NA,NA,NA,NA,NA,NA,NA,NA,NA,NA,NA,NA,NA,NA,NA,NA,NA,NA,NA,NA,NA,NA,NA,NA,NA,NA,NA,NA,NA,NA,NA,NA,NA,NA,NA,NA,NA,NA,NA,"",5,1,1,5,5,"","",NA,"",NA,NA,NA,NA,NA,NA,NA,NA,NA,2,3,2,1,1,3,3,2,5,1,1,3,3,"52",1,"","2","",3,7,2,1,1,1,2,2,2,2,3,3,3,2,4,5,2,5,1,NA,NA,NA,NA,NA,NA,NA,NA,NA,NA,NA,NA,NA,NA,NA,NA,"yes"
"632",64,21,"voluntary","no","female",1,2,5,4,1,2,NA,NA,NA,NA,NA,NA,NA,NA,NA,NA,NA,NA,NA,NA,NA,NA,NA,NA,NA,NA,NA,NA,NA,NA,NA,NA,NA,NA,NA,NA,NA,NA,NA,NA,NA,NA,NA,NA,NA,NA,NA,NA,NA,NA,NA,NA,NA,NA,NA,NA,NA,NA,NA,NA,NA,NA,NA,NA,NA,NA,NA,NA,NA,"",5,5,5,5,5,"","",NA,"",NA,NA,NA,NA,NA,NA,NA,NA,NA,2,3,5,1,1,3,2,1,5,1,1,3,1,"64",1,"0","1","1",5,6,2,1,2,1,5,5,2,1,3,5,5,5,5,1,2,4,1,NA,NA,NA,NA,NA,NA,NA,NA,NA,NA,NA,NA,NA,NA,NA,NA,"yes"
"633",65,21,"voluntary","yes","male",1,3,3,2,1,5,1,NA,NA,NA,NA,NA,0,0,0,0,0,0,0,0,0,0,0,0,0,0,0,0,0,0,0,1,0,1,0,0,0,0,0,1,0,1,NA,NA,NA,NA,NA,NA,NA,NA,NA,NA,NA,NA,NA,NA,NA,NA,NA,NA,NA,NA,NA,NA,NA,NA,NA,NA,NA,"1",5,5,3,4,3,"2","0",NA,"Meridian",2,1,1,1,0,0,0,1,1,2,3,4,1,1,2,1,1,5,1,1,1,1,"65",1,"","","2",5,5,1,1,2,1,1,1,4,3,5,4,2,2,2,2,2,4,2,1,1,2,4,3,2,1,1,NA,NA,NA,NA,NA,NA,NA,NA,"yes"
"634",60,18,"voluntary","yes","female",1,5,4,3,1,2,1,NA,3,14,NA,NA,0,0,0,0,0,0,0,0,0,0,0,1,0,0,0,0,0,0,0,0,0,0,0,0,0,1,0,0,0,1,NA,NA,NA,NA,NA,NA,NA,NA,NA,NA,NA,NA,NA,NA,NA,NA,NA,NA,NA,NA,NA,NA,NA,NA,NA,NA,NA,"2",4,1,4,4,5,"3","0",NA,"Austin, TX",2,1,1,0,1,0,0,1,1,2,NA,NA,1,1,3,1,5,5,1,1,3,1,"60",1,"","1","1",4,8,2,1,3,1,3,3,4,5,5,5,2,2,5,3,2,4,2,1,1,3,4,4,2,2,2,1,0,0,1,1,0,0,0,"no"
"635",56,18,"voluntary","no","female",1,1,2,2,1,1,NA,NA,NA,NA,NA,NA,NA,NA,NA,NA,NA,NA,NA,NA,NA,NA,NA,NA,NA,NA,NA,NA,NA,NA,NA,NA,NA,NA,NA,NA,NA,NA,NA,NA,NA,NA,NA,NA,NA,NA,NA,NA,NA,NA,NA,NA,NA,NA,NA,NA,NA,NA,NA,NA,NA,NA,NA,NA,NA,NA,NA,NA,NA,"",3,1,1,2,5,"","",NA,"",NA,NA,NA,NA,NA,NA,NA,NA,NA,2,1,2,1,1,2,1,1,5,1,1,3,2,"56",1,"","2","1",4,4,2,1,1,1,1,1,1,1,1,5,1,1,1,1,2,4,1,NA,NA,NA,NA,NA,NA,NA,NA,NA,NA,NA,NA,NA,NA,NA,NA,"yes"
"636",56,12,"voluntary","yes","female",2,4,4,3,4,2,1,NA,1,9,NA,NA,0,0,0,0,0,0,0,0,0,0,0,0,0,0,0,0,0,0,0,1,0,0,0,0,0,0,0,1,0,1,NA,NA,NA,NA,NA,NA,NA,NA,NA,NA,NA,NA,NA,NA,NA,NA,NA,NA,NA,NA,NA,NA,NA,NA,NA,NA,NA,"1",5,1,3,3,5,"3","1",NA,"Taylor",2,4,1,1,1,1,1,1,1,2,5,5,2,4,4,4,4,5,1,3,3,3,"56",1,"","2","",2,2,2,1,3,4,4,4,4,4,4,4,3,3,4,4,2,4,2,5,2,4,5,5,5,1,2,1,1,1,0,1,0,0,0,"no"
"637",81,18,"voluntary","yes","female",1,3,2,1,1,2,1,NA,3,NA,NA,NA,0,0,0,0,0,0,0,0,0,0,0,1,0,0,0,0,0,0,0,1,0,0,0,0,0,0,0,1,0,1,NA,NA,NA,NA,NA,NA,NA,NA,NA,NA,NA,NA,NA,NA,NA,NA,NA,NA,NA,NA,NA,NA,NA,NA,NA,NA,NA,"1",5,1,1,3,3,"1","0",1,"Waco",2,1,1,1,1,0,0,1,1,2,2,3,1,1,1,1,1,5,1,1,2,1,"81",2,"","","1",4,2,2,1,2,1,1,2,2,2,2,1,1,2,2,5,2,4,2,1,1,1,5,5,5,1,1,NA,NA,NA,NA,NA,NA,NA,NA,"no"
"638",68,16,"voluntary","no","male",3,3,3,3,3,3,NA,NA,NA,NA,NA,NA,NA,NA,NA,NA,NA,NA,NA,NA,NA,NA,NA,NA,NA,NA,NA,NA,NA,NA,NA,NA,NA,NA,NA,NA,NA,NA,NA,NA,NA,NA,NA,NA,NA,NA,NA,NA,NA,NA,NA,NA,NA,NA,NA,NA,NA,NA,NA,NA,NA,NA,NA,NA,NA,NA,NA,NA,NA,"",3,3,3,3,3,"","",NA,"",NA,NA,NA,NA,NA,NA,NA,NA,NA,1,2,2,2,1,1,1,1,2,1,1,2,2,"68",1,"","","2",3,7,1,1,1,1,1,1,1,1,1,1,1,1,1,1,2,4,1,NA,NA,NA,NA,NA,NA,NA,NA,NA,NA,NA,NA,NA,NA,NA,NA,"no"
"639",27,21,"voluntary","no","male",4,4,4,4,4,4,NA,NA,NA,NA,NA,NA,NA,NA,NA,NA,NA,NA,NA,NA,NA,NA,NA,NA,NA,NA,NA,NA,NA,NA,NA,NA,NA,NA,NA,NA,NA,NA,NA,NA,NA,NA,NA,NA,NA,NA,NA,NA,NA,NA,NA,NA,NA,NA,NA,NA,NA,NA,NA,NA,NA,NA,NA,NA,NA,NA,NA,NA,NA,"",5,5,5,5,5,"","",NA,"",NA,NA,NA,NA,NA,NA,NA,NA,NA,2,3,5,1,3,4,1,3,5,1,1,2,2,"27",1,"2","2","",5,6,1,1,1,1,1,1,1,1,1,1,1,1,1,1,2,5,1,NA,NA,NA,NA,NA,NA,NA,NA,NA,NA,NA,NA,NA,NA,NA,NA,"no"
"640",55,18,"voluntary","yes","female",4,3,3,3,3,4,1,NA,5,22,NA,NA,0,0,0,0,1,0,0,0,0,0,0,1,0,0,0,0,1,0,0,0,0,0,0,0,0,1,0,0,0,1,NA,NA,NA,NA,NA,NA,NA,NA,NA,NA,NA,NA,NA,NA,NA,NA,NA,NA,NA,NA,NA,NA,NA,NA,NA,NA,NA,"1",4,4,4,4,4,"2","0",NA,"San Antonio",2,1,1,1,1,0,0,1,1,2,4,4,2,3,4,4,4,4,1,1,2,3,"55",4,"0","1","0",4,6,2,1,4,2,3,4,4,4,4,4,3,3,3,2,2,4,2,5,2,5,5,4,2,1,1,NA,NA,NA,NA,NA,NA,NA,NA,"no"
"641",47,16,"voluntary","yes","female",NA,5,5,5,5,5,1,NA,5,2,NA,NA,0,1,0,0,0,0,0,0,0,0,0,0,1,0,0,0,0,0,0,0,0,0,0,0,0,0,0,1,0,1,NA,NA,NA,NA,NA,NA,NA,NA,NA,NA,NA,NA,NA,NA,NA,NA,NA,NA,NA,NA,NA,NA,NA,NA,NA,NA,NA,"2",5,5,5,5,5,"3","0",NA,"Halletsville, TX",2,2,1,1,1,1,1,1,2,2,2,3,2,2,3,1,3,4,1,3,3,2,"47",1,"","3","",3,8,2,1,1,4,2,1,2,4,4,4,1,3,3,4,1,4,2,1,1,3,6,6,6,4,1,NA,NA,NA,NA,NA,NA,NA,NA,"yes"
"642",60,18,"voluntary","no","female",1,3,3,1,1,2,NA,NA,NA,NA,NA,NA,NA,NA,NA,NA,NA,NA,NA,NA,NA,NA,NA,NA,NA,NA,NA,NA,NA,NA,NA,NA,NA,NA,NA,NA,NA,NA,NA,NA,NA,NA,NA,NA,NA,NA,NA,NA,NA,NA,NA,NA,NA,NA,NA,NA,NA,NA,NA,NA,NA,NA,NA,NA,NA,NA,NA,NA,NA,"",NA,NA,NA,NA,3,"","",NA,"",NA,NA,NA,NA,NA,NA,NA,NA,NA,2,2,2,1,1,2,2,1,2,1,1,3,1,"60",3,"","","1",4,1,2,1,NA,NA,NA,NA,2,2,NA,NA,NA,NA,NA,NA,1,5,1,NA,NA,NA,NA,NA,NA,NA,NA,NA,NA,NA,NA,NA,NA,NA,NA,"no"
"643",72,21,"voluntary","no","female",1,4,4,1,1,3,NA,NA,NA,NA,NA,NA,NA,NA,NA,NA,NA,NA,NA,NA,NA,NA,NA,NA,NA,NA,NA,NA,NA,NA,NA,NA,NA,NA,NA,NA,NA,NA,NA,NA,NA,NA,NA,NA,NA,NA,NA,NA,NA,NA,NA,NA,NA,NA,NA,NA,NA,NA,NA,NA,NA,NA,NA,NA,NA,NA,NA,NA,NA,"",5,3,3,3,4,"","",NA,"",NA,NA,NA,NA,NA,NA,NA,NA,NA,2,2,2,1,1,3,1,1,4,1,1,3,1,"72",2,"","","1",5,4,2,1,2,1,2,2,NA,2,2,2,2,2,2,2,2,5,1,NA,NA,NA,NA,NA,NA,NA,NA,NA,NA,NA,NA,NA,NA,NA,NA,"no"
"644",46,18,"voluntary","no","female",1,5,5,5,5,4,NA,NA,NA,NA,NA,NA,NA,NA,NA,NA,NA,NA,NA,NA,NA,NA,NA,NA,NA,NA,NA,NA,NA,NA,NA,NA,NA,NA,NA,NA,NA,NA,NA,NA,NA,NA,NA,NA,NA,NA,NA,NA,NA,NA,NA,NA,NA,NA,NA,NA,NA,NA,NA,NA,NA,NA,NA,NA,NA,NA,NA,NA,NA,"",5,1,1,1,5,"","",NA,"",NA,NA,NA,NA,NA,NA,NA,NA,NA,2,4,5,2,2,1,1,1,2,1,1,3,3,"46",1,"2","4","0",4,4,2,1,1,4,4,5,3,4,4,5,5,5,4,4,2,4,1,NA,NA,NA,NA,NA,NA,NA,NA,NA,NA,NA,NA,NA,NA,NA,NA,"no"
"645",58,16,"voluntary","no","female",1,3,3,2,1,1,NA,NA,NA,NA,NA,NA,NA,NA,NA,NA,NA,NA,NA,NA,NA,NA,NA,NA,NA,NA,NA,NA,NA,NA,NA,NA,NA,NA,NA,NA,NA,NA,NA,NA,NA,NA,NA,NA,NA,NA,NA,NA,NA,NA,NA,NA,NA,NA,NA,NA,NA,NA,NA,NA,NA,NA,NA,NA,NA,NA,NA,NA,NA,"",5,5,5,5,5,"","",NA,"",NA,NA,NA,NA,NA,NA,NA,NA,NA,2,2,4,1,1,2,2,2,3,1,1,3,1,"58",1,"","1","1",3,6,2,1,2,2,2,3,2,2,2,2,2,2,2,2,2,4,1,NA,NA,NA,NA,NA,NA,NA,NA,NA,NA,NA,NA,NA,NA,NA,NA,"no"
"646",53,16,"voluntary","no","male",1,2,1,2,4,2,NA,NA,NA,NA,NA,NA,NA,NA,NA,NA,NA,NA,NA,NA,NA,NA,NA,NA,NA,NA,NA,NA,NA,NA,NA,NA,NA,NA,NA,NA,NA,NA,NA,NA,NA,NA,NA,NA,NA,NA,NA,NA,NA,NA,NA,NA,NA,NA,NA,NA,NA,NA,NA,NA,NA,NA,NA,NA,NA,NA,NA,NA,NA,"",5,1,4,3,3,"","",NA,"",NA,NA,NA,NA,NA,NA,NA,NA,NA,2,2,2,1,2,2,1,2,5,1,1,3,1,"53",1,"2","5","1",3,8,1,1,1,3,1,1,1,1,2,2,1,5,3,3,2,4,1,NA,NA,NA,NA,NA,NA,NA,NA,NA,NA,NA,NA,NA,NA,NA,NA,"no"
"647",60,10,"voluntary","yes","male",2,NA,NA,NA,NA,NA,1,NA,NA,NA,NA,NA,0,0,0,0,0,0,0,0,0,0,0,0,0,0,0,0,0,0,0,1,0,0,0,0,0,0,0,1,0,1,NA,NA,NA,NA,NA,NA,NA,NA,NA,NA,NA,NA,NA,NA,NA,NA,NA,NA,NA,NA,NA,NA,NA,NA,NA,NA,NA,"1",5,NA,NA,NA,NA,"2","",1,"Houston, TX",3,1,1,1,1,1,0,1,1,2,5,NA,NA,NA,NA,NA,NA,NA,1,2,NA,2,"60",2,"","1","",1,3,1,2,5,NA,NA,NA,NA,NA,NA,NA,NA,NA,NA,NA,2,5,2,1,NA,NA,NA,NA,NA,NA,1,NA,NA,NA,NA,NA,NA,NA,NA,"no"
"648",63,16,"voluntary","no","male",1,3,2,1,1,2,NA,NA,NA,NA,NA,NA,NA,NA,NA,NA,NA,NA,NA,NA,NA,NA,NA,NA,NA,NA,NA,NA,NA,NA,NA,NA,NA,NA,NA,NA,NA,NA,NA,NA,NA,NA,NA,NA,NA,NA,NA,NA,NA,NA,NA,NA,NA,NA,NA,NA,NA,NA,NA,NA,NA,NA,NA,NA,NA,NA,NA,NA,NA,"",2,1,1,2,2,"","",NA,"",NA,NA,NA,NA,NA,NA,NA,NA,NA,2,3,4,1,3,4,2,5,5,1,1,3,3,"63",3,"","1","1",3,1,1,1,1,1,1,3,2,2,2,4,4,5,5,1,2,4,1,NA,NA,NA,NA,NA,NA,NA,NA,NA,NA,NA,NA,NA,NA,NA,NA,"no"
"649",59,10,"voluntary","no","female",4,4,4,4,4,4,NA,NA,NA,NA,NA,NA,NA,NA,NA,NA,NA,NA,NA,NA,NA,NA,NA,NA,NA,NA,NA,NA,NA,NA,NA,NA,NA,NA,NA,NA,NA,NA,NA,NA,NA,NA,NA,NA,NA,NA,NA,NA,NA,NA,NA,NA,NA,NA,NA,NA,NA,NA,NA,NA,NA,NA,NA,NA,NA,NA,NA,NA,NA,"",5,5,5,NA,5,"","",NA,"",NA,NA,NA,NA,NA,NA,NA,NA,NA,2,1,1,1,5,1,1,5,5,1,2,2,2,"59",1,"2","2","0",1,4,2,2,1,1,1,1,1,1,1,1,1,1,1,1,2,5,1,NA,NA,NA,NA,NA,NA,NA,NA,NA,NA,NA,NA,NA,NA,NA,NA,"no"
"650",67,18,"voluntary","yes","female",1,5,5,3,1,5,0,1,3,11,NA,NA,0,0,0,0,0,0,0,0,0,0,0,0,1,0,0,0,1,0,0,0,0,0,0,0,0,0,0,1,0,2,2,4,1,4,NA,NA,NA,NA,NA,NA,NA,NA,NA,NA,NA,NA,NA,1,NA,NA,NA,1,NA,NA,NA,NA,NA,"2",5,NA,NA,5,4,"2","",NA,"El Campo",2,1,1,1,1,0,0,1,2,2,3,2,1,3,4,2,4,5,1,3,3,2,"67",1,"","1","2",4,NA,2,1,3,4,3,5,4,5,4,4,3,5,4,5,2,5,2,1,1,3,5,5,5,3,2,1,0,1,0,0,0,0,0,"yes"
"651",NA,16,"voluntary","yes","female",1,1,1,5,5,5,1,NA,4,12,NA,NA,0,0,0,0,0,0,0,0,0,0,0,0,0,0,0,0,0,0,0,1,0,0,0,0,0,1,0,0,0,1,NA,NA,NA,NA,NA,NA,NA,NA,NA,NA,NA,NA,NA,NA,NA,NA,NA,NA,NA,NA,NA,NA,NA,NA,NA,NA,NA,"2",5,1,1,5,5,"2","0",3,"Victoria",2,1,1,1,1,1,1,1,2,1,3,5,1,1,5,5,5,5,1,3,3,2,"",2,"0","2","0",3,5,2,1,5,1,5,5,5,5,5,4,3,5,5,5,1,4,2,6,2,6,6,1,6,6,1,NA,NA,NA,NA,NA,NA,NA,NA,"no"
"652",54,16,"voluntary","yes","male",1,4,4,4,3,5,1,NA,4,9,NA,NA,0,1,0,0,1,0,0,0,0,0,0,0,0,0,0,0,0,0,0,0,0,0,0,1,0,0,1,1,0,NA,NA,NA,NA,NA,NA,NA,NA,NA,NA,1,NA,NA,NA,NA,NA,NA,NA,NA,NA,NA,NA,NA,NA,NA,NA,NA,NA,"2",5,5,5,5,5,"0","0",NA,"Austin, TX",2,1,1,1,1,1,1,1,1,2,5,5,4,4,5,4,5,5,1,1,1,1,"54",1,"","2","",3,1,1,5,5,5,5,5,5,4,5,3,4,5,5,5,1,4,2,1,3,2,2,4,4,3,1,NA,NA,NA,NA,NA,NA,NA,NA,"no"
"653",66,16,"voluntary","no","male",1,5,4,4,1,2,NA,NA,NA,NA,NA,NA,NA,NA,NA,NA,NA,NA,NA,NA,NA,NA,NA,NA,NA,NA,NA,NA,NA,NA,NA,NA,NA,NA,NA,NA,NA,NA,NA,NA,NA,NA,NA,NA,NA,NA,NA,NA,NA,NA,NA,NA,NA,NA,NA,NA,NA,NA,NA,NA,NA,NA,NA,NA,NA,NA,NA,NA,NA,"",5,4,4,4,5,"","",NA,"",NA,NA,NA,NA,NA,NA,NA,NA,NA,2,3,3,1,1,3,3,1,4,1,1,3,1,"66",1,"0","0","2",3,7,1,1,1,1,4,5,1,2,2,5,5,4,4,1,2,5,1,NA,NA,NA,NA,NA,NA,NA,NA,NA,NA,NA,NA,NA,NA,NA,NA,"no"
"654",44,21,"voluntary","no","female",5,5,5,4,1,5,NA,NA,NA,NA,NA,NA,NA,NA,NA,NA,NA,NA,NA,NA,NA,NA,NA,NA,NA,NA,NA,NA,NA,NA,NA,NA,NA,NA,NA,NA,NA,NA,NA,NA,NA,NA,NA,NA,NA,NA,NA,NA,NA,NA,NA,NA,NA,NA,NA,NA,NA,NA,NA,NA,NA,NA,NA,NA,NA,NA,NA,NA,NA,"",5,2,5,5,5,"","",NA,"",NA,NA,NA,NA,NA,NA,NA,NA,NA,2,1,4,1,1,1,1,1,1,1,1,1,1,"44",1,"1","3","",5,8,2,1,3,1,1,1,3,5,5,1,1,5,1,1,2,5,1,NA,NA,NA,NA,NA,NA,NA,NA,NA,NA,NA,NA,NA,NA,NA,NA,"no"
"655",60,NA,"voluntary","yes","female",1,5,5,5,1,5,1,NA,1,15,NA,NA,0,0,0,0,0,0,0,1,0,0,1,1,0,0,0,0,0,0,0,0,0,0,0,0,0,1,0,0,0,1,NA,NA,NA,NA,NA,NA,NA,NA,NA,NA,NA,NA,NA,NA,NA,NA,NA,NA,NA,NA,NA,NA,NA,NA,NA,NA,NA,"1",5,1,1,2,5,"1","0",NA,"Floresville, TX",2,1,1,1,0,0,0,1,1,2,3,4,2,4,4,5,1,5,NA,3,3,2,"60",4,"","2","",NA,NA,2,NA,5,NA,5,5,5,5,5,4,5,5,NA,5,NA,NA,2,NA,NA,NA,NA,6,6,NA,1,NA,NA,NA,NA,NA,NA,NA,NA,"no"
"656",42,18,"mandatory","yes","female",4,4,4,4,4,3,1,NA,7,9,NA,NA,0,0,1,0,0,0,0,0,0,0,0,1,1,0,0,0,0,0,0,0,0,0,0,0,1,0,1,0,1,1,NA,NA,NA,NA,NA,NA,NA,NA,NA,NA,NA,NA,NA,NA,NA,NA,NA,NA,NA,NA,NA,NA,NA,NA,NA,NA,NA,"1",5,1,5,5,5,"3","0",NA,"Edna/Morales",2,1,1,1,0,0,0,1,2,2,3,4,1,1,2,1,2,5,1,1,3,1,"42",2,"0","1","2",4,3,2,1,4,2,4,4,4,4,4,4,4,2,4,2,2,5,2,1,1,2,6,6,2,3,1,NA,NA,NA,NA,NA,NA,NA,NA,"no"
"657",60,10,"mandatory","yes","female",NA,NA,NA,NA,NA,4,0,2,2,7,NA,7,NA,NA,NA,NA,NA,NA,NA,NA,NA,NA,NA,NA,NA,NA,NA,NA,NA,NA,NA,NA,NA,NA,1,0,0,0,0,0,0,1,NA,NA,NA,NA,NA,NA,NA,NA,NA,NA,NA,NA,NA,NA,NA,NA,NA,NA,NA,NA,NA,NA,NA,NA,NA,NA,NA,"",2,NA,NA,NA,NA,"","",NA,"",3,2,1,0,1,0,0,2,NA,NA,NA,NA,NA,NA,NA,5,NA,NA,1,3,2,3,"60",2,"","1","",1,NA,2,1,NA,NA,NA,NA,NA,NA,NA,NA,NA,NA,NA,5,2,4,2,NA,NA,NA,NA,NA,NA,6,2,0,1,1,1,1,0,1,0,"yes"
"658",60,16,"mandatory","yes","female",2,5,2,1,5,5,1,NA,7,13,NA,NA,0,1,1,0,0,0,0,0,0,0,0,1,0,0,0,0,1,0,0,0,0,0,NA,NA,NA,NA,NA,NA,NA,NA,NA,NA,NA,NA,NA,NA,NA,NA,NA,NA,NA,NA,NA,NA,NA,NA,NA,NA,NA,NA,NA,NA,NA,NA,NA,NA,NA,"1",5,3,3,5,3,"2","0",NA,"New Braunfels",3,2,1,1,1,1,1,1,2,1,3,3,1,5,3,2,5,3,1,3,3,3,"60",3,"","2","",3,1,2,1,2,NA,2,3,3,2,3,3,5,2,5,5,2,5,2,1,1,2,2,NA,2,2,2,1,0,0,0,0,0,0,0,"no"
"659",68,18,"mandatory","yes","male",1,3,2,3,1,1,1,NA,3,11,NA,NA,0,0,0,0,0,0,0,0,1,0,0,0,0,0,0,0,1,0,0,0,0,0,0,0,0,0,0,1,0,1,NA,NA,NA,NA,NA,NA,NA,NA,NA,NA,NA,NA,NA,NA,NA,NA,NA,NA,NA,NA,NA,NA,NA,NA,NA,NA,NA,"1",5,4,5,5,1,"2","0",NA,"Sonora, Tx.",2,1,1,1,1,1,1,2,1,2,1,1,1,2,2,2,1,5,1,1,3,1,"68",1,"","","1",4,8,1,1,1,1,1,1,1,1,1,5,2,1,4,1,2,4,2,1,1,2,5,5,3,2,1,NA,NA,NA,NA,NA,NA,NA,NA,"no"
"660",66,18,"mandatory","yes","male",1,2,4,2,3,2,1,NA,NA,12,NA,NA,0,0,0,0,0,0,0,0,0,0,0,0,0,0,0,0,1,0,0,0,0,0,0,0,0,0,0,1,0,1,NA,NA,NA,NA,NA,NA,NA,NA,NA,NA,NA,NA,NA,NA,NA,NA,NA,NA,NA,NA,NA,NA,NA,NA,NA,NA,NA,"1",5,5,5,5,5,"1","0",NA,"Round Rock",2,1,1,1,1,1,1,1,1,2,2,2,1,1,4,3,1,3,1,3,3,1,"66",2,"1","","1",4,7,1,2,1,1,3,5,1,2,2,1,5,1,3,2,2,4,2,1,1,4,4,1,1,1,1,NA,NA,NA,NA,NA,NA,NA,NA,"no"
"661",63,16,"mandatory","yes","male",5,5,1,4,4,4,1,NA,7,7,NA,NA,0,0,0,0,0,0,0,0,0,0,0,0,1,0,0,0,0,0,0,0,0,0,0,0,0,0,0,1,0,2,5,2,2,2,5,NA,NA,1,NA,NA,NA,NA,NA,NA,NA,NA,NA,1,NA,NA,NA,NA,NA,NA,NA,NA,NA,"1",3,3,3,3,3,"2","0",NA,"El Campo",1,4,1,1,1,0,0,2,2,2,3,4,2,2,2,1,1,4,1,2,1,1,"63",1,"0","2","0",3,8,1,1,2,1,4,5,2,3,5,5,3,3,3,4,1,4,2,1,1,5,5,4,4,4,1,NA,NA,NA,NA,NA,NA,NA,NA,"no"
"662",61,12,"mandatory","yes","female",3,4,4,3,2,4,1,NA,3,5,NA,NA,0,0,1,0,0,0,0,0,0,0,0,0,0,0,0,0,0,0,0,1,0,0,0,0,0,0,0,1,0,1,NA,NA,NA,NA,NA,NA,NA,NA,NA,NA,NA,NA,NA,NA,NA,NA,NA,NA,NA,NA,NA,NA,NA,NA,NA,NA,NA,"1",5,1,1,5,4,"2","0",NA,"San Antonio",1,1,1,1,1,0,0,1,1,2,3,2,1,3,2,2,5,5,1,2,1,1,"61",1,"","2","",2,3,2,5,1,4,2,2,5,3,5,5,4,1,4,1,1,4,2,1,1,6,6,6,6,1,1,NA,NA,NA,NA,NA,NA,NA,NA,"no"
"663",56,12,"mandatory","yes","female",1,1,2,3,4,1,1,NA,4,NA,NA,NA,0,1,0,0,0,0,0,0,0,0,0,0,0,0,0,0,0,0,0,0,0,0,0,0,0,0,1,0,0,1,NA,NA,NA,NA,NA,NA,NA,NA,NA,NA,NA,NA,NA,NA,NA,NA,NA,NA,NA,NA,NA,NA,NA,NA,NA,NA,NA,"3",4,3,1,2,3,"3","0",NA,"Belton",3,2,1,1,1,1,0,1,2,2,3,4,2,NA,NA,NA,NA,NA,1,2,3,3,"56",4,"","3","",2,3,2,1,1,2,1,3,4,2,3,1,4,NA,2,3,2,4,2,1,1,3,5,5,4,5,1,NA,NA,NA,NA,NA,NA,NA,NA,"yes"
"664",70,16,"mandatory","yes","male",2,5,5,5,2,3,1,NA,NA,NA,NA,NA,0,0,0,0,0,0,0,0,1,0,0,0,1,0,0,0,0,0,0,0,0,0,0,0,0,0,0,1,0,1,NA,NA,NA,NA,NA,NA,NA,NA,NA,NA,NA,NA,NA,NA,NA,NA,NA,NA,NA,NA,NA,NA,NA,NA,NA,NA,NA,"1",5,5,5,5,5,"3","0",NA,"Killeen, Tx.",1,1,1,NA,NA,NA,NA,1,1,2,3,3,1,3,3,3,1,5,1,1,1,1,"70",1,"","1","2",3,7,1,1,1,1,1,3,3,3,5,3,3,1,2,1,2,4,2,1,1,2,5,1,NA,1,2,0,0,0,0,1,0,0,0,"no"
"665",39,16,"mandatory","yes","male",5,5,5,5,5,5,1,NA,1,6,NA,NA,0,0,0,0,0,0,0,0,0,0,0,1,0,0,0,0,0,0,0,0,0,0,0,0,0,0,0,1,0,1,NA,NA,NA,NA,NA,NA,NA,NA,NA,NA,NA,NA,NA,NA,NA,NA,NA,NA,NA,NA,NA,NA,NA,NA,NA,NA,NA,"2",5,5,5,5,5,"3","0",NA,"San Antonio",3,2,1,1,1,1,1,1,1,2,3,4,1,3,4,2,5,5,1,1,3,3,"39",1,"2","3","",3,8,1,1,5,3,1,4,5,5,3,3,3,5,5,5,2,4,2,3,2,2,6,6,6,6,1,NA,NA,NA,NA,NA,NA,NA,NA,"no"
"666",59,10,"mandatory","no","female",2,5,5,5,5,5,NA,NA,NA,NA,NA,NA,NA,NA,NA,NA,NA,NA,NA,NA,NA,NA,NA,NA,NA,NA,NA,NA,NA,NA,NA,NA,NA,NA,NA,NA,NA,NA,NA,NA,NA,NA,NA,NA,NA,NA,NA,NA,NA,NA,NA,NA,NA,NA,NA,NA,NA,NA,NA,NA,NA,NA,NA,NA,NA,NA,NA,NA,NA,"",5,5,5,5,5,"","",NA,"",NA,NA,NA,NA,NA,NA,NA,NA,NA,2,4,4,1,1,4,3,3,4,1,1,3,2,"59",1,"","2","",1,8,2,1,2,NA,4,4,3,4,4,5,5,5,5,2,2,4,1,NA,NA,NA,NA,NA,NA,NA,NA,NA,NA,NA,NA,NA,NA,NA,NA,"no"
"667",50,21,"mandatory","no","female",1,2,4,1,1,3,NA,NA,NA,NA,NA,NA,NA,NA,NA,NA,NA,NA,NA,NA,NA,NA,NA,NA,NA,NA,NA,NA,NA,NA,NA,NA,NA,NA,NA,NA,NA,NA,NA,NA,NA,NA,NA,NA,NA,NA,NA,NA,NA,NA,NA,NA,NA,NA,NA,NA,NA,NA,NA,NA,NA,NA,NA,NA,NA,NA,NA,NA,NA,"",5,5,5,5,5,"","",NA,"",NA,NA,NA,NA,NA,NA,NA,NA,NA,1,3,5,4,1,4,2,4,5,1,2,3,3,"50",2,"","1","",5,6,2,NA,1,1,3,3,3,4,4,5,3,2,1,2,NA,4,1,NA,NA,NA,NA,NA,NA,NA,NA,NA,NA,NA,NA,NA,NA,NA,NA,"yes"
"668",55,16,"mandatory","no","male",NA,2,NA,NA,NA,NA,NA,NA,NA,NA,NA,NA,NA,NA,NA,NA,NA,NA,NA,NA,NA,NA,NA,NA,NA,NA,NA,NA,NA,NA,NA,NA,NA,NA,NA,NA,NA,NA,NA,NA,NA,NA,NA,NA,NA,NA,NA,NA,NA,NA,NA,NA,NA,NA,NA,NA,NA,NA,NA,NA,NA,NA,NA,NA,NA,NA,NA,NA,NA,"",3,NA,NA,3,3,"","",NA,"",NA,NA,NA,NA,NA,NA,NA,NA,NA,2,2,3,1,3,3,3,3,3,2,3,2,1,"55",3,"","","1",3,8,1,1,3,1,1,2,2,3,3,3,3,1,3,2,2,4,1,NA,NA,NA,NA,NA,NA,NA,NA,NA,NA,NA,NA,NA,NA,NA,NA,"no"
"669",65,16,"mandatory","yes","male",1,3,2,1,1,1,1,NA,5,7,NA,NA,0,0,0,0,0,0,0,1,0,0,0,1,0,0,0,0,0,0,0,0,0,0,NA,NA,NA,NA,NA,NA,NA,2,1,2,1,1,1,NA,NA,NA,NA,NA,NA,NA,1,NA,NA,NA,1,NA,NA,NA,NA,NA,NA,NA,NA,NA,NA,"2",3,3,3,3,4,"2","0",NA,"San Antonio, TX",2,1,NA,1,1,0,1,1,2,2,2,3,1,2,3,2,3,3,1,3,2,1,"65",1,"","2","",3,4,1,1,2,5,4,5,3,4,2,2,3,5,4,3,2,5,2,1,2,2,3,1,1,2,1,NA,NA,NA,NA,NA,NA,NA,NA,"no"
"670",57,18,"mandatory","no","female",1,5,3,5,5,5,NA,NA,NA,NA,NA,NA,NA,NA,NA,NA,NA,NA,NA,NA,NA,NA,NA,NA,NA,NA,NA,NA,NA,NA,NA,NA,NA,NA,NA,NA,NA,NA,NA,NA,NA,NA,NA,NA,NA,NA,NA,NA,NA,NA,NA,NA,NA,NA,NA,NA,NA,NA,NA,NA,NA,NA,NA,NA,NA,NA,NA,NA,NA,"",5,5,5,5,5,"","",NA,"",NA,NA,NA,NA,NA,NA,NA,NA,NA,2,3,3,2,2,3,2,3,2,1,1,3,1,"57",1,"","2","",4,3,2,1,2,3,4,5,2,2,2,2,4,3,4,4,2,4,1,NA,NA,NA,NA,NA,NA,NA,NA,NA,NA,NA,NA,NA,NA,NA,NA,"yes"
"671",62,12,"mandatory","yes","female",4,4,3,4,2,2,1,NA,4,9,NA,NA,0,0,0,0,0,0,0,0,1,0,0,0,0,0,0,0,0,0,0,0,0,0,0,0,0,0,1,0,0,1,NA,NA,NA,NA,NA,NA,NA,NA,NA,NA,NA,NA,NA,NA,NA,NA,NA,NA,NA,NA,NA,NA,NA,NA,NA,NA,NA,"1",4,1,1,3,3,"1","0",NA,"Palestine, TX",2,1,1,1,1,0,1,1,1,1,1,4,1,1,2,2,2,4,1,2,3,3,"62",3,"","1","",2,4,2,1,5,3,3,3,5,4,5,4,1,5,5,5,1,4,2,1,1,2,4,4,4,1,1,NA,NA,NA,NA,NA,NA,NA,NA,"no"
"672",75,16,"mandatory","yes","female",1,4,4,1,1,3,1,NA,2,18,NA,NA,0,0,1,0,0,0,0,0,1,0,0,0,1,0,0,0,0,0,0,0,0,0,0,0,0,1,0,1,0,1,NA,NA,NA,NA,NA,NA,NA,NA,NA,NA,NA,NA,NA,NA,NA,NA,NA,NA,NA,NA,NA,NA,NA,NA,NA,NA,NA,"2",5,1,2,3,3,"2","1",NA,"Midfield, TX",2,1,1,1,0,0,0,1,1,2,3,5,2,2,3,1,2,4,NA,1,3,2,"75",2,"","1","1",3,3,2,1,1,1,4,4,2,2,2,1,5,4,4,5,2,4,2,1,1,1,3,1,1,2,1,NA,NA,NA,NA,NA,NA,NA,NA,"yes"
"673",53,18,"mandatory","yes","male",2,3,4,4,1,2,1,NA,3,12,NA,NA,0,0,1,0,1,0,0,0,0,0,0,1,0,0,0,0,0,0,0,0,0,0,0,0,0,1,0,1,0,1,NA,NA,NA,NA,NA,NA,NA,NA,NA,NA,NA,NA,NA,NA,NA,NA,NA,NA,NA,NA,NA,NA,NA,NA,NA,NA,NA,"1",5,5,5,5,3,"2","0",NA,"Austin",2,1,1,1,1,0,0,1,1,2,1,2,1,1,3,1,5,5,1,1,3,1,"53",1,"","2","",4,5,1,1,1,1,5,5,1,5,5,4,1,3,2,1,2,4,2,1,1,2,4,6,4,1,1,NA,NA,NA,NA,NA,NA,NA,NA,"yes"
"674",64,12,"mandatory","no","female",5,5,5,5,5,5,NA,NA,NA,NA,NA,NA,NA,NA,NA,NA,NA,NA,NA,NA,NA,NA,NA,NA,NA,NA,NA,NA,NA,NA,NA,NA,NA,NA,NA,NA,NA,NA,NA,NA,NA,NA,NA,NA,NA,NA,NA,NA,NA,NA,NA,NA,NA,NA,NA,NA,NA,NA,NA,NA,NA,NA,NA,NA,NA,NA,NA,NA,NA,"",5,2,3,3,5,"","",NA,"",NA,NA,NA,NA,NA,NA,NA,NA,NA,2,3,3,1,1,1,1,2,5,1,1,2,1,"64",1,"","2","",2,6,2,1,1,1,1,4,1,3,3,4,5,5,5,1,2,4,1,NA,NA,NA,NA,NA,NA,NA,NA,NA,NA,NA,NA,NA,NA,NA,NA,"no"
"675",48,16,"mandatory","yes","female",2,2,2,2,3,3,1,NA,7,23,NA,NA,0,0,0,0,0,0,0,0,0,0,0,0,1,0,0,0,0,0,0,0,0,0,0,0,0,0,1,0,0,1,NA,NA,NA,NA,NA,NA,NA,NA,NA,NA,NA,NA,NA,NA,NA,NA,NA,NA,NA,NA,NA,NA,NA,NA,NA,NA,NA,"2",4,4,4,4,4,"2","0",NA,"Austin",1,2,1,0,1,1,1,1,1,2,1,1,1,1,3,1,5,5,1,2,3,2,"48",1,"1","3","2",3,8,2,1,5,5,1,5,4,2,5,4,5,4,3,5,2,5,2,5,1,5,4,1,1,1,1,NA,NA,NA,NA,NA,NA,NA,NA,"yes"
"676",61,10,"mandatory","yes","female",1,1,5,1,1,3,1,NA,7,7,NA,NA,0,0,0,0,0,0,0,0,0,0,0,0,0,0,0,0,0,0,0,1,0,0,1,0,0,0,1,1,0,1,NA,NA,NA,NA,NA,NA,NA,NA,NA,NA,NA,NA,NA,NA,NA,NA,NA,NA,NA,NA,NA,NA,NA,NA,NA,NA,NA,"1",1,1,1,1,2,"0","0",3,"Rosenberg",1,4,1,1,1,NA,1,1,1,1,3,3,3,1,3,4,3,4,1,2,3,3,"61",2,"3","6","",1,1,2,5,1,1,1,1,1,1,1,1,1,1,1,1,2,5,2,1,1,6,6,6,6,1,2,0,1,1,1,0,0,1,0,"no"
"677",58,16,"mandatory","yes","female",NA,3,3,4,3,2,1,NA,NA,NA,NA,NA,0,0,0,0,0,0,0,0,0,0,0,0,0,0,0,0,1,0,0,0,0,0,0,0,0,1,0,0,0,1,NA,NA,NA,NA,NA,NA,NA,NA,NA,NA,NA,NA,NA,NA,NA,NA,NA,NA,NA,NA,NA,NA,NA,NA,NA,NA,NA,"2",5,5,5,5,3,"2","1",NA,"Karnack, TX",2,1,1,1,1,1,1,1,1,2,5,4,1,1,3,4,3,5,1,1,3,3,"58",1,"","2","",3,8,2,1,3,2,4,5,3,5,5,5,4,2,5,4,2,5,2,2,4,3,6,6,6,3,1,NA,NA,NA,NA,NA,NA,NA,NA,"yes"
"678",65,16,"mandatory","yes","female",1,2,3,1,1,3,1,NA,3,11,NA,NA,0,0,0,0,0,0,0,0,0,0,0,0,0,0,0,0,1,0,0,0,0,0,0,0,0,0,0,1,0,1,NA,NA,NA,NA,NA,NA,NA,NA,NA,NA,NA,NA,NA,NA,NA,NA,NA,NA,NA,NA,NA,NA,NA,NA,NA,NA,NA,"1",1,2,2,2,2,"3","0",NA,"Bush Int. Airport",2,2,1,1,1,1,1,1,2,2,2,NA,3,2,4,4,5,5,1,1,NA,2,"65",1,"","","2",3,NA,2,1,5,1,4,5,5,3,1,4,1,1,4,5,2,5,2,5,NA,2,2,1,5,2,2,1,1,1,1,1,1,0,1,"yes"
"679",67,21,"mandatory","yes","female",1,2,2,2,2,2,1,NA,4,NA,NA,NA,0,0,0,0,0,0,0,0,1,0,0,0,0,0,0,0,0,0,0,0,0,0,0,0,0,1,0,0,0,1,NA,NA,NA,NA,NA,NA,NA,NA,NA,NA,NA,NA,NA,NA,NA,NA,NA,NA,NA,NA,NA,NA,NA,NA,NA,NA,NA,"6",4,4,4,4,2,"6","0",NA,"Wharton",1,4,1,NA,NA,NA,NA,1,1,2,1,2,1,1,1,1,1,4,1,1,3,1,"67",4,"0","0","1",5,8,2,1,3,1,1,1,3,3,4,5,1,3,3,2,2,4,2,1,1,NA,NA,1,1,1,2,0,0,0,0,0,0,0,1,"no"
"680",63,18,"mandatory","yes","male",1,5,4,4,1,4,1,NA,5,19,NA,NA,0,0,1,0,0,0,0,0,0,0,0,0,0,0,0,0,0,0,0,0,0,0,0,0,0,1,0,0,0,1,NA,NA,NA,NA,NA,NA,NA,NA,NA,NA,NA,NA,NA,NA,NA,NA,NA,NA,NA,NA,NA,NA,NA,NA,NA,NA,NA,"1",5,5,5,5,5,"2","0",NA,"Houston",2,1,1,1,1,0,0,1,1,2,5,5,5,1,5,3,1,5,2,1,3,1,"63",1,"","2","",4,8,1,1,1,1,1,1,1,4,5,5,4,2,5,1,2,4,2,3,6,6,6,6,6,2,2,1,0,0,0,1,1,0,0,"yes"
"681",52,16,"mandatory","no","male",2,5,5,5,5,5,NA,NA,NA,NA,NA,NA,NA,NA,NA,NA,NA,NA,NA,NA,NA,NA,NA,NA,NA,NA,NA,NA,NA,NA,NA,NA,NA,NA,NA,NA,NA,NA,NA,NA,NA,NA,NA,NA,NA,NA,NA,NA,NA,NA,NA,NA,NA,NA,NA,NA,NA,NA,NA,NA,NA,NA,NA,NA,NA,NA,NA,NA,NA,"",5,1,1,5,5,"","",NA,"",NA,NA,NA,NA,NA,NA,NA,NA,NA,2,4,3,1,3,2,1,1,5,1,1,3,1,"52",1,"","2","",3,1,1,1,1,1,5,5,1,2,3,5,5,5,5,5,2,4,1,NA,NA,NA,NA,NA,NA,NA,NA,NA,NA,NA,NA,NA,NA,NA,NA,"no"
"682",59,18,"mandatory","yes","female",1,4,4,4,5,2,1,NA,3,14,NA,NA,0,0,0,0,0,0,0,0,0,0,0,0,0,0,0,0,1,0,0,0,0,0,0,0,0,0,0,1,0,1,NA,NA,NA,NA,NA,NA,NA,NA,NA,NA,NA,NA,NA,NA,NA,NA,NA,NA,NA,NA,NA,NA,NA,NA,NA,NA,NA,"3",5,3,3,2,2,"3","2",NA,"Pearland, TX",2,2,1,1,1,1,1,1,1,2,1,3,1,1,1,1,5,5,1,1,3,3,"59",1,"1","2","",4,8,2,1,3,5,1,3,3,1,5,3,3,5,3,5,NA,5,2,6,1,6,6,3,3,3,1,NA,NA,NA,NA,NA,NA,NA,NA,"yes"
"683",50,16,"mandatory","yes","female",2,1,1,4,4,4,1,NA,NA,NA,NA,NA,0,0,0,0,0,0,0,0,0,0,0,0,1,0,0,0,0,0,0,0,0,0,0,0,0,1,1,0,0,1,NA,NA,NA,NA,NA,NA,NA,NA,NA,NA,NA,NA,NA,NA,NA,NA,NA,NA,NA,NA,NA,NA,NA,NA,NA,NA,NA,"1",5,5,5,5,5,"3","0",NA,"College Station",2,1,1,0,1,0,1,1,2,2,4,4,1,1,3,1,5,5,1,1,2,2,"50",1,"1","2","",3,7,2,1,1,4,4,5,4,4,4,4,4,4,4,4,2,4,2,1,1,2,4,1,4,4,2,1,0,0,1,0,0,0,1,"yes"
"684",69,16,"mandatory","yes","male",1,2,2,4,1,4,1,NA,NA,15,NA,NA,0,0,0,0,0,0,0,0,0,0,0,0,0,0,0,0,1,0,0,0,0,0,0,0,0,0,0,1,0,1,NA,NA,NA,NA,NA,NA,NA,NA,NA,NA,NA,NA,NA,NA,NA,NA,NA,NA,NA,NA,NA,NA,NA,NA,NA,NA,NA,"1",5,5,5,5,4,"2","0",NA,"Conroe, TX",2,1,1,1,1,0,0,1,1,2,2,4,1,2,2,2,1,2,1,1,3,3,"69",1,"","","2",3,8,1,1,1,1,4,4,4,2,2,5,4,5,4,1,2,4,2,6,4,4,5,6,6,1,1,NA,NA,NA,NA,NA,NA,NA,NA,"yes"
"685",82,21,"mandatory","no","female",4,4,4,1,1,3,NA,NA,NA,NA,NA,NA,NA,NA,NA,NA,NA,NA,NA,NA,NA,NA,NA,NA,NA,NA,NA,NA,NA,NA,NA,NA,NA,NA,NA,NA,NA,NA,NA,NA,NA,NA,NA,NA,NA,NA,NA,NA,NA,NA,NA,NA,NA,NA,NA,NA,NA,NA,NA,NA,NA,NA,NA,NA,NA,NA,NA,NA,NA,"",5,5,5,5,5,"","",NA,"",NA,NA,NA,NA,NA,NA,NA,NA,NA,2,3,3,2,2,4,2,5,5,1,2,2,2,"82",2,"","","1",5,4,2,1,4,3,3,4,4,5,5,5,4,2,NA,3,2,4,1,NA,NA,NA,NA,NA,NA,NA,NA,NA,NA,NA,NA,NA,NA,NA,NA,"yes"
"686",61,21,"mandatory","yes","male",1,1,3,3,2,1,1,NA,NA,NA,NA,NA,0,0,1,0,0,0,0,0,0,0,0,0,1,0,0,0,0,0,0,0,0,0,0,0,0,0,0,1,0,1,NA,NA,NA,NA,NA,NA,NA,NA,NA,NA,NA,NA,NA,NA,NA,NA,NA,NA,NA,NA,NA,NA,NA,NA,NA,NA,NA,"2",5,5,4,4,4,"2","0",NA,"College Station",2,2,1,NA,NA,NA,NA,1,1,2,2,2,1,1,2,1,5,5,1,1,3,3,"61",1,"","2","",5,NA,1,1,1,3,1,2,3,3,2,2,2,2,2,3,2,4,2,NA,NA,NA,NA,NA,NA,NA,1,NA,NA,NA,NA,NA,NA,NA,NA,"no"
"687",63,18,"mandatory","yes","female",1,1,4,2,4,5,1,NA,3,15,NA,NA,0,0,1,0,0,0,0,0,0,0,0,0,1,0,0,0,0,0,0,0,0,0,0,0,0,0,0,1,0,1,NA,NA,NA,NA,NA,NA,NA,NA,NA,NA,NA,NA,NA,NA,NA,NA,NA,NA,NA,NA,NA,NA,NA,NA,NA,NA,NA,"2",5,5,5,5,3,"2","0",NA,"College Station, TX",2,2,1,1,1,1,1,1,1,2,5,4,2,1,2,3,3,3,1,1,3,3,"63",1,"","2","",4,8,2,1,3,2,1,4,4,5,5,5,1,2,4,3,2,5,2,4,2,2,3,6,6,4,1,NA,NA,NA,NA,NA,NA,NA,NA,"yes"
"688",72,21,"mandatory","no","female",5,5,4,2,2,3,NA,NA,NA,NA,NA,NA,NA,NA,NA,NA,NA,NA,NA,NA,NA,NA,NA,NA,NA,NA,NA,NA,NA,NA,NA,NA,NA,NA,NA,NA,NA,NA,NA,NA,NA,NA,NA,NA,NA,NA,NA,NA,NA,NA,NA,NA,NA,NA,NA,NA,NA,NA,NA,NA,NA,NA,NA,NA,NA,NA,NA,NA,NA,"",5,2,5,5,5,"","",NA,"",NA,NA,NA,NA,NA,NA,NA,NA,NA,2,3,5,2,1,2,2,1,3,1,1,3,1,"72",3,"0","0","1",5,3,2,1,4,1,2,5,4,4,5,4,5,2,2,3,2,4,1,NA,NA,NA,NA,NA,NA,NA,NA,NA,NA,NA,NA,NA,NA,NA,NA,"yes"
"689",57,18,"mandatory","yes","female",5,4,5,4,5,4,0,2,2,11,4,10,0,0,1,0,1,0,0,0,1,0,0,0,1,0,0,0,1,0,0,0,0,0,0,0,1,0,0,1,0,1,NA,NA,NA,NA,NA,NA,NA,NA,NA,NA,NA,NA,NA,NA,NA,NA,NA,NA,NA,NA,NA,NA,NA,NA,NA,NA,NA,"2",5,5,5,5,5,"3","0",NA,"Austin",2,2,1,1,1,1,0,2,2,2,5,5,1,5,5,5,2,5,1,1,3,3,"57",1,"","3","",4,8,2,1,2,4,4,5,3,5,5,3,1,5,5,5,2,4,2,1,1,6,6,6,6,1,1,NA,NA,NA,NA,NA,NA,NA,NA,"no"
"690",59,16,"mandatory","no","male",1,3,3,2,2,2,NA,NA,NA,NA,NA,NA,NA,NA,NA,NA,NA,NA,NA,NA,NA,NA,NA,NA,NA,NA,NA,NA,NA,NA,NA,NA,NA,NA,NA,NA,NA,NA,NA,NA,NA,NA,NA,NA,NA,NA,NA,NA,NA,NA,NA,NA,NA,NA,NA,NA,NA,NA,NA,NA,NA,NA,NA,NA,NA,NA,NA,NA,NA,"",5,4,5,5,5,"","",NA,"",NA,NA,NA,NA,NA,NA,NA,NA,NA,2,3,4,1,1,2,1,3,5,1,2,3,3,"59",1,"2","4","",3,8,1,1,3,1,4,5,1,2,1,4,5,4,4,1,2,4,1,NA,NA,NA,NA,NA,NA,NA,NA,NA,NA,NA,NA,NA,NA,NA,NA,"no"
"691",65,NA,"mandatory","yes","female",1,3,4,1,1,4,1,NA,NA,10,NA,NA,0,0,0,0,0,0,0,0,0,0,0,0,0,0,0,0,1,0,0,0,0,0,NA,NA,NA,NA,NA,NA,NA,NA,NA,NA,NA,NA,NA,NA,NA,NA,NA,NA,NA,NA,NA,NA,NA,NA,NA,NA,NA,NA,NA,NA,NA,NA,NA,NA,NA,"1",5,NA,NA,NA,NA,"0","0",NA,"Fresno, TX",2,1,1,NA,NA,NA,NA,1,1,2,5,5,3,3,2,2,1,5,1,1,NA,NA,"65",2,"0","1","0",NA,1,2,2,4,1,4,5,5,5,5,5,2,2,5,5,2,5,2,1,1,NA,3,2,NA,1,1,NA,NA,NA,NA,NA,NA,NA,NA,"yes"
"692",57,18,"mandatory","no","male",1,4,4,1,1,1,NA,NA,NA,NA,NA,NA,NA,NA,NA,NA,NA,NA,NA,NA,NA,NA,NA,NA,NA,NA,NA,NA,NA,NA,NA,NA,NA,NA,NA,NA,NA,NA,NA,NA,NA,NA,NA,NA,NA,NA,NA,NA,NA,NA,NA,NA,NA,NA,NA,NA,NA,NA,NA,NA,NA,NA,NA,NA,NA,NA,NA,NA,NA,"",4,4,4,4,4,"","",NA,"",NA,NA,NA,NA,NA,NA,NA,NA,NA,2,4,3,3,3,1,1,3,5,1,1,2,2,"57",2,"","1","",4,8,1,1,3,1,1,1,3,3,3,3,3,4,4,3,2,5,1,NA,NA,NA,NA,NA,NA,NA,NA,NA,NA,NA,NA,NA,NA,NA,NA,"no"
"693",58,16,"mandatory","yes","female",NA,4,NA,5,NA,3,1,NA,5,7,NA,NA,0,0,1,0,1,0,0,0,0,0,0,0,1,0,0,0,0,0,0,0,0,0,0,0,0,0,0,1,0,1,NA,NA,NA,NA,NA,NA,NA,NA,NA,NA,NA,NA,NA,NA,NA,NA,NA,NA,NA,NA,NA,NA,NA,NA,NA,NA,NA,"1",5,5,5,5,3,"3","1",NA,"Lubbock",2,1,1,1,1,0,0,1,2,2,3,3,5,4,4,4,5,5,1,1,2,1,"58",1,"","2","",3,8,2,1,1,2,2,4,2,3,5,5,5,1,3,2,2,4,2,1,1,2,3,1,1,3,1,NA,NA,NA,NA,NA,NA,NA,NA,"no"
"694",NA,10,"mandatory","yes","male",NA,3,4,NA,NA,NA,1,NA,4,9,NA,NA,0,1,1,0,0,0,0,0,0,0,0,0,1,0,0,0,0,0,0,0,0,0,0,0,0,0,0,1,0,1,NA,NA,NA,NA,NA,NA,NA,NA,NA,NA,NA,NA,NA,NA,NA,NA,NA,NA,NA,NA,NA,NA,NA,NA,NA,NA,NA,"1",5,NA,3,3,5,"1","0",NA,"Waco, TX",2,4,1,1,1,1,0,1,1,2,3,1,NA,1,4,4,NA,5,1,3,3,2,"",1,"","","2",1,1,1,1,5,NA,5,5,5,5,5,5,1,3,5,3,2,4,2,NA,NA,NA,6,6,6,NA,2,1,0,1,0,0,1,0,0,"no"
"695",77,21,"mandatory","yes","female",NA,NA,NA,NA,NA,5,1,NA,3,NA,NA,NA,NA,NA,NA,NA,NA,NA,NA,NA,NA,NA,NA,NA,NA,NA,NA,NA,NA,NA,NA,NA,NA,NA,0,0,0,0,0,1,0,1,NA,NA,NA,NA,NA,NA,NA,NA,NA,NA,NA,NA,NA,NA,NA,NA,NA,NA,NA,NA,NA,NA,NA,NA,NA,NA,NA,"1",NA,NA,NA,NA,5,"","",NA,"Houston, TX",2,1,1,1,1,0,1,1,NA,2,NA,NA,NA,NA,3,NA,2,5,1,2,3,3,"77",4,"","","",5,2,2,2,3,NA,NA,NA,4,4,NA,NA,NA,NA,NA,NA,2,5,2,NA,NA,NA,NA,NA,NA,NA,1,NA,NA,NA,NA,NA,NA,NA,NA,"no"
"696",50,16,"mandatory","no","male",2,4,3,4,3,2,NA,NA,NA,NA,NA,NA,NA,NA,NA,NA,NA,NA,NA,NA,NA,NA,NA,NA,NA,NA,NA,NA,NA,NA,NA,NA,NA,NA,NA,NA,NA,NA,NA,NA,NA,NA,NA,NA,NA,NA,NA,NA,NA,NA,NA,NA,NA,NA,NA,NA,NA,NA,NA,NA,NA,NA,NA,NA,NA,NA,NA,NA,NA,"",5,NA,3,5,5,"","",NA,"",NA,NA,NA,NA,NA,NA,NA,NA,NA,2,5,5,2,1,NA,2,1,2,1,3,2,2,"50",2,"","1","",3,4,1,1,1,1,1,1,1,1,1,1,1,1,2,1,2,5,1,NA,NA,NA,NA,NA,NA,NA,NA,NA,NA,NA,NA,NA,NA,NA,NA,"yes"
"697",60,18,"mandatory","yes","female",1,5,4,5,5,5,0,3,4,4,4,10,0,0,0,0,0,0,0,0,0,0,0,1,0,0,0,0,0,0,0,0,0,0,0,0,0,0,0,1,0,2,5,5,5,4,NA,NA,1,1,NA,NA,NA,NA,1,NA,NA,NA,1,NA,NA,NA,NA,NA,NA,NA,1,NA,NA,"3",5,5,5,5,5,"5","0",NA,"Seguin",2,2,1,1,1,1,0,1,1,1,5,5,5,5,5,5,5,5,1,1,3,3,"60",1,"","1","1",4,3,2,1,5,2,3,3,5,5,5,5,5,2,2,5,1,5,2,1,1,4,3,1,1,1,2,1,1,1,1,1,0,0,0,"no"
"698",63,16,"mandatory","yes","male",4,5,5,4,3,3,1,NA,7,18,NA,NA,0,0,0,0,0,0,0,0,0,0,0,0,0,0,0,0,1,0,0,0,0,0,0,0,0,0,1,1,0,1,NA,NA,NA,NA,NA,NA,NA,NA,NA,NA,NA,NA,NA,NA,NA,NA,NA,NA,NA,NA,NA,NA,NA,NA,NA,NA,NA,"1",5,NA,NA,NA,5,"1","0",NA,"Clute",1,2,1,1,1,1,1,1,1,2,1,5,5,5,1,1,5,5,1,1,3,3,"63",2,"","1","1",3,3,1,2,5,5,5,5,5,5,5,5,1,1,5,5,2,4,2,1,1,3,3,1,2,1,1,NA,NA,NA,NA,NA,NA,NA,NA,"no"
"699",53,18,"mandatory","yes","female",1,5,5,1,5,5,1,NA,2,6,NA,NA,0,1,0,0,0,0,0,0,0,0,0,1,0,0,0,0,0,0,0,0,0,0,1,0,0,0,0,0,0,2,1,5,1,1,1,NA,1,NA,NA,NA,NA,NA,NA,NA,NA,NA,1,NA,NA,NA,NA,NA,NA,NA,NA,NA,NA,"2",5,1,1,1,2,"2","0",NA,"Georgetown",2,1,1,1,1,0,0,1,1,1,5,5,1,1,1,1,5,5,1,2,1,1,"53",3,"","","",4,5,2,1,1,1,1,1,1,1,1,1,1,1,1,1,2,5,2,1,1,2,2,2,2,2,1,NA,NA,NA,NA,NA,NA,NA,NA,"no"
"700",71,12,"mandatory","no","male",1,1,1,2,1,2,NA,NA,NA,NA,NA,NA,NA,NA,NA,NA,NA,NA,NA,NA,NA,NA,NA,NA,NA,NA,NA,NA,NA,NA,NA,NA,NA,NA,NA,NA,NA,NA,NA,NA,NA,NA,NA,NA,NA,NA,NA,NA,NA,NA,NA,NA,NA,NA,NA,NA,NA,NA,NA,NA,NA,NA,NA,NA,NA,NA,NA,NA,NA,"",1,1,1,1,1,"","",NA,"",NA,NA,NA,NA,NA,NA,NA,NA,NA,2,3,2,1,1,2,1,1,5,1,4,2,2,"71",4,"0","0","1",2,6,1,1,2,1,4,5,2,1,2,3,3,3,2,1,2,4,1,NA,NA,NA,NA,NA,NA,NA,NA,NA,NA,NA,NA,NA,NA,NA,NA,"yes"
"701",79,10,"voluntary","no","female",NA,5,NA,NA,NA,NA,NA,NA,NA,NA,NA,NA,NA,NA,NA,NA,NA,NA,NA,NA,NA,NA,NA,NA,NA,NA,NA,NA,NA,NA,NA,NA,NA,NA,NA,NA,NA,NA,NA,NA,NA,NA,NA,NA,NA,NA,NA,NA,NA,NA,NA,NA,NA,NA,NA,NA,NA,NA,NA,NA,NA,NA,NA,NA,NA,NA,NA,NA,NA,"",NA,NA,NA,3,5,"","",NA,"",NA,NA,NA,NA,NA,NA,NA,NA,NA,2,1,5,1,1,4,1,5,5,1,1,2,2,"79",4,"","1","",1,1,2,NA,3,1,1,1,1,5,3,3,5,5,5,5,1,5,1,NA,NA,NA,NA,NA,NA,NA,NA,NA,NA,NA,NA,NA,NA,NA,NA,"no"
"702",31,18,"voluntary","yes","female",1,2,2,4,4,4,1,NA,5,14,NA,NA,0,0,0,0,0,1,0,0,0,0,0,0,0,0,0,0,1,0,0,0,0,0,0,0,0,0,0,1,0,1,NA,NA,NA,NA,NA,NA,NA,NA,NA,NA,NA,NA,NA,NA,NA,NA,NA,NA,NA,NA,NA,NA,NA,NA,NA,NA,NA,"1",5,1,1,1,5,"1","0",NA,"San Diego, TX",2,1,1,1,0,0,1,1,1,1,4,5,2,5,3,1,2,4,1,2,3,2,"31",1,"","1","",4,3,2,1,4,1,2,2,5,3,4,1,1,5,5,2,1,4,2,1,1,6,5,6,6,4,2,1,0,1,0,1,1,0,0,"yes"
"703",63,21,"voluntary","no","male",1,5,2,5,5,1,NA,NA,NA,NA,NA,NA,NA,NA,NA,NA,NA,NA,NA,NA,NA,NA,NA,NA,NA,NA,NA,NA,NA,NA,NA,NA,NA,NA,NA,NA,NA,NA,NA,NA,NA,NA,NA,NA,NA,NA,NA,NA,NA,NA,NA,NA,NA,NA,NA,NA,NA,NA,NA,NA,NA,NA,NA,NA,NA,NA,NA,NA,NA,"",5,5,4,5,5,"","",NA,"",NA,NA,NA,NA,NA,NA,NA,NA,NA,2,3,3,1,1,1,1,1,5,1,1,3,1,"63",1,"","2","",5,8,1,1,5,4,2,1,2,5,3,4,5,2,4,5,1,4,1,NA,NA,NA,NA,NA,NA,NA,NA,NA,NA,NA,NA,NA,NA,NA,NA,"yes"
"704",50,12,"voluntary","no","female",NA,5,NA,NA,NA,NA,NA,NA,NA,NA,NA,NA,NA,NA,NA,NA,NA,NA,NA,NA,NA,NA,NA,NA,NA,NA,NA,NA,NA,NA,NA,NA,NA,NA,NA,NA,NA,NA,NA,NA,NA,NA,NA,NA,NA,NA,NA,NA,NA,NA,NA,NA,NA,NA,NA,NA,NA,NA,NA,NA,NA,NA,NA,NA,NA,NA,NA,NA,NA,"",5,5,5,5,5,"","",NA,"",NA,NA,NA,NA,NA,NA,NA,NA,NA,1,4,4,2,4,3,2,2,3,1,1,2,2,"50",2,"","2","",2,2,2,1,2,2,1,4,2,3,2,1,3,3,2,5,2,5,1,NA,NA,NA,NA,NA,NA,NA,NA,NA,NA,NA,NA,NA,NA,NA,NA,"yes"
"705",80,16,"voluntary","no","female",1,5,5,1,1,1,NA,NA,NA,NA,NA,NA,NA,NA,NA,NA,NA,NA,NA,NA,NA,NA,NA,NA,NA,NA,NA,NA,NA,NA,NA,NA,NA,NA,NA,NA,NA,NA,NA,NA,NA,NA,NA,NA,NA,NA,NA,NA,NA,NA,NA,NA,NA,NA,NA,NA,NA,NA,NA,NA,NA,NA,NA,NA,NA,NA,NA,NA,NA,"",5,NA,NA,NA,NA,"","",NA,"",NA,NA,NA,NA,NA,NA,NA,NA,NA,2,2,4,1,1,2,1,1,4,1,2,1,1,"80",1,"","","2",3,6,2,1,1,1,1,1,1,1,1,1,1,1,1,1,2,4,1,NA,NA,NA,NA,NA,NA,NA,NA,NA,NA,NA,NA,NA,NA,NA,NA,"yes"
"706",67,10,"voluntary","no","female",1,5,5,5,5,5,NA,NA,NA,NA,NA,NA,NA,NA,NA,NA,NA,NA,NA,NA,NA,NA,NA,NA,NA,NA,NA,NA,NA,NA,NA,NA,NA,NA,NA,NA,NA,NA,NA,NA,NA,NA,NA,NA,NA,NA,NA,NA,NA,NA,NA,NA,NA,NA,NA,NA,NA,NA,NA,NA,NA,NA,NA,NA,NA,NA,NA,NA,NA,"",5,3,4,5,5,"","",NA,"",NA,NA,NA,NA,NA,NA,NA,NA,NA,2,5,5,5,5,5,5,5,5,1,1,3,3,"67",1,"","","1",1,3,2,NA,5,5,5,5,5,5,5,5,5,5,5,5,1,5,1,NA,NA,NA,NA,NA,NA,NA,NA,NA,NA,NA,NA,NA,NA,NA,NA,"yes"
"707",63,21,"voluntary","not applicable","male",1,1,4,5,1,1,NA,NA,NA,NA,NA,NA,NA,NA,NA,NA,NA,NA,NA,NA,NA,NA,NA,NA,NA,NA,NA,NA,NA,NA,NA,NA,NA,NA,NA,NA,NA,NA,NA,NA,NA,NA,NA,NA,NA,NA,NA,NA,NA,NA,NA,NA,NA,NA,NA,NA,NA,NA,NA,NA,NA,NA,NA,NA,NA,NA,NA,NA,NA,"",5,NA,5,4,3,"","",NA,"",NA,NA,NA,NA,NA,NA,NA,NA,NA,NA,5,5,2,4,3,2,5,5,NA,NA,NA,NA,"63",2,"","1","",5,8,1,1,NA,NA,NA,NA,NA,NA,NA,NA,NA,NA,NA,NA,2,5,3,NA,NA,NA,NA,NA,NA,NA,NA,NA,NA,NA,NA,NA,NA,NA,NA,"yes"
"708",NA,NA,"voluntary","not applicable",NA,NA,NA,NA,NA,NA,NA,NA,NA,NA,NA,NA,NA,NA,NA,NA,NA,NA,NA,NA,NA,NA,NA,NA,NA,NA,NA,NA,NA,NA,NA,NA,NA,NA,NA,NA,NA,NA,NA,NA,NA,NA,NA,NA,NA,NA,NA,NA,NA,NA,NA,NA,NA,NA,NA,NA,NA,NA,NA,NA,NA,NA,NA,NA,NA,NA,NA,NA,NA,NA,"",NA,NA,NA,NA,NA,"","",NA,"",NA,NA,NA,NA,NA,NA,NA,NA,NA,NA,NA,NA,NA,NA,NA,NA,NA,NA,NA,NA,NA,NA,"",NA,"","","",NA,NA,NA,NA,NA,NA,NA,NA,NA,NA,NA,NA,NA,NA,NA,NA,NA,NA,3,NA,NA,NA,NA,NA,NA,NA,NA,NA,NA,NA,NA,NA,NA,NA,NA,"no"
"709",53,18,"voluntary","yes","female",NA,4,3,3,2,5,1,NA,4,3,NA,NA,0,0,0,0,0,0,0,0,0,0,0,0,0,0,1,0,0,0,0,0,0,0,0,0,0,1,0,1,0,1,NA,NA,NA,NA,NA,NA,NA,NA,NA,NA,NA,NA,NA,NA,NA,NA,NA,NA,NA,NA,NA,NA,NA,NA,NA,NA,NA,"1",5,5,5,5,4,"4","0",NA,"Austin",2,2,1,1,1,1,1,NA,2,2,3,5,2,4,4,4,5,5,1,2,3,2,"53",1,"","2","",4,7,2,1,4,3,3,4,3,4,4,5,4,4,4,4,2,4,2,3,2,6,6,6,6,6,2,1,0,0,1,1,0,0,1,"yes"
"710",80,16,"voluntary","no","female",1,4,4,NA,NA,3,NA,NA,NA,NA,NA,NA,NA,NA,NA,NA,NA,NA,NA,NA,NA,NA,NA,NA,NA,NA,NA,NA,NA,NA,NA,NA,NA,NA,NA,NA,NA,NA,NA,NA,NA,NA,NA,NA,NA,NA,NA,NA,NA,NA,NA,NA,NA,NA,NA,NA,NA,NA,NA,NA,NA,NA,NA,NA,NA,NA,NA,NA,NA,"",NA,NA,NA,NA,3,"","",NA,"",NA,NA,NA,NA,NA,NA,NA,NA,NA,2,1,2,1,1,2,2,1,3,1,1,1,1,"80",4,"","","1",3,3,2,1,1,1,1,1,1,1,1,1,1,1,2,1,2,4,1,NA,NA,NA,NA,NA,NA,NA,NA,NA,NA,NA,NA,NA,NA,NA,NA,"yes"
"711",47,18,"voluntary","no","female",2,5,5,4,5,3,NA,NA,NA,NA,NA,NA,NA,NA,NA,NA,NA,NA,NA,NA,NA,NA,NA,NA,NA,NA,NA,NA,NA,NA,NA,NA,NA,NA,NA,NA,NA,NA,NA,NA,NA,NA,NA,NA,NA,NA,NA,NA,NA,NA,NA,NA,NA,NA,NA,NA,NA,NA,NA,NA,NA,NA,NA,NA,NA,NA,NA,NA,NA,"",3,1,1,3,5,"","",NA,"",NA,NA,NA,NA,NA,NA,NA,NA,NA,1,4,4,5,2,5,3,5,5,1,2,1,2,"47",3,"","3","",4,1,2,5,2,3,5,5,3,1,4,3,3,2,3,5,1,5,1,NA,NA,NA,NA,NA,NA,NA,NA,NA,NA,NA,NA,NA,NA,NA,NA,"yes"
"712",73,21,"voluntary","yes","male",1,5,3,5,1,1,1,NA,2,9,NA,NA,0,0,0,0,0,0,0,0,0,0,0,0,0,0,0,0,1,0,0,0,0,0,0,0,0,1,0,0,0,1,NA,NA,NA,NA,NA,NA,NA,NA,NA,NA,NA,NA,NA,NA,NA,NA,NA,NA,NA,NA,NA,NA,NA,NA,NA,NA,NA,"1",5,5,3,5,5,"1","0",NA,"Corpus Christi",2,2,2,NA,NA,NA,NA,1,2,2,3,2,1,1,3,3,3,4,1,1,3,3,"73",2,"","","1",5,2,1,1,1,5,1,2,1,1,1,5,5,3,4,5,2,5,2,1,1,2,3,2,2,2,1,NA,NA,NA,NA,NA,NA,NA,NA,"yes"
"713",71,18,"voluntary","no","female",1,3,1,1,1,2,NA,NA,NA,NA,NA,NA,NA,NA,NA,NA,NA,NA,NA,NA,NA,NA,NA,NA,NA,NA,NA,NA,NA,NA,NA,NA,NA,NA,NA,NA,NA,NA,NA,NA,NA,NA,NA,NA,NA,NA,NA,NA,NA,NA,NA,NA,NA,NA,NA,NA,NA,NA,NA,NA,NA,NA,NA,NA,NA,NA,NA,NA,NA,"",5,1,1,5,1,"","",NA,"",NA,NA,NA,NA,NA,NA,NA,NA,NA,2,1,5,1,1,2,1,1,5,1,1,3,1,"71",3,"","","2",4,3,2,1,1,1,1,1,1,1,5,5,5,1,5,1,1,4,1,NA,NA,NA,NA,NA,NA,NA,NA,NA,NA,NA,NA,NA,NA,NA,NA,"yes"
"714",70,16,"voluntary","no","female",1,2,2,1,1,1,NA,NA,NA,NA,NA,NA,NA,NA,NA,NA,NA,NA,NA,NA,NA,NA,NA,NA,NA,NA,NA,NA,NA,NA,NA,NA,NA,NA,NA,NA,NA,NA,NA,NA,NA,NA,NA,NA,NA,NA,NA,NA,NA,NA,NA,NA,NA,NA,NA,NA,NA,NA,NA,NA,NA,NA,NA,NA,NA,NA,NA,NA,NA,"",3,3,3,5,5,"","",NA,"",NA,NA,NA,NA,NA,NA,NA,NA,NA,2,2,2,2,2,2,2,1,5,1,1,1,1,"70",3,"","","2",3,2,2,1,3,2,2,2,3,2,3,3,3,4,4,3,1,4,1,NA,NA,NA,NA,NA,NA,NA,NA,NA,NA,NA,NA,NA,NA,NA,NA,"yes"
"715",84,18,"voluntary","yes","female",NA,NA,NA,NA,NA,NA,0,NA,NA,NA,NA,NA,0,0,0,0,0,0,0,0,0,0,0,0,0,0,0,0,0,0,0,1,0,0,0,0,0,0,0,1,0,NA,NA,NA,NA,NA,NA,NA,NA,NA,NA,NA,NA,NA,NA,NA,NA,NA,NA,NA,NA,NA,NA,NA,NA,NA,1,NA,NA,"1",NA,NA,NA,NA,NA,"1","",NA,"Houston, Tx.",NA,1,NA,NA,NA,NA,NA,1,1,2,NA,NA,NA,NA,NA,NA,NA,NA,NA,1,NA,1,"84",4,"","1","1",4,4,2,2,NA,NA,NA,NA,NA,NA,NA,NA,NA,NA,NA,NA,2,4,NA,NA,NA,NA,NA,NA,NA,NA,NA,NA,NA,NA,NA,NA,NA,NA,NA,"yes"
"716",60,12,"voluntary","no","male",NA,5,5,NA,NA,NA,NA,NA,NA,NA,NA,NA,NA,NA,NA,NA,NA,NA,NA,NA,NA,NA,NA,NA,NA,NA,NA,NA,NA,NA,NA,NA,NA,NA,NA,NA,NA,NA,NA,NA,NA,NA,NA,NA,NA,NA,NA,NA,NA,NA,NA,NA,NA,NA,NA,NA,NA,NA,NA,NA,NA,NA,NA,NA,NA,NA,NA,NA,NA,"",5,NA,5,5,5,"","",NA,"",NA,NA,NA,NA,NA,NA,NA,NA,NA,2,5,5,1,2,2,1,1,5,1,1,3,2,"60",2,"","3","1",2,2,1,1,1,1,1,5,1,2,2,2,5,4,5,5,2,4,1,NA,NA,NA,NA,NA,NA,NA,NA,NA,NA,NA,NA,NA,NA,NA,NA,"yes"
"717",63,10,"voluntary","yes","female",NA,5,NA,NA,NA,5,1,NA,NA,13,NA,NA,NA,NA,NA,NA,NA,NA,NA,NA,NA,NA,NA,NA,NA,NA,NA,NA,NA,NA,NA,NA,NA,NA,NA,NA,NA,NA,NA,NA,NA,NA,NA,NA,NA,NA,NA,NA,NA,NA,NA,NA,1,NA,NA,NA,NA,NA,NA,NA,NA,NA,NA,NA,NA,NA,NA,NA,NA,"2",5,NA,NA,NA,NA,"1","0",NA,"Robstown, TX",2,1,1,1,1,0,1,1,1,2,4,5,5,3,3,4,2,5,NA,1,3,3,"63",1,"","1","",1,6,2,1,NA,1,4,5,5,5,5,5,4,5,5,5,1,5,2,1,4,5,4,5,4,3,2,1,1,1,0,1,0,1,0,"no"
"718",70,18,"voluntary","no","female",1,3,3,1,1,1,NA,NA,NA,NA,NA,NA,NA,NA,NA,NA,NA,NA,NA,NA,NA,NA,NA,NA,NA,NA,NA,NA,NA,NA,NA,NA,NA,NA,NA,NA,NA,NA,NA,NA,NA,NA,NA,NA,NA,NA,NA,NA,NA,NA,NA,NA,NA,NA,NA,NA,NA,NA,NA,NA,NA,NA,NA,NA,NA,NA,NA,NA,NA,"",5,3,3,5,5,"","",NA,"",NA,NA,NA,NA,NA,NA,NA,NA,NA,2,4,5,2,2,4,1,1,5,1,2,NA,3,"70",1,"","","2",4,4,2,1,1,1,1,1,1,1,1,1,1,1,5,1,1,4,1,NA,NA,NA,NA,NA,NA,NA,NA,NA,NA,NA,NA,NA,NA,NA,NA,"yes"
"719",72,16,"voluntary","yes","female",2,3,3,1,4,4,0,2,2,20,3,14,0,0,0,0,0,0,0,0,0,0,0,0,0,0,1,0,0,0,0,0,0,0,0,0,0,0,1,1,0,1,NA,NA,NA,NA,NA,NA,NA,NA,NA,NA,NA,NA,NA,NA,NA,NA,NA,NA,NA,NA,NA,NA,NA,NA,NA,NA,NA,"3",5,5,5,5,5,"3","0",NA,"Fredisburg, TX",2,2,1,1,1,1,1,1,2,2,5,5,4,4,4,4,4,5,1,1,2,2,"72",2,"","1","1",3,1,2,1,4,5,5,5,4,4,4,5,3,3,4,5,1,4,2,1,1,6,6,6,6,6,2,1,1,1,0,1,0,1,0,"yes"
"720",58,18,"voluntary","yes","female",1,5,5,3,4,5,1,NA,4,21,NA,NA,0,0,0,0,0,0,0,0,0,0,0,0,0,0,1,0,0,0,0,0,0,0,0,0,0,0,1,1,0,1,NA,NA,NA,NA,NA,NA,NA,NA,NA,NA,NA,NA,NA,NA,NA,NA,NA,NA,NA,NA,NA,NA,NA,NA,NA,NA,NA,"1",5,1,1,4,4,"3","0",NA,"Austin",2,2,1,1,1,1,0,1,1,2,4,5,2,2,4,4,4,5,1,2,1,1,"58",1,"","1","1",4,8,2,2,1,1,2,4,1,1,4,1,1,3,3,1,2,4,2,1,1,5,2,4,6,1,1,NA,NA,NA,NA,NA,NA,NA,NA,"yes"
"721",64,10,"voluntary","no",NA,5,NA,NA,NA,NA,NA,NA,NA,NA,NA,NA,NA,NA,NA,NA,NA,NA,NA,NA,NA,NA,NA,NA,NA,NA,NA,NA,NA,NA,NA,NA,NA,NA,NA,NA,NA,NA,NA,NA,NA,NA,NA,NA,NA,NA,NA,NA,NA,NA,NA,NA,NA,NA,NA,NA,NA,NA,NA,NA,NA,NA,NA,NA,NA,NA,NA,NA,NA,NA,"",5,NA,NA,NA,NA,"","",NA,"",NA,NA,NA,NA,NA,NA,NA,NA,NA,2,NA,NA,NA,NA,5,NA,NA,NA,1,1,NA,NA,"64",4,"","1","",1,1,NA,1,NA,NA,NA,NA,NA,NA,NA,NA,NA,5,NA,NA,1,5,1,NA,NA,NA,NA,NA,NA,NA,NA,NA,NA,NA,NA,NA,NA,NA,NA,"yes"
"722",70,21,"voluntary","no","female",5,5,5,NA,NA,NA,NA,NA,NA,NA,NA,NA,NA,NA,NA,NA,NA,NA,NA,NA,NA,NA,NA,NA,NA,NA,NA,NA,NA,NA,NA,NA,NA,NA,NA,NA,NA,NA,NA,NA,NA,NA,NA,NA,NA,NA,NA,NA,NA,NA,NA,NA,NA,NA,NA,NA,NA,NA,NA,NA,NA,NA,NA,NA,NA,NA,NA,NA,NA,"",5,5,NA,5,5,"","",NA,"",NA,NA,NA,NA,NA,NA,NA,NA,NA,2,3,3,1,1,2,1,1,3,1,1,2,1,"70",3,"","","1",5,1,2,1,1,1,5,5,1,2,1,5,5,5,4,5,2,4,1,NA,NA,NA,NA,NA,NA,NA,NA,NA,NA,NA,NA,NA,NA,NA,NA,"yes"
"723",58,12,"voluntary","no","male",NA,3,NA,NA,NA,NA,NA,NA,NA,NA,NA,NA,NA,NA,NA,NA,NA,NA,NA,NA,NA,NA,NA,NA,NA,NA,NA,NA,NA,NA,NA,NA,NA,NA,NA,NA,NA,NA,NA,NA,NA,NA,NA,NA,NA,NA,NA,NA,NA,NA,NA,NA,NA,NA,NA,NA,NA,NA,NA,NA,NA,NA,NA,NA,NA,NA,NA,NA,NA,"",3,NA,NA,NA,NA,"","",NA,"",NA,NA,NA,NA,NA,NA,NA,NA,NA,NA,3,NA,NA,NA,NA,NA,NA,NA,NA,1,3,NA,"58",1,"","3","",2,8,1,1,NA,NA,NA,NA,NA,NA,NA,3,NA,NA,NA,NA,2,4,1,NA,NA,NA,NA,NA,NA,NA,NA,NA,NA,NA,NA,NA,NA,NA,NA,"yes"
"724",67,12,"voluntary","no","male",1,5,1,1,1,3,NA,NA,NA,NA,NA,NA,NA,NA,NA,NA,NA,NA,NA,NA,NA,NA,NA,NA,NA,NA,NA,NA,NA,NA,NA,NA,NA,NA,NA,NA,NA,NA,NA,NA,NA,NA,NA,NA,NA,NA,NA,NA,NA,NA,NA,NA,NA,NA,NA,NA,NA,NA,NA,NA,NA,NA,NA,NA,NA,NA,NA,NA,NA,"",5,1,1,5,4,"","",NA,"",NA,NA,NA,NA,NA,NA,NA,NA,NA,2,3,4,1,2,4,2,1,5,1,1,3,1,"67",NA,"","","2",2,2,1,1,2,4,4,5,2,1,1,1,1,1,4,4,1,5,1,NA,NA,NA,NA,NA,NA,NA,NA,NA,NA,NA,NA,NA,NA,NA,NA,"yes"
"725",44,16,"voluntary","no","female",2,5,5,4,4,4,NA,NA,NA,NA,NA,NA,NA,NA,NA,NA,NA,NA,NA,NA,NA,NA,NA,NA,NA,NA,NA,NA,NA,NA,NA,NA,NA,NA,NA,NA,NA,NA,NA,NA,NA,NA,NA,NA,NA,NA,NA,NA,NA,NA,NA,NA,NA,NA,NA,NA,NA,NA,NA,NA,NA,NA,NA,NA,NA,NA,NA,NA,NA,"",5,2,2,2,5,"","",NA,"",NA,NA,NA,NA,NA,NA,NA,NA,NA,2,4,4,3,3,5,1,1,4,1,1,1,2,"44",3,"","2","",3,7,2,1,1,1,1,1,1,1,1,1,1,1,1,1,1,5,1,NA,NA,NA,NA,NA,NA,NA,NA,NA,NA,NA,NA,NA,NA,NA,NA,"yes"
"726",44,21,"voluntary","yes","female",1,4,3,3,1,4,1,NA,4,21,NA,NA,0,0,0,0,0,0,0,0,0,0,0,0,0,0,0,0,1,0,0,0,0,0,0,1,0,0,0,0,0,1,NA,NA,NA,NA,NA,NA,NA,NA,NA,NA,NA,NA,NA,NA,NA,NA,NA,NA,NA,NA,NA,NA,NA,NA,NA,NA,NA,"2",5,5,4,4,1,"2","0",NA,"Pharr, TX",2,2,1,1,1,1,1,2,2,2,4,5,4,4,5,5,5,5,1,1,3,2,"44",2,"0","0","1",5,5,2,1,2,1,1,1,5,5,5,3,1,1,2,1,1,5,2,6,2,6,6,6,6,6,2,1,0,0,0,1,0,0,0,"yes"
"727",71,16,"voluntary","yes","female",NA,2,2,NA,NA,2,1,NA,3,NA,NA,NA,0,0,0,0,0,0,0,0,0,0,0,0,0,0,0,0,0,0,0,0,1,0,0,0,1,0,0,0,0,1,NA,NA,NA,NA,NA,NA,NA,NA,NA,NA,NA,NA,NA,NA,NA,NA,NA,NA,NA,NA,NA,NA,NA,NA,NA,NA,NA,"2",5,NA,3,3,1,"1","0",NA,"Eagle Pass",2,2,1,1,1,1,0,1,2,2,5,5,3,3,4,5,4,5,1,1,1,1,"71",4,"","","1",3,NA,2,NA,4,4,4,5,5,4,5,3,5,5,4,5,NA,5,2,NA,NA,4,4,5,5,4,1,NA,NA,NA,NA,NA,NA,NA,NA,"yes"
"728",74,16,"voluntary","no","female",1,5,5,1,1,1,NA,NA,NA,NA,NA,NA,NA,NA,NA,NA,NA,NA,NA,NA,NA,NA,NA,NA,NA,NA,NA,NA,NA,NA,NA,NA,NA,NA,NA,NA,NA,NA,NA,NA,NA,NA,NA,NA,NA,NA,NA,NA,NA,NA,NA,NA,NA,NA,NA,NA,NA,NA,NA,NA,NA,NA,NA,NA,NA,NA,NA,NA,NA,"",5,5,5,5,5,"","",NA,"",NA,NA,NA,NA,NA,NA,NA,NA,NA,2,5,4,1,2,2,2,3,5,1,1,3,1,"74",1,"","1","2",3,2,2,1,1,5,3,5,1,1,1,5,1,1,5,5,2,5,1,NA,NA,NA,NA,NA,NA,NA,NA,NA,NA,NA,NA,NA,NA,NA,NA,"yes"
"729",55,12,"voluntary","yes","male",NA,5,5,2,1,5,1,NA,4,16,NA,NA,0,0,0,0,0,1,0,0,0,0,0,0,0,0,0,0,0,0,0,0,0,0,0,0,0,0,0,1,0,1,NA,NA,NA,NA,NA,NA,NA,NA,NA,NA,NA,NA,NA,NA,NA,NA,NA,NA,NA,NA,NA,NA,NA,NA,NA,NA,NA,"1",5,5,5,4,4,"2","N/A",NA,"Laredo, Tx.",2,2,1,1,1,1,1,1,1,2,3,5,2,2,2,2,2,5,1,1,1,2,"55",1,"1","","",2,7,1,1,1,4,3,4,3,2,4,5,3,4,4,2,1,4,2,2,2,3,3,3,3,2,1,NA,NA,NA,NA,NA,NA,NA,NA,"yes"
"730",43,16,"mandatory","no","male",1,1,1,3,1,1,NA,NA,NA,NA,NA,NA,NA,NA,NA,NA,NA,NA,NA,NA,NA,NA,NA,NA,NA,NA,NA,NA,NA,NA,NA,NA,NA,NA,NA,NA,NA,NA,NA,NA,NA,NA,NA,NA,NA,NA,NA,NA,NA,NA,NA,NA,NA,NA,NA,NA,NA,NA,NA,NA,NA,NA,NA,NA,NA,NA,NA,NA,NA,"",1,1,1,1,1,"","",NA,"",NA,NA,NA,NA,NA,NA,NA,NA,NA,2,2,2,2,2,3,1,2,4,1,3,2,2,"43",3,"3","","",3,2,1,5,1,2,3,4,3,2,2,1,1,1,1,4,1,4,1,NA,NA,NA,NA,NA,NA,NA,NA,NA,NA,NA,NA,NA,NA,NA,NA,"no"
"731",39,21,"voluntary","no","male",1,2,1,3,1,1,NA,NA,NA,NA,NA,NA,NA,NA,NA,NA,NA,NA,NA,NA,NA,NA,NA,NA,NA,NA,NA,NA,NA,NA,NA,NA,NA,NA,NA,NA,NA,NA,NA,NA,NA,NA,NA,NA,NA,NA,NA,NA,NA,NA,NA,NA,NA,NA,NA,NA,NA,NA,NA,NA,NA,NA,NA,NA,NA,NA,NA,NA,NA,"",5,3,1,3,1,"","",NA,"",NA,NA,NA,NA,NA,NA,NA,NA,NA,2,1,1,1,1,1,1,3,3,1,1,3,2,"39",1,"2","2","",5,8,1,1,1,1,1,1,1,1,1,5,5,1,1,1,2,4,1,NA,NA,NA,NA,NA,NA,NA,NA,NA,NA,NA,NA,NA,NA,NA,NA,"yes"
"732",53,16,"voluntary","yes","female",1,5,3,3,2,4,1,NA,4,12,NA,NA,0,0,0,0,0,0,0,0,0,0,0,0,0,0,0,0,1,0,0,0,1,0,0,0,0,0,0,1,0,1,NA,NA,NA,NA,NA,NA,NA,NA,NA,NA,NA,NA,NA,NA,NA,NA,NA,NA,NA,NA,NA,NA,NA,NA,NA,NA,NA,"3",3,4,4,3,3,"3","0",NA,"Eagle Pass, Tx.",2,2,1,1,1,1,1,1,2,1,4,3,3,1,4,4,4,5,2,1,3,3,"53",1,"5","4","",3,NA,2,1,2,5,3,5,4,3,3,4,4,5,5,3,2,5,2,6,4,5,5,6,5,6,2,1,1,1,0,0,1,1,0,"yes"
"733",68,21,"voluntary","yes","male",1,4,3,4,1,4,1,NA,3,NA,NA,NA,0,0,0,0,0,0,0,0,0,0,0,0,0,0,1,0,0,0,0,0,0,0,0,0,0,0,1,0,0,1,NA,NA,NA,NA,NA,NA,NA,NA,NA,NA,NA,NA,NA,NA,NA,NA,NA,NA,NA,NA,NA,NA,NA,NA,NA,NA,NA,"1",3,1,1,3,4,"0","1",NA,"Austin",2,1,1,1,0,0,0,1,2,2,4,4,3,1,3,3,2,3,1,1,3,3,"68",1,"","","2",5,8,1,1,3,2,3,4,4,4,4,NA,3,2,4,4,2,4,2,5,4,5,5,6,6,2,1,NA,NA,NA,NA,NA,NA,NA,NA,"yes"
"734",NA,NA,"voluntary","not applicable",NA,NA,NA,NA,NA,NA,NA,NA,NA,NA,NA,NA,NA,NA,NA,NA,NA,NA,NA,NA,NA,NA,NA,NA,NA,NA,NA,NA,NA,NA,NA,NA,NA,NA,NA,NA,NA,NA,NA,NA,NA,NA,NA,NA,NA,NA,NA,NA,NA,NA,NA,NA,NA,NA,NA,NA,NA,NA,NA,NA,NA,NA,NA,NA,NA,NA,NA,NA,NA,NA,"",NA,NA,NA,NA,NA,"","",NA,"",NA,NA,NA,NA,NA,NA,NA,NA,NA,NA,NA,NA,NA,NA,NA,NA,NA,NA,NA,NA,NA,NA,"",NA,"","","",NA,NA,NA,NA,NA,NA,NA,NA,NA,NA,NA,NA,NA,NA,NA,NA,NA,NA,3,NA,NA,NA,NA,NA,NA,NA,NA,NA,NA,NA,NA,NA,NA,NA,NA,"yes"
"735",62,16,"voluntary","no","male",1,2,4,4,1,2,NA,NA,NA,NA,NA,NA,NA,NA,NA,NA,NA,NA,NA,NA,NA,NA,NA,NA,NA,NA,NA,NA,NA,NA,NA,NA,NA,NA,NA,NA,NA,NA,NA,NA,NA,NA,NA,NA,NA,NA,NA,NA,NA,NA,NA,NA,NA,NA,NA,NA,NA,NA,NA,NA,NA,NA,NA,NA,NA,NA,NA,NA,NA,"",1,2,2,1,2,"","",NA,"",NA,NA,NA,NA,NA,NA,NA,NA,NA,2,1,2,1,1,2,1,1,3,1,1,3,2,"62",1,"","2","",3,8,1,5,1,1,5,5,1,1,1,1,5,2,1,1,NA,4,1,NA,NA,NA,NA,NA,NA,NA,NA,NA,NA,NA,NA,NA,NA,NA,NA,"yes"
"736",66,16,"voluntary","yes","female",1,4,4,4,3,4,1,NA,5,8,NA,NA,0,0,0,0,0,0,0,0,0,0,0,0,0,0,1,0,0,0,0,0,0,0,0,0,0,0,0,1,0,1,NA,NA,NA,NA,NA,NA,NA,NA,NA,NA,NA,NA,NA,NA,NA,NA,NA,NA,NA,NA,NA,NA,NA,NA,NA,NA,NA,"1",4,4,4,3,4,"2","0",1,"Weatherford TX",2,1,1,1,1,1,1,1,2,2,4,4,3,3,4,3,5,5,1,1,3,2,"66",1,"","1","2",3,4,2,1,3,1,3,5,5,5,4,4,3,2,2,1,2,5,2,1,1,6,4,1,1,4,1,NA,NA,NA,NA,NA,NA,NA,NA,"yes"
"737",65,16,"voluntary","yes","female",2,3,2,NA,3,4,1,NA,4,16,NA,NA,0,0,0,0,0,0,0,0,0,0,0,0,0,0,1,0,0,0,0,0,0,0,0,0,0,0,1,1,0,1,NA,NA,NA,NA,NA,NA,NA,NA,NA,NA,NA,NA,NA,NA,NA,NA,NA,NA,NA,NA,NA,NA,NA,NA,NA,NA,NA,"1",3,NA,NA,4,3,"2","0",NA,"Mathis, Tx.",2,1,1,0,1,1,1,2,2,2,5,5,5,2,5,5,5,5,1,1,3,2,"65",1,"","2","",3,1,2,5,5,5,5,5,5,4,5,4,2,5,5,5,1,5,2,5,3,3,4,6,5,5,2,1,1,0,0,0,1,0,0,"yes"
"738",29,21,"voluntary","yes","male",1,4,2,4,3,3,1,NA,4,14,NA,NA,0,0,0,0,0,0,0,0,0,0,0,0,0,0,1,0,0,0,0,0,0,0,0,1,0,0,0,1,0,1,NA,NA,NA,NA,NA,NA,NA,NA,NA,NA,NA,NA,NA,NA,NA,NA,NA,NA,NA,NA,NA,NA,NA,NA,NA,NA,NA,"1",3,3,4,3,4,"1","0",NA,"New Orleans",2,2,1,NA,NA,NA,NA,1,2,2,5,2,2,3,2,3,4,4,1,2,2,2,"29",2,"0","1","0",5,2,1,1,1,1,1,1,5,4,5,2,1,1,2,2,2,4,2,1,1,2,3,1,4,5,1,NA,NA,NA,NA,NA,NA,NA,NA,"yes"
"739",56,16,"voluntary","no","male",NA,5,4,5,NA,NA,NA,NA,NA,NA,NA,NA,NA,NA,NA,NA,NA,NA,NA,NA,NA,NA,NA,NA,NA,NA,NA,NA,NA,NA,NA,NA,NA,NA,NA,NA,NA,NA,NA,NA,NA,NA,NA,NA,NA,NA,NA,NA,NA,NA,NA,NA,NA,NA,NA,NA,NA,NA,NA,NA,NA,NA,NA,NA,NA,NA,NA,NA,NA,"",5,NA,5,5,5,"","",NA,"",NA,NA,NA,NA,NA,NA,NA,NA,NA,1,5,2,1,1,2,1,2,4,1,2,3,NA,"56",3,"","1","",3,3,1,1,1,2,3,5,1,NA,3,4,1,4,4,5,2,4,1,NA,NA,NA,NA,NA,NA,NA,NA,NA,NA,NA,NA,NA,NA,NA,NA,"yes"
"740",28,16,"voluntary","yes","female",3,5,5,5,5,5,1,NA,4,16,NA,NA,0,0,0,0,0,0,0,0,0,0,0,0,0,0,1,0,0,0,0,0,0,0,0,1,0,0,0,0,0,2,1,5,4,5,NA,NA,NA,NA,NA,NA,NA,NA,NA,NA,NA,1,NA,NA,NA,NA,NA,NA,NA,NA,NA,NA,NA,"1",1,1,1,1,1,"1","0",NA,"New Branfuels",1,1,1,1,1,1,1,1,1,1,3,5,4,4,4,4,5,5,1,2,3,2,"28",2,"1","","",3,2,2,1,5,5,5,5,5,3,5,4,4,5,5,5,1,5,2,3,2,2,2,1,1,1,1,NA,NA,NA,NA,NA,NA,NA,NA,"yes"
"741",53,18,"voluntary","yes","male",1,2,5,3,1,2,1,NA,5,11,NA,NA,0,0,0,0,0,0,0,0,0,0,0,0,0,0,1,0,1,1,0,0,0,0,0,0,0,0,0,1,0,1,NA,NA,NA,NA,NA,NA,NA,NA,NA,NA,NA,NA,NA,NA,NA,NA,NA,NA,NA,NA,NA,NA,NA,NA,NA,NA,NA,"3",5,5,5,5,5,"4","0",NA,"Lago Vista, TX",2,1,1,1,1,0,0,1,1,2,5,5,4,3,4,4,2,5,1,1,3,3,"53",1,"1","3","",4,8,1,1,1,1,3,5,1,5,1,5,5,1,1,1,2,4,2,4,1,2,5,6,6,2,2,1,0,0,0,1,0,0,0,"yes"
"742",51,21,"voluntary","no","male",1,3,3,4,1,1,NA,NA,NA,NA,NA,NA,NA,NA,NA,NA,NA,NA,NA,NA,NA,NA,NA,NA,NA,NA,NA,NA,NA,NA,NA,NA,NA,NA,NA,NA,NA,NA,NA,NA,NA,NA,NA,NA,NA,NA,NA,NA,NA,NA,NA,NA,NA,NA,NA,NA,NA,NA,NA,NA,NA,NA,NA,NA,NA,NA,NA,NA,NA,"",5,1,1,3,3,"","",NA,"",NA,NA,NA,NA,NA,NA,NA,NA,NA,2,1,3,3,3,1,1,3,5,1,1,2,2,"51",1,"2","","",5,8,1,1,1,1,1,3,1,1,5,1,1,5,5,3,1,5,1,NA,NA,NA,NA,NA,NA,NA,NA,NA,NA,NA,NA,NA,NA,NA,NA,"yes"
"743",75,21,"voluntary","yes","male",1,2,2,2,1,2,1,NA,4,NA,NA,NA,0,0,0,0,0,0,0,0,0,0,0,0,0,0,1,0,0,0,0,0,0,0,0,0,0,0,0,1,0,1,NA,NA,NA,NA,NA,NA,NA,NA,NA,NA,NA,NA,NA,NA,NA,NA,NA,NA,NA,NA,NA,NA,NA,NA,NA,NA,NA,"1",3,1,3,3,3,"2","0",NA,"Austin, Tx.",2,1,1,1,1,0,1,1,1,2,NA,2,4,1,3,2,2,4,1,1,2,NA,"75",1,"3","","",5,5,1,1,2,2,4,4,2,4,4,4,4,4,2,4,2,4,2,5,4,3,4,1,1,3,1,NA,NA,NA,NA,NA,NA,NA,NA,"yes"
"744",35,16,"voluntary","yes","male",1,4,4,1,1,4,1,NA,3,18,NA,NA,0,0,0,0,0,0,0,0,0,0,0,0,0,0,0,0,0,1,0,0,0,0,0,0,1,0,0,0,0,1,NA,NA,NA,NA,NA,NA,NA,NA,NA,NA,NA,NA,NA,NA,NA,NA,NA,NA,NA,NA,NA,NA,NA,NA,NA,NA,NA,"2",5,4,4,5,4,"2","0",NA,"Orange Grove",1,2,1,1,1,1,0,1,1,2,4,5,3,4,3,2,1,5,1,1,2,1,"35",2,"0","1","1",3,1,1,1,4,2,4,5,3,4,5,1,5,5,5,5,2,4,2,1,1,6,4,6,5,1,1,NA,NA,NA,NA,NA,NA,NA,NA,"yes"
"745",56,18,"voluntary","no","female",NA,5,5,5,5,5,NA,NA,NA,NA,NA,NA,NA,NA,NA,NA,NA,NA,NA,NA,NA,NA,NA,NA,NA,NA,NA,NA,NA,NA,NA,NA,NA,NA,NA,NA,NA,NA,NA,NA,NA,NA,NA,NA,NA,NA,NA,NA,NA,NA,NA,NA,NA,NA,NA,NA,NA,NA,NA,NA,NA,NA,NA,NA,NA,NA,NA,NA,NA,"",5,5,5,5,5,"","",NA,"",NA,NA,NA,NA,NA,NA,NA,NA,NA,2,3,3,1,1,3,1,5,5,1,2,2,2,"56",2,"","2","",4,3,2,3,5,5,5,5,5,5,5,3,3,5,5,5,2,4,1,NA,NA,NA,NA,NA,NA,NA,NA,NA,NA,NA,NA,NA,NA,NA,NA,"yes"
"746",82,12,"voluntary","yes","male",1,3,3,1,1,1,1,NA,3,9,NA,NA,0,1,0,0,0,1,0,0,0,0,0,0,0,0,0,0,1,0,0,0,0,0,0,0,0,1,0,0,0,1,NA,NA,NA,NA,NA,NA,NA,NA,NA,NA,NA,NA,NA,NA,NA,NA,NA,NA,NA,NA,NA,NA,NA,NA,NA,NA,NA,"1",3,2,2,2,3,"2","0",NA,"Uvalde",2,2,1,1,1,1,0,1,1,2,4,4,1,2,2,2,1,4,1,1,3,2,"82",1,"","","2",2,4,1,1,1,1,1,1,1,1,3,3,3,2,1,1,2,4,2,1,1,1,4,6,4,1,2,1,1,0,0,1,0,0,0,"yes"
"747",70,16,"voluntary","no","male",4,4,4,1,1,1,NA,NA,NA,NA,NA,NA,NA,NA,NA,NA,NA,NA,NA,NA,NA,NA,NA,NA,NA,NA,NA,NA,NA,NA,NA,NA,NA,NA,NA,NA,NA,NA,NA,NA,NA,NA,NA,NA,NA,NA,NA,NA,NA,NA,NA,NA,NA,NA,NA,NA,NA,NA,NA,NA,NA,NA,NA,NA,NA,NA,NA,NA,NA,"",5,5,5,2,3,"","",NA,"",NA,NA,NA,NA,NA,NA,NA,NA,NA,2,2,3,1,1,2,1,1,3,1,2,3,1,"70",1,"0","0","2",3,8,1,1,2,1,2,3,2,2,3,2,2,3,3,1,2,4,1,NA,NA,NA,NA,NA,NA,NA,NA,NA,NA,NA,NA,NA,NA,NA,NA,"yes"
"748",66,16,"voluntary","no","male",1,5,5,2,1,3,NA,NA,NA,NA,NA,NA,NA,NA,NA,NA,NA,NA,NA,NA,NA,NA,NA,NA,NA,NA,NA,NA,NA,NA,NA,NA,NA,NA,NA,NA,NA,NA,NA,NA,NA,NA,NA,NA,NA,NA,NA,NA,NA,NA,NA,NA,NA,NA,NA,NA,NA,NA,NA,NA,NA,NA,NA,NA,NA,NA,NA,NA,NA,"",5,1,1,5,5,"","",NA,"",NA,NA,NA,NA,NA,NA,NA,NA,NA,2,1,1,1,1,1,1,1,1,1,1,3,2,"66",2,"","","",3,3,1,1,1,1,1,5,1,1,1,1,2,5,5,1,2,4,1,NA,NA,NA,NA,NA,NA,NA,NA,NA,NA,NA,NA,NA,NA,NA,NA,"yes"
"749",NA,NA,"voluntary","no",NA,NA,NA,NA,NA,NA,NA,NA,NA,NA,NA,NA,NA,NA,NA,NA,NA,NA,NA,NA,NA,NA,NA,NA,NA,NA,NA,NA,NA,NA,NA,NA,NA,NA,NA,NA,NA,NA,NA,NA,NA,NA,NA,NA,NA,NA,NA,NA,NA,NA,NA,NA,NA,NA,NA,NA,NA,NA,NA,NA,NA,NA,NA,NA,NA,NA,NA,NA,NA,NA,"",NA,NA,NA,NA,NA,"","",NA,"",NA,NA,NA,NA,NA,NA,NA,NA,NA,2,NA,NA,NA,NA,NA,NA,NA,NA,1,1,NA,NA,"",NA,"","","",NA,NA,NA,NA,NA,NA,NA,NA,NA,NA,NA,NA,NA,NA,NA,NA,NA,NA,1,NA,NA,NA,NA,NA,NA,NA,NA,NA,NA,NA,NA,NA,NA,NA,NA,"yes"
"750",73,21,"voluntary","yes","male",1,3,3,1,1,2,1,NA,NA,NA,NA,NA,0,0,0,0,0,0,0,0,0,0,0,0,0,0,1,0,0,0,0,0,0,0,0,0,0,1,0,0,0,1,NA,NA,NA,NA,NA,NA,NA,NA,NA,NA,NA,NA,NA,NA,NA,NA,NA,NA,NA,NA,NA,NA,NA,NA,NA,NA,NA,"1",5,3,3,NA,2,"2","0",NA,"Family",2,1,1,1,1,0,0,1,1,NA,5,5,1,5,NA,1,1,5,1,2,2,2,"73",1,"","","1",5,8,1,1,1,1,1,5,1,1,1,5,5,1,1,1,2,4,2,1,1,1,2,2,1,1,1,NA,NA,NA,NA,NA,NA,NA,NA,"yes"
"751",NA,NA,"voluntary","not applicable",NA,NA,NA,NA,NA,NA,NA,NA,NA,NA,NA,NA,NA,NA,NA,NA,NA,NA,NA,NA,NA,NA,NA,NA,NA,NA,NA,NA,NA,NA,NA,NA,NA,NA,NA,NA,NA,NA,NA,NA,NA,NA,NA,NA,NA,NA,NA,NA,NA,NA,NA,NA,NA,NA,NA,NA,NA,NA,NA,NA,NA,NA,NA,NA,NA,NA,NA,NA,NA,NA,"",NA,NA,NA,NA,NA,"","",NA,"",NA,NA,NA,NA,NA,NA,NA,NA,NA,NA,NA,NA,NA,NA,NA,NA,NA,NA,NA,NA,NA,NA,"",NA,"","","",NA,NA,NA,NA,NA,NA,NA,NA,NA,NA,NA,NA,NA,NA,NA,NA,NA,NA,NA,NA,NA,NA,NA,NA,NA,NA,NA,NA,NA,NA,NA,NA,NA,NA,NA,"yes"
"752",61,18,"voluntary","no","female",1,3,3,1,1,2,NA,NA,NA,NA,NA,NA,NA,NA,NA,NA,NA,NA,NA,NA,NA,NA,NA,NA,NA,NA,NA,NA,NA,NA,NA,NA,NA,NA,NA,NA,NA,NA,NA,NA,NA,NA,NA,NA,NA,NA,NA,NA,NA,NA,NA,NA,NA,NA,NA,NA,NA,NA,NA,NA,NA,NA,NA,NA,NA,NA,NA,NA,NA,"",5,NA,NA,5,5,"","",NA,"",NA,NA,NA,NA,NA,NA,NA,NA,NA,2,5,NA,NA,NA,NA,NA,NA,NA,1,2,3,2,"61",1,"","2","",4,2,2,1,1,1,4,4,1,3,3,3,3,1,5,3,1,5,1,NA,NA,NA,NA,NA,NA,NA,NA,NA,NA,NA,NA,NA,NA,NA,NA,"yes"
"753",47,18,"voluntary","yes","female",NA,5,5,5,5,5,1,NA,4,10,NA,NA,0,1,0,0,0,0,0,0,0,0,0,0,0,0,1,0,0,0,0,0,0,0,0,0,0,0,0,1,0,1,NA,NA,NA,NA,NA,NA,NA,NA,NA,NA,NA,NA,NA,NA,NA,NA,NA,NA,NA,NA,NA,NA,NA,NA,NA,NA,NA,"1",5,5,5,5,5,"3","0",NA,"McAllen, TX",2,2,1,1,0,0,0,NA,2,1,5,4,3,NA,4,NA,4,5,1,1,2,NA,"47",3,"","2","1",4,3,2,1,5,5,5,5,5,2,NA,4,NA,2,2,5,2,4,2,4,3,4,4,NA,6,3,2,1,1,1,0,1,1,0,0,"yes"
"754",36,18,"voluntary","no","female",2,2,3,5,2,2,NA,NA,NA,NA,NA,NA,NA,NA,NA,NA,NA,NA,NA,NA,NA,NA,NA,NA,NA,NA,NA,NA,NA,NA,NA,NA,NA,NA,NA,NA,NA,NA,NA,NA,NA,NA,NA,NA,NA,NA,NA,NA,NA,NA,NA,NA,NA,NA,NA,NA,NA,NA,NA,NA,NA,NA,NA,NA,NA,NA,NA,NA,NA,"",3,1,1,3,3,"","",NA,"",NA,NA,NA,NA,NA,NA,NA,NA,NA,2,3,3,2,2,3,3,3,5,1,1,1,1,"36",1,"1","2","",4,8,2,1,3,2,2,4,3,3,3,1,1,5,5,2,2,5,1,NA,NA,NA,NA,NA,NA,NA,NA,NA,NA,NA,NA,NA,NA,NA,NA,"yes"
"755",70,21,"mandatory","yes","male",1,4,3,1,1,1,0,1,5,6,NA,NA,0,0,0,0,0,0,0,0,0,0,0,0,0,0,1,0,0,0,0,0,0,0,0,0,0,0,0,1,0,1,NA,NA,NA,NA,NA,NA,NA,NA,NA,NA,NA,NA,NA,NA,NA,NA,NA,NA,NA,NA,NA,NA,NA,NA,NA,NA,NA,"1",5,5,5,5,5,"1","0",NA,"Georgetown, TX",2,NA,1,1,1,0,0,2,1,2,2,4,1,2,4,3,3,5,1,3,3,1,"70",1,"","","2",5,3,1,1,1,1,3,4,1,2,3,3,3,1,2,3,2,4,2,1,1,2,6,6,6,4,2,1,0,1,0,1,1,0,1,"yes"
"756",57,21,"voluntary","no","female",4,4,2,2,1,2,NA,NA,NA,NA,NA,NA,NA,NA,NA,NA,NA,NA,NA,NA,NA,NA,NA,NA,NA,NA,NA,NA,NA,NA,NA,NA,NA,NA,NA,NA,NA,NA,NA,NA,NA,NA,NA,NA,NA,NA,NA,NA,NA,NA,NA,NA,NA,NA,NA,NA,NA,NA,NA,NA,NA,NA,NA,NA,NA,NA,NA,NA,NA,"",5,5,5,5,5,"","",NA,"",NA,NA,NA,NA,NA,NA,NA,NA,NA,2,3,3,3,3,3,3,3,3,1,1,3,3,"57",1,"","2","",5,7,2,1,3,3,3,4,3,3,3,3,4,4,4,3,2,5,1,NA,NA,NA,NA,NA,NA,NA,NA,NA,NA,NA,NA,NA,NA,NA,NA,"yes"
"757",62,18,"voluntary","yes","female",1,5,5,2,1,5,1,NA,3,10,NA,NA,0,0,0,0,1,0,0,0,0,0,0,0,0,0,0,0,0,0,0,0,0,0,0,0,0,0,0,1,0,1,NA,NA,NA,NA,NA,NA,NA,NA,NA,NA,NA,NA,NA,NA,NA,NA,NA,NA,NA,NA,NA,NA,NA,NA,NA,NA,NA,"2",5,1,2,5,5,"2","0",NA,"McAllen, TX",2,2,1,1,1,1,1,1,1,2,3,4,1,4,4,4,4,5,1,1,3,3,"62",1,"1","2","",4,7,2,1,5,5,4,4,5,5,5,5,2,5,5,5,1,5,2,1,1,5,5,6,4,4,1,NA,NA,NA,NA,NA,NA,NA,NA,"yes"
"758",NA,10,"mandatory","no","female",5,5,5,5,5,5,NA,NA,NA,NA,NA,NA,NA,NA,NA,NA,NA,NA,NA,NA,NA,NA,NA,NA,NA,NA,NA,NA,NA,NA,NA,NA,NA,NA,NA,NA,NA,NA,NA,NA,NA,NA,NA,NA,NA,NA,NA,NA,NA,NA,NA,NA,NA,NA,NA,NA,NA,NA,NA,NA,NA,NA,NA,NA,NA,NA,NA,NA,NA,"",5,1,1,5,5,"","",NA,"",NA,NA,NA,NA,NA,NA,NA,NA,NA,2,5,5,3,3,3,3,3,3,1,3,2,2,"",1,"1","2","",1,2,2,1,1,3,3,3,5,5,5,3,1,1,5,3,2,5,1,NA,NA,NA,NA,NA,NA,NA,NA,NA,NA,NA,NA,NA,NA,NA,NA,"yes"
"759",54,18,"voluntary","no","female",1,2,2,2,3,1,NA,NA,NA,NA,NA,NA,NA,NA,NA,NA,NA,NA,NA,NA,NA,NA,NA,NA,NA,NA,NA,NA,NA,NA,NA,NA,NA,NA,NA,NA,NA,NA,NA,NA,NA,NA,NA,NA,NA,NA,NA,NA,NA,NA,NA,NA,NA,NA,NA,NA,NA,NA,NA,NA,NA,NA,NA,NA,NA,NA,NA,NA,NA,"",3,3,3,3,3,"","",NA,"",NA,NA,NA,NA,NA,NA,NA,NA,NA,2,2,5,4,4,4,4,4,5,1,2,3,3,"54",1,"","5","",4,8,2,5,5,5,5,5,5,5,5,5,5,5,5,5,1,5,1,NA,NA,NA,NA,NA,NA,NA,NA,NA,NA,NA,NA,NA,NA,NA,NA,"yes"
"760",62,18,"voluntary","no","male",1,5,5,3,1,2,NA,NA,NA,NA,NA,NA,NA,NA,NA,NA,NA,NA,NA,NA,NA,NA,NA,NA,NA,NA,NA,NA,NA,NA,NA,NA,NA,NA,NA,NA,NA,NA,NA,NA,NA,NA,NA,NA,NA,NA,NA,NA,NA,NA,NA,NA,NA,NA,NA,NA,NA,NA,NA,NA,NA,NA,NA,NA,NA,NA,NA,NA,NA,"",5,5,5,5,5,"","",NA,"",NA,NA,NA,NA,NA,NA,NA,NA,NA,2,2,2,1,1,NA,1,1,5,1,1,2,NA,"62",1,"","5","",4,8,1,1,NA,2,2,5,2,3,1,4,4,2,4,4,1,5,1,NA,NA,NA,NA,NA,NA,NA,NA,NA,NA,NA,NA,NA,NA,NA,NA,"yes"
"761",70,16,"voluntary","no","female",NA,5,5,NA,NA,NA,NA,NA,NA,NA,NA,NA,NA,NA,NA,NA,NA,NA,NA,NA,NA,NA,NA,NA,NA,NA,NA,NA,NA,NA,NA,NA,NA,NA,NA,NA,NA,NA,NA,NA,NA,NA,NA,NA,NA,NA,NA,NA,NA,NA,NA,NA,NA,NA,NA,NA,NA,NA,NA,NA,NA,NA,NA,NA,NA,NA,NA,NA,NA,"",5,NA,NA,NA,NA,"","",NA,"",NA,NA,NA,NA,NA,NA,NA,NA,NA,2,NA,5,NA,NA,4,1,1,5,1,1,1,NA,"70",1,"1","1","2",3,5,2,2,1,1,3,5,4,3,NA,3,3,3,5,5,2,4,1,NA,NA,NA,NA,NA,NA,NA,NA,NA,NA,NA,NA,NA,NA,NA,NA,"yes"
"762",56,18,"voluntary","no","male",1,3,3,1,1,1,NA,NA,NA,NA,NA,NA,NA,NA,NA,NA,NA,NA,NA,NA,NA,NA,NA,NA,NA,NA,NA,NA,NA,NA,NA,NA,NA,NA,NA,NA,NA,NA,NA,NA,NA,NA,NA,NA,NA,NA,NA,NA,NA,NA,NA,NA,NA,NA,NA,NA,NA,NA,NA,NA,NA,NA,NA,NA,NA,NA,NA,NA,NA,"",5,5,5,5,5,"","",NA,"",NA,NA,NA,NA,NA,NA,NA,NA,NA,1,4,5,1,1,3,1,1,5,1,2,2,2,"56",4,"","","",4,4,1,1,1,5,1,5,1,1,1,1,2,5,5,1,2,4,1,NA,NA,NA,NA,NA,NA,NA,NA,NA,NA,NA,NA,NA,NA,NA,NA,"no"
"763",58,18,"voluntary","no","male",1,2,2,5,1,1,NA,NA,NA,NA,NA,NA,NA,NA,NA,NA,NA,NA,NA,NA,NA,NA,NA,NA,NA,NA,NA,NA,NA,NA,NA,NA,NA,NA,NA,NA,NA,NA,NA,NA,NA,NA,NA,NA,NA,NA,NA,NA,NA,NA,NA,NA,NA,NA,NA,NA,NA,NA,NA,NA,NA,NA,NA,NA,NA,NA,NA,NA,NA,"",5,5,5,5,5,"","",NA,"",NA,NA,NA,NA,NA,NA,NA,NA,NA,2,3,3,1,1,1,1,1,5,1,1,3,3,"58",1,"0","5","",4,8,1,1,3,1,2,4,3,3,3,5,3,2,3,2,2,4,1,NA,NA,NA,NA,NA,NA,NA,NA,NA,NA,NA,NA,NA,NA,NA,NA,"yes"
"764",64,16,"voluntary","no","female",3,3,3,3,3,2,NA,NA,NA,NA,NA,NA,NA,NA,NA,NA,NA,NA,NA,NA,NA,NA,NA,NA,NA,NA,NA,NA,NA,NA,NA,NA,NA,NA,NA,NA,NA,NA,NA,NA,NA,NA,NA,NA,NA,NA,NA,NA,NA,NA,NA,NA,NA,NA,NA,NA,NA,NA,NA,NA,NA,NA,NA,NA,NA,NA,NA,NA,NA,"",4,4,4,4,4,"","",NA,"",NA,NA,NA,NA,NA,NA,NA,NA,NA,2,4,4,1,1,3,1,1,3,1,1,1,1,"64",1,"1","3","",3,4,2,1,1,1,1,1,1,1,1,4,4,1,1,4,1,4,1,NA,NA,NA,NA,NA,NA,NA,NA,NA,NA,NA,NA,NA,NA,NA,NA,"yes"
"765",60,16,"voluntary","yes","male",4,4,4,3,1,3,0,1,4,10,NA,NA,0,0,0,0,0,0,0,0,0,0,0,0,0,0,1,0,0,0,0,0,0,0,0,0,0,0,1,1,0,1,NA,NA,NA,NA,NA,NA,NA,NA,NA,NA,NA,NA,NA,NA,NA,NA,NA,NA,NA,NA,NA,NA,NA,NA,NA,NA,NA,"1",5,4,4,5,4,"2","",NA,"Laredo",2,2,1,1,1,1,1,1,1,2,5,5,3,3,4,4,4,5,1,1,3,2,"60",1,"","2","",3,8,1,1,2,1,3,5,3,3,4,4,4,5,5,2,1,4,2,5,3,2,6,6,6,6,1,NA,NA,NA,NA,NA,NA,NA,NA,"yes"
"766",77,21,"voluntary","no","male",1,4,3,5,2,2,NA,NA,NA,NA,NA,NA,NA,NA,NA,NA,NA,NA,NA,NA,NA,NA,NA,NA,NA,NA,NA,NA,NA,NA,NA,NA,NA,NA,NA,NA,NA,NA,NA,NA,NA,NA,NA,NA,NA,NA,NA,NA,NA,NA,NA,NA,NA,NA,NA,NA,NA,NA,NA,NA,NA,NA,NA,NA,NA,NA,NA,NA,NA,"",5,5,5,5,5,"","",NA,"",NA,NA,NA,NA,NA,NA,NA,NA,NA,2,5,5,1,1,3,3,3,5,1,1,3,2,"77",1,"","","2",5,5,1,1,5,2,4,5,3,5,4,5,2,5,5,3,1,5,1,NA,NA,NA,NA,NA,NA,NA,NA,NA,NA,NA,NA,NA,NA,NA,NA,"no"
"767",67,18,"voluntary","no","male",3,5,5,4,1,3,NA,NA,NA,NA,NA,NA,NA,NA,NA,NA,NA,NA,NA,NA,NA,NA,NA,NA,NA,NA,NA,NA,NA,NA,NA,NA,NA,NA,NA,NA,NA,NA,NA,NA,NA,NA,NA,NA,NA,NA,NA,NA,NA,NA,NA,NA,NA,NA,NA,NA,NA,NA,NA,NA,NA,NA,NA,NA,NA,NA,NA,NA,NA,"",5,2,3,5,3,"","",NA,"",NA,NA,NA,NA,NA,NA,NA,NA,NA,2,4,4,2,2,2,1,1,4,1,2,2,1,"67",3,"","1","1",4,4,1,1,2,1,4,5,2,2,2,3,4,3,4,4,2,4,1,NA,NA,NA,NA,NA,NA,NA,NA,NA,NA,NA,NA,NA,NA,NA,NA,"yes"
"768",68,16,"voluntary","no","male",NA,2,NA,NA,NA,NA,NA,NA,NA,NA,NA,NA,NA,NA,NA,NA,NA,NA,NA,NA,NA,NA,NA,NA,NA,NA,NA,NA,NA,NA,NA,NA,NA,NA,NA,NA,NA,NA,NA,NA,NA,NA,NA,NA,NA,NA,NA,NA,NA,NA,NA,NA,NA,NA,NA,NA,NA,NA,NA,NA,NA,NA,NA,NA,NA,NA,NA,NA,NA,"",5,NA,NA,NA,NA,"","",NA,"",NA,NA,NA,NA,NA,NA,NA,NA,NA,2,NA,NA,3,NA,NA,NA,NA,NA,1,1,2,NA,"68",4,"","1","",3,2,1,1,NA,NA,NA,NA,NA,NA,NA,5,NA,NA,NA,NA,1,5,1,NA,NA,NA,NA,NA,NA,NA,NA,NA,NA,NA,NA,NA,NA,NA,NA,"yes"
"769",65,21,"voluntary","no","female",NA,3,3,NA,NA,3,NA,NA,NA,NA,NA,NA,NA,NA,NA,NA,NA,NA,NA,NA,NA,NA,NA,NA,NA,NA,NA,NA,NA,NA,NA,NA,NA,NA,NA,NA,NA,NA,NA,NA,NA,NA,NA,NA,NA,NA,NA,NA,NA,NA,NA,NA,NA,NA,NA,NA,NA,NA,NA,NA,NA,NA,NA,NA,NA,NA,NA,NA,NA,"",5,5,4,5,5,"","",NA,"",NA,NA,NA,NA,NA,NA,NA,NA,NA,2,4,4,3,1,3,3,3,5,1,1,3,3,"65",1,"","","2",5,7,2,1,2,4,1,2,3,3,1,2,5,1,4,2,2,4,1,NA,NA,NA,NA,NA,NA,NA,NA,NA,NA,NA,NA,NA,NA,NA,NA,"yes"
"770",58,18,"voluntary","no","male",2,5,5,5,1,2,NA,NA,NA,NA,NA,NA,NA,NA,NA,NA,NA,NA,NA,NA,NA,NA,NA,NA,NA,NA,NA,NA,NA,NA,NA,NA,NA,NA,NA,NA,NA,NA,NA,NA,NA,NA,NA,NA,NA,NA,NA,NA,NA,NA,NA,NA,NA,NA,NA,NA,NA,NA,NA,NA,NA,NA,NA,NA,NA,NA,NA,NA,NA,"",5,2,3,3,3,"","",NA,"",NA,NA,NA,NA,NA,NA,NA,NA,NA,2,4,3,1,2,2,2,4,5,1,1,3,1,"58",1,"0","1","1",4,7,1,1,2,1,1,1,2,2,2,3,1,1,2,1,2,4,1,NA,NA,NA,NA,NA,NA,NA,NA,NA,NA,NA,NA,NA,NA,NA,NA,"yes"
"771",53,21,"mandatory","yes","male",2,3,3,3,1,2,1,NA,4,16,NA,NA,0,0,0,0,0,0,0,0,0,0,0,0,0,0,1,0,0,0,0,0,0,0,0,0,0,0,0,1,0,1,NA,NA,NA,NA,NA,NA,NA,NA,NA,NA,NA,NA,NA,NA,NA,NA,NA,NA,NA,NA,NA,NA,NA,NA,NA,NA,NA,"3",5,5,5,5,5,"3","0",NA,"Dilley",2,2,1,1,1,1,1,1,1,2,5,5,1,1,3,3,3,5,1,1,3,1,"53",1,"3","8","0",5,8,1,1,1,1,1,2,3,4,5,4,1,1,2,1,2,4,2,4,2,4,5,1,3,5,1,NA,NA,NA,NA,NA,NA,NA,NA,"no"
"772",48,16,"mandatory","no","female",1,2,2,1,1,1,NA,NA,NA,NA,NA,NA,NA,NA,NA,NA,NA,NA,NA,NA,NA,NA,NA,NA,NA,NA,NA,NA,NA,NA,NA,NA,NA,NA,NA,NA,NA,NA,NA,NA,NA,NA,NA,NA,NA,NA,NA,NA,NA,NA,NA,NA,NA,NA,NA,NA,NA,NA,NA,NA,NA,NA,NA,NA,NA,NA,NA,NA,NA,"",3,1,1,3,2,"","",NA,"",NA,NA,NA,NA,NA,NA,NA,NA,NA,2,4,2,1,1,2,1,5,5,1,1,3,2,"48",1,"","2","",3,4,2,5,1,5,2,2,2,2,1,1,1,5,5,5,1,4,1,NA,NA,NA,NA,NA,NA,NA,NA,NA,NA,NA,NA,NA,NA,NA,NA,"yes"
"773",89,16,"mandatory","yes","female",4,4,4,1,1,5,1,NA,NA,NA,NA,NA,0,0,0,0,0,0,0,0,0,1,0,0,0,0,0,0,0,0,0,0,0,0,0,0,1,0,0,0,0,1,NA,NA,NA,NA,NA,NA,NA,NA,NA,NA,NA,NA,NA,NA,NA,NA,NA,NA,NA,NA,NA,NA,NA,NA,NA,NA,NA,"1",5,3,3,5,5,"1","0",1,"Goliad",NA,1,2,NA,NA,NA,NA,1,1,2,5,5,1,1,3,4,2,5,1,1,3,2,"89",4,"","","1",3,NA,2,1,3,1,1,1,5,5,5,5,4,2,4,NA,2,4,2,NA,NA,NA,NA,NA,NA,NA,1,NA,NA,NA,NA,NA,NA,NA,NA,"no"
"774",57,12,"mandatory","no","male",1,2,2,NA,NA,3,NA,NA,NA,NA,NA,NA,NA,NA,NA,NA,NA,NA,NA,NA,NA,NA,NA,NA,NA,NA,NA,NA,NA,NA,NA,NA,NA,NA,NA,NA,NA,NA,NA,NA,NA,NA,NA,NA,NA,NA,NA,NA,NA,NA,NA,NA,NA,NA,NA,NA,NA,NA,NA,NA,NA,NA,NA,NA,NA,NA,NA,NA,NA,"",2,2,2,2,2,"","",NA,"",NA,NA,NA,NA,NA,NA,NA,NA,NA,2,5,4,1,2,3,4,4,5,1,1,2,2,"57",3,"","1","",2,1,1,1,1,5,5,5,1,3,1,1,4,3,5,5,2,4,1,NA,NA,NA,NA,NA,NA,NA,NA,NA,NA,NA,NA,NA,NA,NA,NA,"no"
"775",78,16,"mandatory","no","female",1,5,5,5,5,4,NA,NA,NA,NA,NA,NA,NA,NA,NA,NA,NA,NA,NA,NA,NA,NA,NA,NA,NA,NA,NA,NA,NA,NA,NA,NA,NA,NA,NA,NA,NA,NA,NA,NA,NA,NA,NA,NA,NA,NA,NA,NA,NA,NA,NA,NA,NA,NA,NA,NA,NA,NA,NA,NA,NA,NA,NA,NA,NA,NA,NA,NA,NA,"",NA,4,4,5,5,"","",NA,"",NA,NA,NA,NA,NA,NA,NA,NA,NA,2,5,5,1,2,3,2,5,5,1,3,3,2,"78",1,"","","2",3,4,2,1,3,1,3,4,3,3,4,2,3,3,4,4,2,5,1,NA,NA,NA,NA,NA,NA,NA,NA,NA,NA,NA,NA,NA,NA,NA,NA,"no"
"776",54,16,"mandatory","no","female",1,3,3,1,3,3,NA,NA,NA,NA,NA,NA,NA,NA,NA,NA,NA,NA,NA,NA,NA,NA,NA,NA,NA,NA,NA,NA,NA,NA,NA,NA,NA,NA,NA,NA,NA,NA,NA,NA,NA,NA,NA,NA,NA,NA,NA,NA,NA,NA,NA,NA,NA,NA,NA,NA,NA,NA,NA,NA,NA,NA,NA,NA,NA,NA,NA,NA,NA,"",3,3,3,3,1,"","",NA,"",NA,NA,NA,NA,NA,NA,NA,NA,NA,1,4,4,2,3,4,1,5,5,1,2,3,2,"54",2,"1","1","",3,1,2,1,1,5,1,1,1,1,1,1,1,1,1,4,NA,5,1,NA,NA,NA,NA,NA,NA,NA,NA,NA,NA,NA,NA,NA,NA,NA,NA,"no"
"777",69,16,"mandatory","yes","female",5,5,5,5,5,4,1,NA,5,13,NA,NA,0,0,0,0,0,0,0,0,0,0,0,0,0,0,1,0,0,0,0,0,0,0,0,0,0,0,1,1,0,1,NA,NA,NA,NA,NA,NA,NA,NA,NA,NA,NA,NA,NA,NA,NA,NA,NA,NA,NA,NA,NA,NA,NA,NA,NA,NA,NA,"1",5,5,5,5,5,"3","0",NA,"Fredericksburg, TX",2,2,1,1,1,1,0,1,2,2,4,5,2,1,5,1,4,5,1,1,3,2,"69",1,"","","1",3,7,2,1,3,1,1,3,2,NA,3,2,1,4,5,2,2,4,2,1,1,3,3,6,6,2,1,NA,NA,NA,NA,NA,NA,NA,NA,"yes"
"778",44,16,"mandatory","yes","female",1,4,3,2,5,2,1,NA,4,15,NA,NA,0,1,0,0,0,0,0,0,0,0,0,0,0,0,0,0,0,0,0,1,0,0,0,0,0,1,0,1,0,2,1,1,1,1,5,NA,NA,NA,NA,NA,NA,NA,1,NA,NA,NA,NA,NA,NA,NA,NA,NA,NA,NA,NA,NA,NA,"2",4,1,2,3,4,"2","0",3,"Victoria",3,2,1,1,1,1,0,1,2,1,5,5,NA,5,5,5,5,5,1,2,3,1,"44",1,"3","4","",3,1,2,2,2,1,1,1,5,5,5,4,4,1,2,1,2,4,2,4,3,3,3,4,3,3,2,1,1,1,0,0,0,0,0,"no"
"779",33,12,"mandatory","yes","female",NA,5,5,NA,5,5,1,NA,5,8,NA,NA,0,0,0,0,1,0,0,0,0,1,0,0,0,0,0,0,1,1,0,1,0,0,0,1,0,0,0,0,0,1,NA,NA,NA,NA,NA,NA,NA,NA,NA,NA,NA,NA,NA,NA,NA,NA,NA,NA,NA,NA,NA,NA,NA,NA,NA,NA,NA,"1",5,NA,NA,5,5,"0","0",1,"Cotulla, Tx.",2,2,1,1,1,1,0,1,1,1,3,3,2,2,2,2,3,2,1,2,2,2,"33",2,"4","1","",2,1,2,1,3,2,2,3,2,4,5,2,2,1,2,3,1,5,2,1,1,4,2,2,2,2,1,NA,NA,NA,NA,NA,NA,NA,NA,"no"
"780",51,21,"mandatory","yes","female",1,5,5,5,3,1,0,2,4,18,5,6,0,0,0,0,0,0,0,0,0,0,0,0,0,0,0,0,1,0,0,0,0,0,0,0,0,0,0,1,0,1,NA,NA,NA,NA,NA,NA,NA,NA,NA,NA,NA,NA,NA,NA,NA,NA,NA,NA,NA,NA,NA,NA,NA,NA,NA,NA,NA,"3",5,5,5,5,5,"4","1",NA,"New Braunfels",2,1,1,1,1,0,0,2,1,2,4,4,2,3,3,4,2,5,1,1,3,1,"51",1,"3","2","",5,8,2,1,1,1,1,1,2,2,4,4,4,4,2,1,2,5,2,1,1,3,4,6,4,4,2,1,0,0,0,1,1,0,0,"no"
"781",38,12,"mandatory","yes","female",3,3,3,3,5,5,1,NA,NA,NA,NA,NA,0,1,0,0,0,0,0,0,0,0,0,0,0,0,1,0,1,0,0,0,0,0,0,0,1,0,0,0,0,1,NA,NA,NA,NA,NA,NA,NA,NA,NA,NA,NA,NA,NA,NA,NA,NA,NA,NA,NA,NA,NA,NA,NA,NA,NA,NA,NA,"2",5,5,5,5,5,"2","0",NA,"McAllen",1,2,1,1,1,1,1,1,2,2,5,5,5,5,5,5,5,5,1,2,3,1,"38",1,"1","1","",2,3,2,1,5,5,5,5,5,5,5,5,5,5,5,5,1,5,2,1,2,5,6,6,6,4,1,NA,NA,NA,NA,NA,NA,NA,NA,"no"
"782",28,12,"mandatory","yes","female",5,5,5,5,5,5,1,NA,4,12,NA,NA,0,0,0,0,1,0,0,0,0,0,0,0,0,0,0,0,0,0,0,0,0,0,1,0,1,0,0,1,0,1,NA,NA,NA,NA,NA,NA,NA,NA,NA,NA,NA,NA,NA,NA,NA,NA,NA,NA,NA,NA,NA,NA,NA,NA,NA,NA,NA,"1",5,5,5,5,5,"1","0",NA,"Austin, TX",2,2,1,1,1,1,0,1,1,1,5,5,5,5,5,5,5,5,1,2,3,3,"28",2,"4","1","",2,2,2,2,5,5,5,5,5,5,5,5,3,5,5,5,2,5,2,2,2,2,5,5,5,1,1,NA,NA,NA,NA,NA,NA,NA,NA,"no"
"783",69,21,"mandatory","yes","male",NA,NA,NA,3,NA,NA,1,NA,5,9,NA,NA,0,0,0,0,0,0,0,0,0,1,0,0,0,0,0,0,1,1,0,0,0,0,0,0,0,0,0,1,0,1,NA,NA,NA,NA,NA,NA,NA,NA,NA,NA,NA,NA,NA,NA,NA,NA,NA,NA,NA,NA,NA,NA,NA,NA,NA,NA,NA,"1",5,2,2,4,3,"2","0",NA,"Frio, TX",3,4,1,0,1,1,0,1,1,2,3,4,1,2,3,3,2,NA,1,1,3,NA,"69",1,"","1","",5,7,1,1,2,1,3,4,2,3,4,4,3,3,3,2,2,4,2,1,1,3,6,6,3,4,2,0,0,0,0,0,0,0,1,"no"
"784",59,12,"mandatory","no","female",1,1,1,1,1,1,NA,NA,NA,NA,NA,NA,NA,NA,NA,NA,NA,NA,NA,NA,NA,NA,NA,NA,NA,NA,NA,NA,NA,NA,NA,NA,NA,NA,NA,NA,NA,NA,NA,NA,NA,NA,NA,NA,NA,NA,NA,NA,NA,NA,NA,NA,NA,NA,NA,NA,NA,NA,NA,NA,NA,NA,NA,NA,NA,NA,NA,NA,NA,"",4,1,1,4,3,"","",NA,"",NA,NA,NA,NA,NA,NA,NA,NA,NA,2,5,2,1,1,1,1,1,1,1,3,1,1,"59",3,"","6","",2,1,2,1,1,1,1,1,1,1,2,1,1,1,2,5,2,5,1,NA,NA,NA,NA,NA,NA,NA,NA,NA,NA,NA,NA,NA,NA,NA,NA,"no"
"785",64,21,"mandatory","no","male",1,5,2,3,1,5,NA,NA,NA,NA,NA,NA,NA,NA,NA,NA,NA,NA,NA,NA,NA,NA,NA,NA,NA,NA,NA,NA,NA,NA,NA,NA,NA,NA,NA,NA,NA,NA,NA,NA,NA,NA,NA,NA,NA,NA,NA,NA,NA,NA,NA,NA,NA,NA,NA,NA,NA,NA,NA,NA,NA,NA,NA,NA,NA,NA,NA,NA,NA,"",5,5,5,5,5,"","",NA,"",NA,NA,NA,NA,NA,NA,NA,NA,NA,2,4,2,1,1,2,1,2,3,1,1,3,1,"64",1,"","2","",5,5,1,1,3,1,4,5,2,4,3,5,4,5,5,4,2,5,1,NA,NA,NA,NA,NA,NA,NA,NA,NA,NA,NA,NA,NA,NA,NA,NA,"no"
"786",58,12,"mandatory","no","female",1,1,1,1,1,1,NA,NA,NA,NA,NA,NA,NA,NA,NA,NA,NA,NA,NA,NA,NA,NA,NA,NA,NA,NA,NA,NA,NA,NA,NA,NA,NA,NA,NA,NA,NA,NA,NA,NA,NA,NA,NA,NA,NA,NA,NA,NA,NA,NA,NA,NA,NA,NA,NA,NA,NA,NA,NA,NA,NA,NA,NA,NA,NA,NA,NA,NA,NA,"",2,2,NA,3,1,"","",NA,"",NA,NA,NA,NA,NA,NA,NA,NA,NA,2,1,1,1,1,1,1,1,1,1,1,2,2,"58",1,"","2","",2,4,2,1,1,1,1,1,1,1,1,1,1,1,1,1,2,5,1,NA,NA,NA,NA,NA,NA,NA,NA,NA,NA,NA,NA,NA,NA,NA,NA,"no"
"787",90,16,"mandatory","yes","female",1,4,4,1,1,5,1,NA,6,14,NA,NA,0,1,1,0,0,0,0,0,0,1,0,0,0,0,1,0,0,0,0,0,0,0,0,0,0,0,0,1,0,1,NA,NA,NA,NA,NA,NA,NA,NA,NA,NA,NA,NA,NA,NA,NA,NA,NA,NA,NA,NA,NA,NA,NA,NA,NA,NA,NA,"1",3,1,1,2,2,"2","0",NA,"San Antonio, TX",2,2,1,1,1,1,0,1,1,NA,2,2,1,1,1,1,1,3,NA,1,1,1,"90",1,"","","2",3,2,2,1,2,1,1,1,2,3,2,3,1,1,1,2,2,4,2,1,1,2,3,1,2,1,1,NA,NA,NA,NA,NA,NA,NA,NA,"no"
"788",63,12,"mandatory","yes","female",2,5,5,5,5,5,1,NA,4,11,NA,NA,0,0,0,0,0,0,0,0,0,0,0,0,0,0,0,0,0,0,0,1,0,0,0,0,0,1,0,0,0,1,NA,NA,NA,NA,NA,NA,NA,NA,NA,NA,NA,NA,NA,NA,NA,NA,NA,NA,NA,NA,NA,NA,NA,NA,NA,NA,NA,"2",5,1,4,5,4,"2","0",3,"Victoria",1,1,1,1,1,1,1,1,1,2,5,5,1,1,4,3,3,5,1,1,3,NA,"63",1,"0","1","1",2,2,2,1,1,1,1,1,1,3,3,5,1,1,1,1,2,4,2,1,1,1,6,6,6,1,1,NA,NA,NA,NA,NA,NA,NA,NA,"yes"
"789",88,16,"mandatory","no","female",NA,NA,NA,NA,NA,NA,NA,NA,NA,NA,NA,NA,NA,NA,NA,NA,NA,NA,NA,NA,NA,NA,NA,NA,NA,NA,NA,NA,NA,NA,NA,NA,NA,NA,NA,NA,NA,NA,NA,NA,NA,NA,NA,NA,NA,NA,NA,NA,NA,NA,NA,NA,NA,NA,NA,NA,NA,NA,NA,NA,NA,NA,NA,NA,NA,NA,NA,NA,NA,"",NA,NA,NA,NA,NA,"","",NA,"",NA,NA,NA,NA,NA,NA,NA,NA,NA,NA,1,1,1,1,1,1,NA,1,NA,NA,NA,NA,"88",1,"","","2",3,3,2,1,2,NA,NA,NA,2,NA,NA,NA,NA,NA,NA,NA,2,5,1,NA,NA,NA,NA,NA,NA,NA,NA,NA,NA,NA,NA,NA,NA,NA,NA,"no"
"790",75,10,"mandatory","yes","female",1,2,1,1,2,1,1,NA,NA,NA,NA,NA,0,0,0,0,1,0,0,0,0,0,0,0,0,0,0,0,0,0,0,0,0,0,0,0,0,1,0,0,0,1,NA,NA,NA,NA,NA,NA,NA,NA,NA,NA,NA,NA,NA,NA,NA,NA,NA,NA,NA,NA,NA,NA,NA,NA,NA,NA,NA,"0",5,1,1,5,5,"2","0",3,"Austin",NA,1,1,NA,NA,NA,NA,1,2,2,4,5,2,2,2,2,1,3,1,1,2,2,"75",4,"","","1",1,2,2,1,1,1,1,1,1,1,1,1,1,1,1,1,2,4,2,1,1,1,4,1,1,5,1,NA,NA,NA,NA,NA,NA,NA,NA,"no"
"791",53,18,"mandatory","yes","male",1,2,1,2,1,1,0,2,3,14,5,10,0,0,0,0,0,0,0,0,0,0,0,0,0,1,0,0,0,0,0,0,0,0,0,0,0,0,0,1,0,1,NA,NA,NA,NA,NA,NA,NA,NA,NA,NA,NA,NA,NA,NA,NA,NA,NA,NA,NA,NA,NA,NA,NA,NA,NA,NA,NA,"2",1,1,5,3,3,"4","0",NA,"Wimberley",2,1,1,1,1,0,1,1,1,2,4,5,1,1,4,3,5,5,1,1,3,2,"53",2,"","1","1",4,1,1,1,3,1,2,3,4,4,5,1,2,1,5,1,2,4,2,1,1,1,6,5,5,4,1,NA,NA,NA,NA,NA,NA,NA,NA,"yes"
"792",71,21,"mandatory","yes","male",3,5,2,2,2,2,1,NA,4,18,NA,NA,0,0,0,0,0,0,0,0,0,0,1,0,0,0,0,0,0,0,0,0,0,0,0,0,0,0,0,1,0,1,NA,NA,NA,NA,NA,NA,NA,NA,NA,NA,NA,NA,NA,NA,NA,NA,NA,NA,NA,NA,NA,NA,NA,NA,NA,NA,NA,"1",5,5,5,5,5,"3","0",NA,"San Antonio",2,1,1,1,1,1,0,1,1,2,1,1,1,1,1,1,1,2,1,1,3,1,"71",1,"","1","2",5,7,1,1,3,1,1,4,5,5,5,5,3,4,5,4,2,4,2,1,2,5,5,5,5,2,1,NA,NA,NA,NA,NA,NA,NA,NA,"no"
"793",78,16,"mandatory","no","male",NA,2,NA,NA,NA,NA,NA,NA,NA,NA,NA,NA,NA,NA,NA,NA,NA,NA,NA,NA,NA,NA,NA,NA,NA,NA,NA,NA,NA,NA,NA,NA,NA,NA,NA,NA,NA,NA,NA,NA,NA,NA,NA,NA,NA,NA,NA,NA,NA,NA,NA,NA,NA,NA,NA,NA,NA,NA,NA,NA,NA,NA,NA,NA,NA,NA,NA,NA,NA,"",NA,NA,NA,2,2,"","",NA,"",NA,NA,NA,NA,NA,NA,NA,NA,NA,2,NA,NA,NA,NA,NA,NA,NA,2,1,1,3,NA,"78",1,"","","2",3,7,1,1,NA,NA,NA,NA,NA,2,NA,2,NA,NA,NA,NA,2,4,1,NA,NA,NA,NA,NA,NA,NA,NA,NA,NA,NA,NA,NA,NA,NA,NA,"no"
"794",69,18,"mandatory","yes","female",1,1,2,1,1,2,0,1,5,15,NA,NA,0,1,0,0,0,1,0,0,0,0,0,0,0,0,0,0,1,0,0,0,0,0,0,0,0,0,0,1,0,1,NA,NA,NA,NA,NA,NA,NA,NA,NA,NA,NA,NA,NA,NA,NA,NA,NA,NA,NA,NA,NA,NA,NA,NA,NA,NA,NA,"1",2,1,1,2,2,"1","0",NA,"Alice, TX",2,1,1,1,1,0,0,1,NA,1,5,5,1,1,5,1,1,5,1,1,3,1,"69",2,"","1","1",4,1,2,1,5,1,1,1,5,5,5,5,3,1,2,1,1,4,2,1,2,2,4,5,5,1,2,1,1,1,0,1,0,0,0,"no"
"795",65,NA,"mandatory","no","male",1,5,5,1,1,1,NA,NA,NA,NA,NA,NA,NA,NA,NA,NA,NA,NA,NA,NA,NA,NA,NA,NA,NA,NA,NA,NA,NA,NA,NA,NA,NA,NA,NA,NA,NA,NA,NA,NA,NA,NA,NA,NA,NA,NA,NA,NA,NA,NA,NA,NA,NA,NA,NA,NA,NA,NA,NA,NA,NA,NA,NA,NA,NA,NA,NA,NA,NA,"",1,1,1,1,1,"","",NA,"",NA,NA,NA,NA,NA,NA,NA,NA,NA,2,2,2,4,4,5,1,1,5,1,1,NA,3,"65",4,"","1","",NA,1,1,5,1,1,1,1,1,1,1,1,4,4,1,1,1,4,1,NA,NA,NA,NA,NA,NA,NA,NA,NA,NA,NA,NA,NA,NA,NA,NA,"no"
"796",83,10,"mandatory","yes","male",1,2,2,1,1,2,0,1,4,19,NA,NA,0,1,0,0,0,0,0,0,0,0,0,0,0,0,0,0,0,0,0,0,0,0,0,0,0,1,0,0,0,1,NA,NA,NA,NA,NA,NA,NA,NA,NA,NA,NA,NA,NA,NA,NA,NA,NA,NA,NA,NA,NA,NA,NA,NA,NA,NA,NA,"1",2,NA,1,2,1,"2","",1,"Channel View, TX",1,1,1,1,0,0,0,1,1,2,1,1,1,1,1,1,1,1,1,1,3,NA,"83",1,"","","2",1,1,1,1,1,1,1,1,1,1,1,2,1,1,1,1,1,5,2,4,NA,5,6,NA,NA,NA,1,NA,NA,NA,NA,NA,NA,NA,NA,"no"
"797",70,21,"mandatory","yes","female",2,3,3,3,3,4,1,NA,3,NA,NA,NA,0,0,0,0,0,0,0,1,0,0,0,0,0,0,0,0,0,0,0,0,0,0,0,0,0,1,0,0,0,1,NA,NA,NA,NA,NA,NA,NA,NA,NA,NA,NA,NA,NA,NA,NA,NA,NA,NA,NA,NA,NA,NA,NA,NA,NA,NA,NA,"1",2,2,2,2,2,"1","0",1,"Stockdale",1,4,1,1,0,0,0,1,1,2,3,1,1,1,1,1,1,3,1,1,3,1,"70",3,"","","1",5,6,2,1,2,1,1,1,1,3,3,3,1,1,1,1,2,5,2,1,1,1,1,1,1,1,1,NA,NA,NA,NA,NA,NA,NA,NA,"yes"
"798",78,18,"mandatory","no","male",1,3,3,1,1,2,NA,NA,NA,NA,NA,NA,NA,NA,NA,NA,NA,NA,NA,NA,NA,NA,NA,NA,NA,NA,NA,NA,NA,NA,NA,NA,NA,NA,NA,NA,NA,NA,NA,NA,NA,NA,NA,NA,NA,NA,NA,NA,NA,NA,NA,NA,NA,NA,NA,NA,NA,NA,NA,NA,NA,NA,NA,NA,NA,NA,NA,NA,NA,"",4,4,1,2,1,"","",NA,"",NA,NA,NA,NA,NA,NA,NA,NA,NA,2,2,2,1,1,2,1,2,3,1,1,3,NA,"78",3,"","","1",4,7,1,1,1,1,4,4,2,3,1,4,1,3,4,1,2,4,1,NA,NA,NA,NA,NA,NA,NA,NA,NA,NA,NA,NA,NA,NA,NA,NA,"no"
"799",56,16,"mandatory","no","female",2,5,5,5,5,5,NA,NA,NA,NA,NA,NA,NA,NA,NA,NA,NA,NA,NA,NA,NA,NA,NA,NA,NA,NA,NA,NA,NA,NA,NA,NA,NA,NA,NA,NA,NA,NA,NA,NA,NA,NA,NA,NA,NA,NA,NA,NA,NA,NA,NA,NA,NA,NA,NA,NA,NA,NA,NA,NA,NA,NA,NA,NA,NA,NA,NA,NA,NA,"",5,5,5,5,5,"","",NA,"",NA,NA,NA,NA,NA,NA,NA,NA,NA,2,3,1,1,1,1,1,1,2,1,1,3,2,"56",2,"","1","",3,4,2,1,2,1,1,1,2,1,2,1,1,1,1,1,2,4,1,NA,NA,NA,NA,NA,NA,NA,NA,NA,NA,NA,NA,NA,NA,NA,NA,"no"
"800",77,18,"mandatory","no","male",2,5,5,NA,NA,NA,NA,NA,NA,NA,NA,NA,NA,NA,NA,NA,NA,NA,NA,NA,NA,NA,NA,NA,NA,NA,NA,NA,NA,NA,NA,NA,NA,NA,NA,NA,NA,NA,NA,NA,NA,NA,NA,NA,NA,NA,NA,NA,NA,NA,NA,NA,NA,NA,NA,NA,NA,NA,NA,NA,NA,NA,NA,NA,NA,NA,NA,NA,NA,"",3,3,3,3,3,"","",NA,"",NA,NA,NA,NA,NA,NA,NA,NA,NA,2,4,4,2,2,3,2,1,4,1,1,3,1,"77",1,"","","1",4,NA,1,1,1,1,3,3,1,3,3,3,3,2,3,1,2,4,1,NA,NA,NA,NA,NA,NA,NA,NA,NA,NA,NA,NA,NA,NA,NA,NA,"no"
"801",62,12,"mandatory","not applicable","female",1,4,4,2,2,2,NA,NA,NA,NA,NA,NA,NA,NA,NA,NA,NA,NA,NA,NA,NA,NA,NA,NA,NA,NA,NA,NA,NA,NA,NA,NA,NA,NA,NA,NA,NA,NA,NA,NA,NA,NA,NA,NA,NA,NA,NA,NA,NA,NA,NA,NA,NA,NA,NA,NA,NA,NA,NA,NA,NA,NA,NA,NA,NA,NA,NA,NA,NA,"",5,5,5,5,5,"","",NA,"",NA,NA,NA,NA,NA,NA,NA,NA,NA,NA,3,3,1,1,3,3,3,3,NA,NA,NA,NA,"62",1,"","2","",2,8,2,1,1,1,1,1,1,1,1,1,1,1,1,1,2,5,3,NA,NA,NA,NA,NA,NA,NA,NA,NA,NA,NA,NA,NA,NA,NA,NA,"no"
"802",54,18,"mandatory","no","female",1,3,2,1,2,2,NA,NA,NA,NA,NA,NA,NA,NA,NA,NA,NA,NA,NA,NA,NA,NA,NA,NA,NA,NA,NA,NA,NA,NA,NA,NA,NA,NA,NA,NA,NA,NA,NA,NA,NA,NA,NA,NA,NA,NA,NA,NA,NA,NA,NA,NA,NA,NA,NA,NA,NA,NA,NA,NA,NA,NA,NA,NA,NA,NA,NA,NA,NA,"",5,1,1,5,3,"","",NA,"",NA,NA,NA,NA,NA,NA,NA,NA,NA,2,3,2,1,1,2,2,3,5,1,4,2,1,"54",1,"0","3","0",4,7,2,1,2,2,2,1,2,2,2,4,4,4,5,3,2,4,1,NA,NA,NA,NA,NA,NA,NA,NA,NA,NA,NA,NA,NA,NA,NA,NA,"no"
"803",48,18,"mandatory","yes","female",2,NA,NA,2,NA,NA,1,NA,5,12,NA,NA,0,1,0,0,0,0,0,0,0,0,1,0,0,0,0,0,0,0,0,0,0,0,0,1,0,0,0,0,0,1,NA,NA,NA,NA,NA,NA,NA,NA,NA,NA,NA,NA,NA,NA,NA,NA,NA,NA,NA,NA,NA,NA,NA,NA,NA,NA,NA,"1",1,1,1,1,1,"2","0",NA,"McAllen, TX",2,1,1,1,1,1,1,1,2,1,5,5,2,4,4,1,5,5,2,1,1,1,"48",3,"2","","",4,1,2,1,5,5,5,5,5,5,5,1,1,5,5,5,1,4,2,2,2,5,4,6,5,6,2,1,1,1,1,1,1,0,0,"no"
"804",67,21,"mandatory","yes","female",1,2,2,1,1,2,0,3,4,17,5,10,0,0,1,0,0,0,0,0,0,0,0,0,0,1,0,0,0,0,0,1,0,0,0,0,0,1,0,1,0,1,NA,NA,NA,NA,NA,NA,NA,NA,NA,NA,NA,NA,NA,NA,NA,NA,NA,NA,NA,NA,NA,NA,NA,NA,NA,NA,NA,"2",2,2,1,2,2,"3","0",NA,"Houston",2,1,1,1,1,0,1,1,1,2,1,1,1,1,2,2,2,2,1,1,3,2,"67",1,"","","2",5,7,2,1,1,3,4,4,1,1,2,2,2,3,3,3,1,5,2,4,2,3,3,1,6,1,1,NA,NA,NA,NA,NA,NA,NA,NA,"yes"
"805",52,18,"mandatory","yes","female",1,3,4,4,4,4,1,NA,3,17,NA,NA,0,1,1,0,0,0,0,0,0,0,0,0,0,0,0,0,0,0,0,0,0,0,0,0,0,0,0,1,0,1,NA,NA,NA,NA,NA,NA,NA,NA,NA,NA,NA,NA,NA,NA,NA,NA,NA,NA,NA,NA,NA,NA,NA,NA,NA,NA,NA,"2",5,5,5,5,5,"3","1",NA,"Concan, TX",2,1,1,1,1,0,1,1,1,2,5,5,4,4,5,5,5,5,1,3,3,3,"52",1,"","3","",4,7,2,5,1,2,1,1,4,5,4,5,5,3,5,4,1,4,2,6,4,4,6,6,6,4,1,NA,NA,NA,NA,NA,NA,NA,NA,"no"
"806",52,18,"mandatory","no","female",NA,NA,5,5,5,5,NA,NA,NA,NA,NA,NA,NA,NA,NA,NA,NA,NA,NA,NA,NA,NA,NA,NA,NA,NA,NA,NA,NA,NA,NA,NA,NA,NA,NA,NA,NA,NA,NA,NA,NA,NA,NA,NA,NA,NA,NA,NA,NA,NA,NA,NA,NA,NA,NA,NA,NA,NA,NA,NA,NA,NA,NA,NA,NA,NA,NA,NA,NA,"",3,3,3,4,3,"","",NA,"",NA,NA,NA,NA,NA,NA,NA,NA,NA,NA,1,1,1,1,1,1,1,4,NA,NA,NA,NA,"52",1,"","2","2",4,8,2,1,5,5,5,3,5,5,5,5,5,5,5,5,1,5,1,NA,NA,NA,NA,NA,NA,NA,NA,NA,NA,NA,NA,NA,NA,NA,NA,"no"
"807",78,18,"mandatory","no","male",1,4,4,1,1,3,NA,NA,NA,NA,NA,NA,NA,NA,NA,NA,NA,NA,NA,NA,NA,NA,NA,NA,NA,NA,NA,NA,NA,NA,NA,NA,NA,NA,NA,NA,NA,NA,NA,NA,NA,NA,NA,NA,NA,NA,NA,NA,NA,NA,NA,NA,NA,NA,NA,NA,NA,NA,NA,NA,NA,NA,NA,NA,NA,NA,NA,NA,NA,"",5,5,5,4,5,"","",NA,"",NA,NA,NA,NA,NA,NA,NA,NA,NA,2,5,5,1,1,3,2,1,5,1,1,3,3,"78",1,"","","3",4,8,1,1,1,1,1,1,1,1,1,1,1,1,1,1,2,5,1,NA,NA,NA,NA,NA,NA,NA,NA,NA,NA,NA,NA,NA,NA,NA,NA,"yes"
"808",63,16,"mandatory","no","female",1,5,4,1,1,1,NA,NA,NA,NA,NA,NA,NA,NA,NA,NA,NA,NA,NA,NA,NA,NA,NA,NA,NA,NA,NA,NA,NA,NA,NA,NA,NA,NA,NA,NA,NA,NA,NA,NA,NA,NA,NA,NA,NA,NA,NA,NA,NA,NA,NA,NA,NA,NA,NA,NA,NA,NA,NA,NA,NA,NA,NA,NA,NA,NA,NA,NA,NA,"",5,5,5,5,5,"","",NA,"",NA,NA,NA,NA,NA,NA,NA,NA,NA,2,4,1,1,4,1,1,1,5,1,1,3,2,"63",4,"","1","",3,7,2,1,1,1,5,5,2,1,4,5,5,1,4,5,2,4,1,NA,NA,NA,NA,NA,NA,NA,NA,NA,NA,NA,NA,NA,NA,NA,NA,"no"
"809",62,10,"mandatory","yes","female",1,5,5,4,1,4,1,NA,3,13,NA,NA,0,0,0,0,0,0,0,0,0,1,0,0,0,0,0,0,0,0,0,0,0,0,0,0,0,0,0,1,0,2,NA,NA,NA,NA,5,NA,NA,NA,NA,NA,NA,NA,NA,NA,1,NA,NA,NA,NA,NA,NA,NA,NA,NA,NA,NA,NA,"4",5,5,4,5,5,"4","2",NA,"Eagle Pass, Texas",1,4,1,1,1,1,1,1,2,2,5,5,1,4,5,4,2,4,1,1,3,2,"62",2,"1","1","",1,1,2,5,5,5,5,5,5,5,5,5,5,5,5,5,1,5,2,1,1,5,4,4,3,2,2,1,0,0,0,1,0,1,0,"no"
"810",69,12,"mandatory","yes","female",3,4,4,NA,NA,3,1,NA,4,17,NA,NA,0,1,0,0,1,0,0,0,0,0,0,0,0,0,0,0,0,0,0,0,0,0,0,0,1,0,0,1,0,1,NA,NA,NA,NA,NA,NA,NA,NA,NA,NA,NA,NA,NA,NA,NA,NA,NA,NA,NA,NA,NA,NA,NA,NA,NA,NA,NA,"1",5,5,5,5,5,"2","",NA,"Austin",2,1,1,1,1,0,0,1,1,2,3,4,2,4,3,3,3,5,1,1,2,2,"69",1,"3","2","2",2,3,2,2,3,2,3,3,4,4,4,3,3,3,2,4,2,4,2,NA,4,5,3,4,5,1,1,NA,NA,NA,NA,NA,NA,NA,NA,"no"
"811",70,18,"mandatory","yes","female",1,5,4,5,5,5,1,NA,5,12,NA,NA,0,1,0,0,0,0,0,0,0,0,1,0,0,0,1,0,0,0,0,0,0,0,0,0,0,1,0,0,0,1,NA,NA,NA,NA,NA,NA,NA,NA,NA,NA,NA,NA,NA,NA,NA,NA,NA,NA,NA,NA,NA,NA,NA,NA,NA,NA,NA,"1",3,3,4,5,3,"1","0",NA,"Corpus Christi/ Other residence",NA,1,NA,1,0,0,0,1,2,2,3,3,3,5,4,3,3,5,2,3,3,2,"70",1,"","","2",4,5,2,NA,3,3,5,5,3,3,4,5,3,4,4,5,1,5,2,5,1,1,NA,5,NA,5,1,NA,NA,NA,NA,NA,NA,NA,NA,"no"
"812",70,18,"mandatory","yes","female",3,4,4,1,1,3,1,NA,7,16,NA,NA,0,0,0,0,0,0,0,0,0,1,0,0,0,0,0,0,0,0,0,0,0,0,0,0,0,0,0,1,0,1,NA,NA,NA,NA,NA,NA,NA,NA,NA,NA,NA,NA,NA,NA,NA,NA,NA,NA,NA,NA,NA,NA,NA,NA,NA,NA,NA,"1",4,3,3,4,4,"2","0",NA,"Victoria",1,NA,1,1,1,0,1,2,1,2,3,3,1,1,4,2,5,4,1,1,3,NA,"70",4,"","1","2",4,3,2,2,3,5,4,5,3,4,4,3,3,3,4,5,2,5,2,1,1,NA,6,1,2,1,1,NA,NA,NA,NA,NA,NA,NA,NA,"no"
"813",54,18,"mandatory","no","female",1,5,5,5,2,2,NA,NA,NA,NA,NA,NA,NA,NA,NA,NA,NA,NA,NA,NA,NA,NA,NA,NA,NA,NA,NA,NA,NA,NA,NA,NA,NA,NA,NA,NA,NA,NA,NA,NA,NA,NA,NA,NA,NA,NA,NA,NA,NA,NA,NA,NA,NA,NA,NA,NA,NA,NA,NA,NA,NA,NA,NA,NA,NA,NA,NA,NA,NA,"",5,2,2,4,4,"","",NA,"",NA,NA,NA,NA,NA,NA,NA,NA,NA,1,1,3,1,1,3,2,2,3,1,1,3,2,"54",1,"","2","",4,5,2,1,1,5,3,3,3,2,2,4,4,3,4,5,2,4,1,NA,NA,NA,NA,NA,NA,NA,NA,NA,NA,NA,NA,NA,NA,NA,NA,"no"
"814",67,16,"mandatory","no","male",1,4,4,3,2,2,NA,NA,NA,NA,NA,NA,NA,NA,NA,NA,NA,NA,NA,NA,NA,NA,NA,NA,NA,NA,NA,NA,NA,NA,NA,NA,NA,NA,NA,NA,NA,NA,NA,NA,NA,NA,NA,NA,NA,NA,NA,NA,NA,NA,NA,NA,NA,NA,NA,NA,NA,NA,NA,NA,NA,NA,NA,NA,NA,NA,NA,NA,NA,"",3,2,2,3,2,"","",NA,"",NA,NA,NA,NA,NA,NA,NA,NA,NA,2,2,4,1,1,3,1,1,5,1,1,3,2,"67",4,"","","",3,2,1,1,2,1,2,4,2,4,2,1,5,3,2,2,2,5,1,NA,NA,NA,NA,NA,NA,NA,NA,NA,NA,NA,NA,NA,NA,NA,NA,"no"
"815",51,21,"mandatory","no","female",1,4,3,4,2,5,NA,NA,NA,NA,NA,NA,NA,NA,NA,NA,NA,NA,NA,NA,NA,NA,NA,NA,NA,NA,NA,NA,NA,NA,NA,NA,NA,NA,NA,NA,NA,NA,NA,NA,NA,NA,NA,NA,NA,NA,NA,NA,NA,NA,NA,NA,NA,NA,NA,NA,NA,NA,NA,NA,NA,NA,NA,NA,NA,NA,NA,NA,NA,"",4,4,4,2,2,"","",NA,"",NA,NA,NA,NA,NA,NA,NA,NA,NA,2,2,3,1,1,2,1,2,3,1,1,3,1,"51",3,"1","2","1",5,6,2,1,2,2,2,1,3,4,4,4,4,1,3,4,2,5,1,NA,NA,NA,NA,NA,NA,NA,NA,NA,NA,NA,NA,NA,NA,NA,NA,"no"
"816",35,21,"mandatory","yes","male",1,5,4,5,4,5,0,1,5,12,NA,NA,0,0,0,0,1,0,0,0,0,0,0,0,0,0,0,0,0,0,0,0,0,0,0,1,0,0,0,0,0,1,NA,NA,NA,NA,NA,NA,NA,NA,NA,NA,NA,NA,NA,NA,NA,NA,NA,NA,NA,NA,NA,NA,NA,NA,NA,NA,NA,"1",5,5,5,5,5,"2","0",3,"Wife and child went to Temple",2,1,1,1,1,1,1,1,1,2,3,3,1,1,3,1,3,5,1,1,3,1,"35",1,"1","2","",5,8,1,1,1,3,3,5,4,3,4,4,4,5,3,3,2,4,2,4,5,5,5,5,5,5,1,NA,NA,NA,NA,NA,NA,NA,NA,"no"
"817",70,18,"mandatory","yes","male",NA,4,2,NA,NA,2,1,NA,4,12,NA,NA,0,0,0,0,0,0,0,0,0,1,1,0,0,0,0,0,0,0,0,0,0,0,0,0,0,0,0,1,0,1,NA,NA,NA,NA,NA,NA,NA,NA,NA,NA,NA,NA,NA,NA,NA,NA,NA,NA,NA,NA,NA,NA,NA,NA,NA,NA,NA,"2",4,4,4,4,4,"2","0",NA,"San Antonio",2,1,1,1,1,0,0,1,2,2,2,2,1,2,2,2,1,4,1,1,1,1,"70",1,"","1","1",4,8,1,1,1,1,2,2,2,4,2,5,5,2,5,1,2,4,2,1,1,6,6,6,6,6,1,NA,NA,NA,NA,NA,NA,NA,NA,"no"
"818",62,18,"mandatory","no","female",1,2,1,1,1,2,NA,NA,NA,NA,NA,NA,NA,NA,NA,NA,NA,NA,NA,NA,NA,NA,NA,NA,NA,NA,NA,NA,NA,NA,NA,NA,NA,NA,NA,NA,NA,NA,NA,NA,NA,NA,NA,NA,NA,NA,NA,NA,NA,NA,NA,NA,NA,NA,NA,NA,NA,NA,NA,NA,NA,NA,NA,NA,NA,NA,NA,NA,NA,"",1,1,1,4,1,"","",NA,"",NA,NA,NA,NA,NA,NA,NA,NA,NA,2,4,4,1,NA,1,1,1,1,1,1,1,1,"62",3,"","1","",4,6,2,1,3,1,1,1,3,3,3,5,3,3,5,1,2,5,1,NA,NA,NA,NA,NA,NA,NA,NA,NA,NA,NA,NA,NA,NA,NA,NA,"no"
"819",54,12,"mandatory","no","female",NA,2,NA,NA,NA,3,NA,NA,NA,NA,NA,NA,NA,NA,NA,NA,NA,NA,NA,NA,NA,NA,NA,NA,NA,NA,NA,NA,NA,NA,NA,NA,NA,NA,NA,NA,NA,NA,NA,NA,NA,NA,NA,NA,NA,NA,NA,NA,NA,NA,NA,NA,NA,NA,NA,NA,NA,NA,NA,NA,NA,NA,NA,NA,NA,NA,NA,NA,NA,"",5,NA,NA,NA,NA,"","",NA,"",NA,NA,NA,NA,NA,NA,NA,NA,NA,2,3,3,1,3,1,1,3,1,1,1,3,2,"54",1,"","2","",2,1,2,1,NA,NA,NA,NA,NA,NA,NA,2,NA,NA,1,NA,1,5,1,NA,NA,NA,NA,NA,NA,NA,NA,NA,NA,NA,NA,NA,NA,NA,NA,"no"
"820",73,12,"mandatory","yes","female",NA,4,4,1,1,3,1,NA,5,10,NA,NA,0,1,0,0,0,0,0,0,0,0,0,0,0,0,0,0,0,0,0,0,0,0,0,0,0,0,0,1,0,1,NA,NA,NA,NA,NA,NA,NA,NA,NA,NA,NA,NA,NA,NA,NA,NA,NA,NA,NA,NA,NA,NA,NA,NA,NA,NA,NA,"1",5,1,1,1,5,"2","0",NA,"",2,1,1,1,0,0,0,1,1,2,4,4,1,1,3,1,2,5,1,1,2,2,"73",4,"","2","2",2,1,2,1,4,2,2,2,4,4,4,4,4,5,5,4,2,5,2,6,1,1,4,1,1,1,2,1,0,0,0,0,0,0,0,"no"
"821",33,18,"mandatory","no","female",NA,3,3,5,5,NA,NA,NA,NA,NA,NA,NA,NA,NA,NA,NA,NA,NA,NA,NA,NA,NA,NA,NA,NA,NA,NA,NA,NA,NA,NA,NA,NA,NA,NA,NA,NA,NA,NA,NA,NA,NA,NA,NA,NA,NA,NA,NA,NA,NA,NA,NA,NA,NA,NA,NA,NA,NA,NA,NA,NA,NA,NA,NA,NA,NA,NA,NA,NA,"",5,5,5,5,5,"","",NA,"",NA,NA,NA,NA,NA,NA,NA,NA,NA,2,4,5,1,1,3,4,2,5,1,1,3,1,"33",1,"1","2","",4,8,2,1,2,1,1,3,5,5,5,1,1,1,5,1,2,5,1,NA,NA,NA,NA,NA,NA,NA,NA,NA,NA,NA,NA,NA,NA,NA,NA,"no"
"822",77,10,"mandatory","no","male",1,4,4,1,1,2,NA,NA,NA,NA,NA,NA,NA,NA,NA,NA,NA,NA,NA,NA,NA,NA,NA,NA,NA,NA,NA,NA,NA,NA,NA,NA,NA,NA,NA,NA,NA,NA,NA,NA,NA,NA,NA,NA,NA,NA,NA,NA,NA,NA,NA,NA,NA,NA,NA,NA,NA,NA,NA,NA,NA,NA,NA,NA,NA,NA,NA,NA,NA,"",5,3,3,4,4,"","",NA,"",NA,NA,NA,NA,NA,NA,NA,NA,NA,2,5,3,1,1,4,2,1,5,1,1,3,1,"77",1,"","","2",1,3,1,1,1,1,1,2,NA,4,1,3,4,1,1,2,2,5,1,NA,NA,NA,NA,NA,NA,NA,NA,NA,NA,NA,NA,NA,NA,NA,NA,"no"
"823",73,12,"mandatory","no","female",NA,3,4,NA,NA,NA,NA,NA,NA,NA,NA,NA,NA,NA,NA,NA,NA,NA,NA,NA,NA,NA,NA,NA,NA,NA,NA,NA,NA,NA,NA,NA,NA,NA,NA,NA,NA,NA,NA,NA,NA,NA,NA,NA,NA,NA,NA,NA,NA,NA,NA,NA,NA,NA,NA,NA,NA,NA,NA,NA,NA,NA,NA,NA,NA,NA,NA,NA,NA,"",5,1,1,2,2,"","",NA,"",NA,NA,NA,NA,NA,NA,NA,NA,NA,2,5,5,1,2,4,1,1,5,1,1,2,2,"73",3,"","","3",2,1,2,1,1,1,1,5,3,4,4,5,4,4,5,5,2,5,1,NA,NA,NA,NA,NA,NA,NA,NA,NA,NA,NA,NA,NA,NA,NA,NA,"no"
"824",71,12,"mandatory","no","female",NA,5,NA,NA,NA,5,NA,NA,NA,NA,NA,NA,NA,NA,NA,NA,NA,NA,NA,NA,NA,NA,NA,NA,NA,NA,NA,NA,NA,NA,NA,NA,NA,NA,NA,NA,NA,NA,NA,NA,NA,NA,NA,NA,NA,NA,NA,NA,NA,NA,NA,NA,NA,NA,NA,NA,NA,NA,NA,NA,NA,NA,NA,NA,NA,NA,NA,NA,NA,"",1,1,1,1,1,"","",NA,"",NA,NA,NA,NA,NA,NA,NA,NA,NA,2,5,5,1,1,1,1,5,5,1,1,3,NA,"71",4,"","","1",2,2,2,1,1,1,1,1,1,1,1,5,5,5,5,5,2,4,1,NA,NA,NA,NA,NA,NA,NA,NA,NA,NA,NA,NA,NA,NA,NA,NA,"no"
"825",81,18,"mandatory","no","male",1,5,5,1,1,4,NA,NA,NA,NA,NA,NA,NA,NA,NA,NA,NA,NA,NA,NA,NA,NA,NA,NA,NA,NA,NA,NA,NA,NA,NA,NA,NA,NA,NA,NA,NA,NA,NA,NA,NA,NA,NA,NA,NA,NA,NA,NA,NA,NA,NA,NA,NA,NA,NA,NA,NA,NA,NA,NA,NA,NA,NA,NA,NA,NA,NA,NA,NA,"",5,NA,NA,5,NA,"","",NA,"",NA,NA,NA,NA,NA,NA,NA,NA,NA,2,5,5,1,1,1,1,1,5,1,1,3,1,"81",1,"","","2",4,3,1,5,1,1,1,1,1,1,1,1,1,1,5,1,2,4,1,NA,NA,NA,NA,NA,NA,NA,NA,NA,NA,NA,NA,NA,NA,NA,NA,"no"
"826",68,21,"mandatory","no","male",1,1,1,1,1,1,NA,NA,NA,NA,NA,NA,NA,NA,NA,NA,NA,NA,NA,NA,NA,NA,NA,NA,NA,NA,NA,NA,NA,NA,NA,NA,NA,NA,NA,NA,NA,NA,NA,NA,NA,NA,NA,NA,NA,NA,NA,NA,NA,NA,NA,NA,NA,NA,NA,NA,NA,NA,NA,NA,NA,NA,NA,NA,NA,NA,NA,NA,NA,"",5,5,5,5,5,"","",NA,"",NA,NA,NA,NA,NA,NA,NA,NA,NA,2,3,5,1,3,2,2,5,5,1,1,3,3,"68",1,"","","2",5,8,1,1,5,1,1,1,5,5,5,5,5,5,5,3,2,5,1,NA,NA,NA,NA,NA,NA,NA,NA,NA,NA,NA,NA,NA,NA,NA,NA,"yes"
"827",50,16,"mandatory","no","male",2,2,2,2,3,3,NA,NA,NA,NA,NA,NA,NA,NA,NA,NA,NA,NA,NA,NA,NA,NA,NA,NA,NA,NA,NA,NA,NA,NA,NA,NA,NA,NA,NA,NA,NA,NA,NA,NA,NA,NA,NA,NA,NA,NA,NA,NA,NA,NA,NA,NA,NA,NA,NA,NA,NA,NA,NA,NA,NA,NA,NA,NA,NA,NA,NA,NA,NA,"",4,4,4,2,1,"","",NA,"",NA,NA,NA,NA,NA,NA,NA,NA,NA,2,2,2,1,1,2,2,1,4,1,1,3,3,"50",2,"","1","",3,3,1,1,1,1,1,1,1,1,1,1,1,1,1,1,2,4,1,NA,NA,NA,NA,NA,NA,NA,NA,NA,NA,NA,NA,NA,NA,NA,NA,"no"
"828",73,16,"mandatory","yes","female",NA,5,5,3,3,4,1,NA,5,9,NA,NA,0,1,0,0,0,0,0,0,0,0,0,0,0,0,0,0,0,0,0,0,0,0,0,0,1,0,0,1,0,1,NA,NA,NA,NA,NA,NA,NA,NA,NA,NA,NA,NA,NA,NA,NA,NA,NA,NA,NA,NA,NA,NA,NA,NA,NA,NA,NA,"1",5,5,5,5,5,"2","",NA,"Pharr, Texas",2,2,1,1,1,1,0,1,1,2,2,2,4,3,5,4,1,5,1,1,3,1,"73",1,"","","2",3,3,2,1,4,1,4,4,4,4,5,3,3,3,3,5,1,5,2,1,1,3,3,4,1,1,1,NA,NA,NA,NA,NA,NA,NA,NA,"no"
"829",77,16,"mandatory","no","male",1,3,3,NA,NA,NA,NA,NA,NA,NA,NA,NA,NA,NA,NA,NA,NA,NA,NA,NA,NA,NA,NA,NA,NA,NA,NA,NA,NA,NA,NA,NA,NA,NA,NA,NA,NA,NA,NA,NA,NA,NA,NA,NA,NA,NA,NA,NA,NA,NA,NA,NA,NA,NA,NA,NA,NA,NA,NA,NA,NA,NA,NA,NA,NA,NA,NA,NA,NA,"",3,3,3,3,3,"","",NA,"",NA,NA,NA,NA,NA,NA,NA,NA,NA,2,5,5,NA,NA,NA,NA,NA,5,1,1,3,2,"77",4,"","","1",3,6,1,1,1,1,1,1,1,1,1,1,1,1,1,1,2,4,1,NA,NA,NA,NA,NA,NA,NA,NA,NA,NA,NA,NA,NA,NA,NA,NA,"yes"
"830",56,16,"mandatory","no","female",1,5,5,5,1,2,NA,NA,NA,NA,NA,NA,NA,NA,NA,NA,NA,NA,NA,NA,NA,NA,NA,NA,NA,NA,NA,NA,NA,NA,NA,NA,NA,NA,NA,NA,NA,NA,NA,NA,NA,NA,NA,NA,NA,NA,NA,NA,NA,NA,NA,NA,NA,NA,NA,NA,NA,NA,NA,NA,NA,NA,NA,NA,NA,NA,NA,NA,NA,"",5,5,5,5,5,"","",NA,"",NA,NA,NA,NA,NA,NA,NA,NA,NA,2,5,5,1,1,1,1,5,5,1,1,3,1,"56",3,"4","2","",3,2,2,1,1,1,1,1,1,1,1,1,1,3,3,3,2,5,1,NA,NA,NA,NA,NA,NA,NA,NA,NA,NA,NA,NA,NA,NA,NA,NA,"no"
"831",49,12,"mandatory","yes","female",2,3,1,3,3,2,0,2,4,17,4,18,0,1,0,0,0,0,0,0,0,0,0,0,0,0,0,0,0,0,0,0,0,0,0,0,0,0,0,1,0,1,NA,NA,NA,NA,NA,NA,NA,NA,NA,NA,NA,NA,NA,NA,NA,NA,NA,NA,NA,NA,NA,NA,NA,NA,NA,NA,NA,"2",5,3,3,3,3,"4","0",NA,"Cuero, TX",2,2,1,1,1,1,1,1,1,2,4,4,3,1,3,1,3,4,1,1,3,3,"49",2,"","3","",2,3,2,1,4,3,1,1,4,4,4,2,2,1,3,4,1,5,2,5,5,5,4,5,3,1,1,NA,NA,NA,NA,NA,NA,NA,NA,"yes"
"832",55,18,"mandatory","yes","female",1,5,3,3,3,5,1,NA,5,16,NA,NA,0,0,0,0,0,0,0,0,0,0,0,0,0,0,1,0,0,0,0,0,0,0,0,0,0,1,0,0,0,1,NA,NA,NA,NA,NA,NA,NA,NA,NA,NA,NA,NA,NA,NA,NA,NA,NA,NA,NA,NA,NA,NA,NA,NA,NA,NA,NA,"1",5,3,4,5,5,"2","0",NA,"Cal Allen",2,1,1,1,1,0,0,1,2,2,2,5,1,1,4,4,5,5,1,1,3,1,"55",1,"","2","",4,5,2,5,3,3,5,5,3,3,4,4,5,4,5,4,1,4,2,6,4,6,6,6,1,6,2,1,0,1,0,1,0,0,1,"yes"
"833",57,16,"mandatory","no","female",3,4,3,2,1,3,NA,NA,NA,NA,NA,NA,NA,NA,NA,NA,NA,NA,NA,NA,NA,NA,NA,NA,NA,NA,NA,NA,NA,NA,NA,NA,NA,NA,NA,NA,NA,NA,NA,NA,NA,NA,NA,NA,NA,NA,NA,NA,NA,NA,NA,NA,NA,NA,NA,NA,NA,NA,NA,NA,NA,NA,NA,NA,NA,NA,NA,NA,NA,"",5,1,1,5,1,"","",NA,"",NA,NA,NA,NA,NA,NA,NA,NA,NA,2,4,4,1,1,4,3,4,5,1,2,3,1,"57",2,"","","2",3,4,2,1,1,1,1,3,3,3,4,4,1,4,5,3,2,5,1,NA,NA,NA,NA,NA,NA,NA,NA,NA,NA,NA,NA,NA,NA,NA,NA,"yes"
"834",81,18,"mandatory","yes","male",NA,3,NA,NA,NA,NA,1,NA,5,12,NA,NA,0,0,0,0,0,0,0,0,0,0,0,0,0,0,1,0,0,0,0,0,0,0,0,0,0,1,0,0,0,1,NA,NA,NA,NA,NA,NA,NA,NA,NA,NA,NA,NA,NA,NA,NA,NA,NA,NA,NA,NA,NA,NA,NA,NA,NA,NA,NA,"1",NA,NA,3,NA,NA,"3","0",NA,"Seguin, TX where we have a second home",1,4,1,1,1,1,1,1,1,2,3,3,1,1,1,1,1,4,1,2,3,NA,"81",1,"","","2",4,6,1,1,1,1,4,4,1,3,3,4,4,4,4,3,2,4,2,1,1,2,2,6,2,2,1,NA,NA,NA,NA,NA,NA,NA,NA,"no"
"835",55,12,"mandatory","yes","female",1,3,4,5,2,3,1,NA,5,4,NA,NA,0,0,0,0,0,0,1,0,0,0,1,0,0,0,1,0,0,0,0,0,0,0,0,0,0,0,0,1,0,1,NA,NA,NA,NA,NA,NA,NA,NA,NA,NA,NA,NA,NA,NA,NA,NA,NA,NA,NA,NA,NA,NA,NA,NA,NA,NA,NA,"1",5,5,5,5,5,"3","0",NA,"Kerrville, TX",2,1,1,1,1,0,1,1,1,2,3,3,1,3,3,3,3,3,1,1,3,2,"55",1,"","2","",2,7,2,1,3,3,1,5,3,3,3,3,3,3,3,3,2,5,2,6,2,6,6,6,6,1,1,NA,NA,NA,NA,NA,NA,NA,NA,"yes"
"836",52,18,"mandatory","yes","female",4,5,5,5,4,5,0,2,4,13,5,5,0,0,0,0,0,1,0,0,0,0,0,0,0,0,0,0,0,0,0,0,0,0,0,0,0,0,0,1,0,1,NA,NA,NA,NA,NA,NA,NA,NA,NA,NA,NA,NA,NA,NA,NA,NA,NA,NA,NA,NA,NA,NA,NA,NA,NA,NA,NA,"2",NA,NA,NA,NA,NA,"2","0",NA,"Eagle Pass, TX",2,2,1,1,0,0,0,1,2,2,NA,4,4,3,4,1,4,5,1,1,2,2,"52",1,"4","3","",4,3,2,1,4,4,3,3,4,4,4,1,1,4,4,4,2,4,2,1,1,4,4,6,6,4,2,1,0,0,1,1,0,0,0,"yes"
"837",51,18,"mandatory","no","male",3,NA,NA,NA,NA,NA,NA,NA,NA,NA,NA,NA,NA,NA,NA,NA,NA,NA,NA,NA,NA,NA,NA,NA,NA,NA,NA,NA,NA,NA,NA,NA,NA,NA,NA,NA,NA,NA,NA,NA,NA,NA,NA,NA,NA,NA,NA,NA,NA,NA,NA,NA,NA,NA,NA,NA,NA,NA,NA,NA,NA,NA,NA,NA,NA,NA,NA,NA,NA,"",5,NA,5,5,5,"","",NA,"",NA,NA,NA,NA,NA,NA,NA,NA,NA,2,3,5,1,1,5,4,2,5,1,1,3,1,"51",2,"","1","",4,7,1,1,2,1,1,1,2,2,2,1,1,1,1,1,1,4,1,NA,NA,NA,NA,NA,NA,NA,NA,NA,NA,NA,NA,NA,NA,NA,NA,"yes"
"838",60,18,"mandatory","no","female",1,4,3,1,1,3,NA,NA,NA,NA,NA,NA,NA,NA,NA,NA,NA,NA,NA,NA,NA,NA,NA,NA,NA,NA,NA,NA,NA,NA,NA,NA,NA,NA,NA,NA,NA,NA,NA,NA,NA,NA,NA,NA,NA,NA,NA,NA,NA,NA,NA,NA,NA,NA,NA,NA,NA,NA,NA,NA,NA,NA,NA,NA,NA,NA,NA,NA,NA,"",5,1,2,1,5,"","",NA,"",NA,NA,NA,NA,NA,NA,NA,NA,NA,2,5,5,2,2,3,1,4,5,2,1,3,3,"60",1,"","4","1",4,4,2,1,2,4,3,3,3,5,5,5,1,4,4,3,2,5,1,NA,NA,NA,NA,NA,NA,NA,NA,NA,NA,NA,NA,NA,NA,NA,NA,"yes"
"839",48,18,"mandatory","yes","female",2,5,5,5,3,2,1,NA,5,11,NA,NA,0,1,0,0,0,0,0,0,0,0,0,0,0,0,1,0,1,0,0,0,0,0,0,0,0,0,0,1,0,1,NA,NA,NA,NA,NA,NA,NA,NA,NA,NA,NA,NA,NA,NA,NA,NA,NA,NA,NA,NA,NA,NA,NA,NA,NA,NA,NA,"2",5,3,3,5,5,"2","0",NA,"McAllen, TX.",2,1,1,1,1,0,0,1,2,2,4,5,1,1,5,5,5,5,1,1,2,1,"48",1,"2","","",4,8,2,NA,5,1,1,4,5,4,5,1,1,1,5,1,1,4,2,6,5,6,6,6,6,6,2,1,0,0,0,0,1,0,1,"yes"
"840",69,21,"mandatory","yes","male",1,3,3,1,1,2,1,NA,5,5,NA,NA,0,0,0,0,0,0,0,0,0,0,1,0,0,0,0,0,0,0,0,0,0,0,0,0,0,0,0,1,0,1,NA,NA,NA,NA,NA,NA,NA,NA,NA,NA,NA,NA,NA,NA,NA,NA,NA,NA,NA,NA,NA,NA,NA,NA,NA,NA,NA,"1",5,4,3,3,2,"2","0",NA,"Austin, Tx.",2,2,1,1,1,1,1,1,1,2,3,3,1,1,3,1,1,4,1,1,3,1,"69",1,"0","0","2",5,7,1,1,2,1,2,4,3,4,4,4,3,5,4,1,2,4,2,1,1,2,6,6,5,1,2,1,0,0,0,0,0,0,0,"yes"
"841",56,21,"mandatory","no","female",1,2,3,5,1,2,NA,NA,NA,NA,NA,NA,NA,NA,NA,NA,NA,NA,NA,NA,NA,NA,NA,NA,NA,NA,NA,NA,NA,NA,NA,NA,NA,NA,NA,NA,NA,NA,NA,NA,NA,NA,NA,NA,NA,NA,NA,NA,NA,NA,NA,NA,NA,NA,NA,NA,NA,NA,NA,NA,NA,NA,NA,NA,NA,NA,NA,NA,NA,"",3,1,1,1,1,"","",NA,"",NA,NA,NA,NA,NA,NA,NA,NA,NA,2,5,5,1,1,2,1,1,5,1,1,3,3,"56",1,"2","5","",5,8,2,1,1,1,1,1,1,1,1,5,1,1,5,1,2,4,1,NA,NA,NA,NA,NA,NA,NA,NA,NA,NA,NA,NA,NA,NA,NA,NA,"no"
"842",68,18,"mandatory","no","female",NA,4,3,NA,NA,NA,NA,NA,NA,NA,NA,NA,NA,NA,NA,NA,NA,NA,NA,NA,NA,NA,NA,NA,NA,NA,NA,NA,NA,NA,NA,NA,NA,NA,NA,NA,NA,NA,NA,NA,NA,NA,NA,NA,NA,NA,NA,NA,NA,NA,NA,NA,NA,NA,NA,NA,NA,NA,NA,NA,NA,NA,NA,NA,NA,NA,NA,NA,NA,"",5,NA,NA,5,5,"","",NA,"",NA,NA,NA,NA,NA,NA,NA,NA,NA,2,1,5,1,1,1,1,NA,5,1,1,3,2,"68",1,"2","1","3",4,6,2,1,1,1,1,1,1,1,1,5,5,5,5,1,2,5,1,NA,NA,NA,NA,NA,NA,NA,NA,NA,NA,NA,NA,NA,NA,NA,NA,"yes"
"843",49,21,"mandatory","yes","male",5,5,3,5,1,2,1,NA,4,16,NA,NA,0,0,0,0,0,1,0,0,0,0,0,0,0,0,1,0,0,0,0,0,0,0,0,0,0,0,0,1,0,1,NA,NA,NA,NA,NA,NA,NA,NA,NA,NA,NA,NA,NA,NA,NA,NA,NA,NA,NA,NA,NA,NA,NA,NA,NA,NA,NA,"1",5,5,5,5,2,"2","",NA,"Laredo",2,2,1,1,1,1,1,1,2,2,4,4,1,1,3,3,5,5,1,2,3,2,"49",1,"1","2","",5,8,1,1,1,1,1,5,1,1,5,5,1,1,1,1,2,4,2,2,2,2,2,1,2,2,1,NA,NA,NA,NA,NA,NA,NA,NA,"yes"
"844",68,16,"mandatory","yes","female",3,4,5,NA,3,4,1,NA,2,10,NA,NA,0,0,0,0,0,0,0,0,0,0,0,0,0,0,1,0,0,0,0,0,0,0,0,0,0,0,1,1,0,1,NA,NA,NA,NA,NA,NA,NA,NA,NA,NA,NA,NA,NA,NA,NA,NA,NA,NA,NA,NA,NA,NA,NA,NA,NA,NA,NA,"1",5,2,2,1,3,"2","",3,"San Antonio",2,2,1,NA,NA,NA,NA,2,2,2,5,5,5,3,5,5,5,5,1,1,3,3,"68",4,"","5","1",3,1,2,1,5,3,4,5,5,5,5,4,4,2,5,5,2,5,2,1,1,2,2,2,1,2,1,NA,NA,NA,NA,NA,NA,NA,NA,"yes"
"845",56,16,"mandatory","no","female",1,4,4,1,1,4,NA,NA,NA,NA,NA,NA,NA,NA,NA,NA,NA,NA,NA,NA,NA,NA,NA,NA,NA,NA,NA,NA,NA,NA,NA,NA,NA,NA,NA,NA,NA,NA,NA,NA,NA,NA,NA,NA,NA,NA,NA,NA,NA,NA,NA,NA,NA,NA,NA,NA,NA,NA,NA,NA,NA,NA,NA,NA,NA,NA,NA,NA,NA,"",4,4,4,4,4,"","",NA,"",NA,NA,NA,NA,NA,NA,NA,NA,NA,2,5,5,5,5,5,5,5,5,1,1,3,3,"56",1,"","","1",3,1,2,1,5,5,5,5,5,5,5,5,5,5,5,5,1,5,1,NA,NA,NA,NA,NA,NA,NA,NA,NA,NA,NA,NA,NA,NA,NA,NA,"no"
"846",52,16,"mandatory","yes","male",4,4,3,3,1,5,1,NA,4,18,NA,NA,0,0,0,0,0,0,1,0,0,0,0,0,0,0,0,0,1,0,0,0,0,0,0,0,0,0,0,1,0,1,NA,NA,NA,NA,NA,NA,NA,NA,NA,NA,NA,NA,NA,NA,NA,NA,NA,NA,NA,NA,NA,NA,NA,NA,NA,NA,NA,"3",5,2,4,5,1,"4","0",NA,"Lock Hart",2,1,1,1,1,0,1,1,1,2,4,3,1,2,1,5,2,5,1,1,3,2,"52",1,"","3","",3,6,1,1,4,1,3,5,5,3,5,5,1,3,1,1,2,4,2,6,2,2,2,6,3,NA,2,1,1,1,0,1,1,0,0,"yes"
"847",40,18,"mandatory","yes","female",2,4,4,3,1,4,0,1,NA,NA,NA,NA,0,0,0,0,0,0,0,0,0,0,0,0,0,0,0,0,0,1,0,0,0,0,0,0,0,0,0,1,0,1,NA,NA,NA,NA,NA,NA,NA,NA,NA,NA,NA,NA,NA,NA,NA,NA,NA,NA,NA,NA,NA,NA,NA,NA,NA,NA,NA,"2",5,4,4,5,5,"2","0",NA,"Carrizo Springs",2,2,1,1,1,1,0,1,2,2,3,4,2,2,3,3,2,4,1,1,NA,1,"40",1,"","5","",4,8,2,1,2,3,2,2,4,4,4,2,2,4,4,5,1,4,2,5,2,5,5,6,6,4,2,0,0,0,0,0,1,0,0,"yes"
"848",72,18,"mandatory","yes","male",1,1,1,3,1,2,1,NA,3,14,NA,NA,0,0,1,0,0,0,1,0,0,0,0,0,0,0,1,0,0,0,0,0,0,0,0,0,0,0,0,1,0,1,NA,NA,NA,NA,NA,NA,NA,NA,NA,NA,NA,NA,NA,NA,NA,NA,NA,NA,NA,NA,NA,NA,NA,NA,NA,NA,NA,"1",1,1,1,1,1,"1","0",NA,"Swinney Switch",1,4,1,1,1,1,1,1,1,2,1,1,1,1,1,2,1,5,1,1,3,3,"72",1,"","","2",4,6,1,1,1,1,1,1,3,2,3,3,3,1,2,1,2,5,2,1,1,2,5,6,5,1,2,NA,NA,NA,NA,NA,NA,NA,NA,"no"
"849",47,NA,"mandatory","yes","female",3,2,4,3,2,2,1,NA,5,10,NA,NA,0,0,1,0,0,0,0,0,0,0,1,0,0,0,0,0,0,0,0,0,0,0,0,0,0,0,0,1,0,1,NA,NA,NA,NA,NA,NA,NA,NA,NA,NA,NA,NA,NA,NA,NA,NA,NA,NA,NA,NA,NA,NA,NA,NA,NA,NA,NA,"1",5,NA,NA,3,5,"1","0",NA,"Beeville, TX",2,2,1,1,1,1,1,1,1,2,3,3,2,2,3,4,5,5,1,1,3,2,"47",1,"","2","",NA,NA,2,1,4,5,3,3,5,5,5,NA,NA,3,5,2,2,5,2,1,1,2,3,3,3,2,1,NA,NA,NA,NA,NA,NA,NA,NA,"yes"
"850",NA,NA,"mandatory",NA,NA,1,3,4,NA,1,1,NA,NA,NA,NA,NA,NA,NA,NA,NA,NA,NA,NA,NA,NA,NA,NA,NA,NA,NA,NA,NA,NA,NA,NA,NA,NA,NA,NA,NA,NA,NA,NA,NA,NA,NA,NA,NA,NA,NA,NA,NA,NA,NA,NA,NA,NA,NA,NA,NA,NA,NA,NA,NA,NA,NA,NA,NA,NA,NA,NA,NA,NA,NA,"",5,5,5,5,5,"","",NA,"",NA,NA,NA,NA,NA,NA,NA,NA,NA,NA,NA,NA,NA,NA,NA,NA,NA,NA,NA,NA,NA,NA,"",NA,"","","",NA,NA,NA,NA,NA,NA,NA,NA,NA,NA,NA,NA,NA,NA,NA,NA,NA,NA,NA,NA,NA,NA,NA,NA,NA,NA,NA,NA,NA,NA,NA,NA,NA,NA,NA,"no"
"851",77,18,"mandatory","yes","female",NA,2,3,NA,NA,3,1,NA,4,14,NA,NA,0,0,1,0,1,0,1,0,0,0,0,0,0,0,0,0,1,0,0,0,0,0,0,0,0,0,0,1,0,1,NA,NA,NA,NA,NA,NA,NA,NA,NA,NA,NA,NA,NA,NA,NA,NA,NA,NA,NA,NA,NA,NA,NA,NA,NA,NA,NA,"1",3,NA,NA,3,3,"1","0",NA,"Delvalla (Austin)",2,1,1,1,1,1,1,1,1,2,4,4,NA,2,2,1,1,5,1,1,NA,2,"77",4,"","","1",4,NA,2,1,NA,1,2,5,3,3,4,4,2,3,3,1,2,5,2,NA,NA,NA,5,5,6,5,1,NA,NA,NA,NA,NA,NA,NA,NA,"yes"
"852",62,16,"mandatory","yes","male",1,5,3,3,1,5,1,NA,5,12,NA,NA,0,0,0,0,0,1,0,0,0,0,0,0,0,0,0,0,0,0,0,1,0,0,0,0,0,0,0,1,0,1,NA,NA,NA,NA,NA,NA,NA,NA,NA,NA,NA,NA,NA,NA,NA,NA,NA,NA,NA,NA,NA,NA,NA,NA,NA,NA,NA,"1",5,5,5,5,5,"3","0",3,"Laredo, TX",1,2,1,1,NA,NA,NA,1,1,2,3,4,1,1,4,3,2,5,1,1,3,1,"62",4,"","3","",3,3,1,1,1,3,2,5,2,2,3,5,5,5,5,3,2,4,2,1,1,4,4,NA,5,1,1,NA,NA,NA,NA,NA,NA,NA,NA,"yes"
"853",27,18,"mandatory","no","female",1,3,2,4,NA,2,NA,NA,NA,NA,NA,NA,NA,NA,NA,NA,NA,NA,NA,NA,NA,NA,NA,NA,NA,NA,NA,NA,NA,NA,NA,NA,NA,NA,NA,NA,NA,NA,NA,NA,NA,NA,NA,NA,NA,NA,NA,NA,NA,NA,NA,NA,NA,NA,NA,NA,NA,NA,NA,NA,NA,NA,NA,NA,NA,NA,NA,NA,NA,"",3,2,3,3,3,"","",NA,"",NA,NA,NA,NA,NA,NA,NA,NA,NA,1,3,2,2,3,3,1,3,4,1,1,3,3,"27",2,"","2","",4,2,2,1,3,4,4,4,3,2,3,1,1,4,4,4,2,4,1,NA,NA,NA,NA,NA,NA,NA,NA,NA,NA,NA,NA,NA,NA,NA,NA,"yes"
"854",42,21,"mandatory","yes","female",1,2,1,1,1,1,1,NA,4,8,NA,NA,0,0,0,0,0,0,0,0,0,0,0,0,0,0,1,0,0,0,0,0,0,0,0,0,0,0,0,1,0,1,NA,NA,NA,NA,NA,NA,NA,NA,NA,NA,NA,NA,NA,NA,NA,NA,NA,NA,NA,NA,NA,NA,NA,NA,NA,NA,NA,"1",5,5,5,5,5,"3","0",NA,"San Antonio",2,2,1,1,1,1,1,1,1,2,3,4,1,1,1,1,2,4,1,1,2,2,"42",1,"2","2","1",5,8,2,1,1,1,1,1,1,1,1,2,1,1,1,1,2,5,2,1,6,6,6,6,6,6,1,NA,NA,NA,NA,NA,NA,NA,NA,"yes"
"855",NA,18,"mandatory","yes","male",2,4,4,1,1,3,1,NA,4,8,NA,NA,0,1,0,0,0,0,1,0,0,0,0,0,0,0,0,0,1,0,0,0,0,0,0,0,0,0,0,1,0,1,NA,NA,NA,NA,NA,NA,NA,NA,NA,NA,NA,NA,NA,NA,NA,NA,NA,NA,NA,NA,NA,NA,NA,NA,NA,NA,NA,"1",5,5,5,5,5,"2","0",NA,"Ft. Worth",2,1,NA,NA,NA,NA,NA,1,2,2,4,5,2,1,3,3,1,5,1,1,3,3,"",1,"","","2",4,7,1,1,1,1,1,1,3,2,5,1,1,3,1,1,2,4,2,1,1,2,6,2,2,6,1,NA,NA,NA,NA,NA,NA,NA,NA,"yes"
"856",62,10,"mandatory","yes","female",NA,NA,2,NA,NA,NA,1,NA,4,NA,NA,NA,0,0,0,0,0,0,0,0,0,0,0,0,0,0,0,0,1,0,0,0,0,0,0,0,0,0,0,1,0,1,NA,NA,NA,NA,NA,NA,NA,NA,NA,NA,NA,NA,NA,NA,NA,NA,NA,NA,NA,NA,NA,NA,NA,NA,NA,NA,NA,"1",5,NA,NA,NA,NA,"1","0",NA,"Beville, TX",2,4,1,1,1,0,0,1,1,2,NA,NA,NA,NA,5,5,5,NA,1,1,3,3,"62",1,"4","3","0",1,2,2,NA,NA,5,NA,NA,NA,5,NA,NA,NA,NA,NA,5,1,4,2,5,NA,NA,NA,NA,NA,NA,NA,1,1,1,1,1,0,0,0,"no"
"857",64,12,"mandatory","yes","male",1,2,2,3,1,1,1,NA,4,7,NA,NA,0,0,0,0,0,0,0,0,0,0,0,0,0,0,1,0,0,0,0,0,0,0,0,0,0,0,0,1,0,1,NA,NA,NA,NA,NA,NA,NA,NA,NA,NA,NA,NA,NA,NA,NA,NA,NA,NA,NA,NA,NA,NA,NA,NA,NA,NA,NA,"1",5,5,4,5,5,"1","0",NA,"Freer",1,2,1,1,1,1,0,1,1,2,5,5,1,3,3,4,4,5,1,1,3,1,"64",2,"0","1","0",2,1,1,1,4,3,3,5,4,4,4,3,3,5,5,5,2,NA,2,2,1,1,2,2,2,1,2,1,1,1,0,1,0,0,0,"yes"
"858",79,16,"mandatory","yes","male",1,5,5,1,1,5,1,NA,5,8,NA,NA,0,0,0,0,0,0,1,0,0,0,0,0,0,0,0,0,0,0,0,0,0,0,0,0,0,0,0,1,0,1,NA,NA,NA,NA,NA,NA,NA,NA,NA,NA,NA,NA,NA,NA,NA,NA,NA,NA,NA,NA,NA,NA,NA,NA,NA,NA,NA,"1",5,1,1,3,3,"2","0",NA,"Dripping Springs",2,1,1,1,1,1,1,1,1,2,1,1,1,1,1,3,1,1,1,1,3,1,"79",1,"","","2",3,2,1,1,1,1,2,2,5,3,3,1,2,1,3,1,2,5,2,1,1,1,2,2,1,3,1,NA,NA,NA,NA,NA,NA,NA,NA,"yes"
"859",71,16,"mandatory","yes","female",1,3,3,1,3,4,1,NA,3,NA,NA,NA,0,1,0,0,0,0,0,0,0,0,0,0,0,0,0,0,0,0,0,0,0,0,0,0,1,0,0,0,0,2,1,1,1,4,NA,NA,1,NA,NA,NA,NA,NA,NA,NA,NA,NA,NA,NA,NA,NA,NA,NA,NA,NA,NA,NA,NA,"1",4,3,2,4,4,"2","0",NA,"Carrizo Springs, TX",3,2,1,0,0,0,1,1,1,2,4,4,3,2,4,4,4,4,1,1,3,1,"71",3,"","","2",3,NA,2,1,4,4,4,5,5,5,5,5,5,5,5,5,1,4,2,1,1,NA,3,6,5,1,1,NA,NA,NA,NA,NA,NA,NA,NA,"no"
"860",52,18,"mandatory","yes","male",1,5,4,5,1,4,1,NA,5,8,NA,NA,0,0,0,0,0,0,0,0,0,0,1,0,0,0,0,0,0,0,0,0,0,0,0,0,0,0,0,1,0,1,NA,NA,NA,NA,NA,NA,NA,NA,NA,NA,NA,NA,NA,NA,NA,NA,NA,NA,NA,NA,NA,NA,NA,NA,NA,NA,NA,"2",5,5,5,5,5,"3","0",NA,"Euless",2,1,1,1,1,1,1,1,2,2,4,3,1,2,3,4,5,5,1,1,3,2,"52",1,"0","3","",4,5,1,1,1,5,2,5,1,5,2,5,1,1,4,5,2,4,2,1,1,6,6,6,6,6,2,1,1,1,1,1,1,1,0,"yes"
"861",66,21,"mandatory","yes","female",2,5,5,4,2,4,1,NA,5,9,NA,NA,NA,NA,NA,NA,NA,NA,NA,NA,NA,NA,NA,NA,NA,NA,NA,NA,NA,NA,NA,NA,NA,NA,0,0,0,0,0,1,0,1,NA,NA,NA,NA,NA,NA,NA,NA,NA,NA,NA,NA,NA,NA,NA,NA,NA,NA,NA,NA,NA,NA,NA,NA,NA,NA,NA,"2",5,5,5,4,5,"3","0",NA,"Cibolo",2,1,1,1,1,1,1,1,2,2,2,5,1,1,2,2,1,5,1,1,3,1,"66",1,"1","1","2",5,7,2,1,5,1,2,2,3,3,4,5,1,2,3,5,2,4,2,1,1,5,6,6,6,6,2,1,1,1,1,1,1,0,1,"yes"
"862",44,21,"mandatory","yes","female",3,2,2,2,1,3,0,2,4,12,4,17,NA,NA,NA,NA,NA,NA,NA,NA,NA,NA,NA,NA,NA,NA,NA,NA,NA,NA,NA,NA,NA,NA,0,1,1,0,0,1,0,1,NA,NA,NA,NA,NA,NA,NA,NA,NA,NA,NA,NA,NA,NA,NA,NA,NA,NA,NA,NA,NA,NA,NA,NA,NA,NA,NA,"2",2,2,2,4,2,"5","0",NA,"Midwest City, Ok",1,2,1,1,0,0,0,1,2,2,4,5,2,3,3,3,5,5,1,NA,2,1,"44",1,"1","2","",5,7,2,1,3,1,1,1,2,3,5,1,1,2,1,3,2,4,2,6,6,6,6,6,6,6,2,1,1,1,0,1,1,0,0,"yes"
"863",73,21,"mandatory","no","female",1,2,2,1,5,2,NA,NA,NA,NA,NA,NA,NA,NA,NA,NA,NA,NA,NA,NA,NA,NA,NA,NA,NA,NA,NA,NA,NA,NA,NA,NA,NA,NA,NA,NA,NA,NA,NA,NA,NA,NA,NA,NA,NA,NA,NA,NA,NA,NA,NA,NA,NA,NA,NA,NA,NA,NA,NA,NA,NA,NA,NA,NA,NA,NA,NA,NA,NA,"",5,2,1,5,2,"","",NA,"",NA,NA,NA,NA,NA,NA,NA,NA,NA,2,4,4,1,1,1,1,3,5,1,1,3,NA,"73",1,"","","3",5,7,2,1,1,1,1,1,1,1,1,1,1,1,1,1,2,4,1,NA,NA,NA,NA,NA,NA,NA,NA,NA,NA,NA,NA,NA,NA,NA,NA,"no"
"864",69,16,"voluntary","no","female",5,2,2,4,4,5,NA,NA,NA,NA,NA,NA,NA,NA,NA,NA,NA,NA,NA,NA,NA,NA,NA,NA,NA,NA,NA,NA,NA,NA,NA,NA,NA,NA,NA,NA,NA,NA,NA,NA,NA,NA,NA,NA,NA,NA,NA,NA,NA,NA,NA,NA,NA,NA,NA,NA,NA,NA,NA,NA,NA,NA,NA,NA,NA,NA,NA,NA,NA,"",4,1,1,4,4,"","",NA,"",NA,NA,NA,NA,NA,NA,NA,NA,NA,2,5,5,1,1,4,3,1,5,1,1,3,1,"69",4,"","","1",3,1,2,1,NA,1,1,1,NA,3,3,3,NA,2,3,1,1,4,1,NA,NA,NA,NA,NA,NA,NA,NA,NA,NA,NA,NA,NA,NA,NA,NA,"no"
"865",64,12,"voluntary","yes","female",1,4,4,1,1,3,1,NA,5,17,NA,NA,0,0,0,1,0,0,0,0,0,0,0,0,0,0,0,0,0,0,0,0,0,0,0,0,0,0,0,1,0,1,NA,NA,NA,NA,NA,NA,NA,NA,NA,NA,NA,NA,NA,NA,NA,NA,NA,NA,NA,NA,NA,NA,NA,NA,NA,NA,NA,"2",5,2,5,3,5,"2","0",NA,"Victoria",2,1,1,NA,NA,NA,NA,NA,NA,2,5,5,1,5,5,5,5,5,1,1,3,2,"64",3,"","","",2,1,2,1,1,5,5,5,1,5,5,1,1,5,5,5,2,4,2,1,NA,4,6,6,3,2,1,NA,NA,NA,NA,NA,NA,NA,NA,"yes"
"866",47,16,"voluntary","no","female",1,1,5,3,3,3,NA,NA,NA,NA,NA,NA,NA,NA,NA,NA,NA,NA,NA,NA,NA,NA,NA,NA,NA,NA,NA,NA,NA,NA,NA,NA,NA,NA,NA,NA,NA,NA,NA,NA,NA,NA,NA,NA,NA,NA,NA,NA,NA,NA,NA,NA,NA,NA,NA,NA,NA,NA,NA,NA,NA,NA,NA,NA,NA,NA,NA,NA,NA,"",5,1,1,1,3,"","",NA,"",NA,NA,NA,NA,NA,NA,NA,NA,NA,2,3,3,1,1,1,1,5,5,1,1,1,1,"47",2,"1","2","",3,1,2,1,1,3,5,5,1,1,1,1,5,5,3,5,2,4,1,NA,NA,NA,NA,NA,NA,NA,NA,NA,NA,NA,NA,NA,NA,NA,NA,"no"
"867",38,12,"voluntary","yes","female",NA,NA,NA,NA,NA,NA,1,NA,4,13,NA,NA,0,1,0,0,0,0,0,0,0,0,0,0,0,0,0,0,0,0,0,0,0,0,0,0,0,0,0,1,0,1,NA,NA,NA,NA,NA,NA,NA,NA,NA,NA,NA,NA,NA,NA,NA,NA,NA,NA,NA,NA,NA,NA,NA,NA,NA,NA,NA,"2",5,NA,NA,NA,5,"2","",NA,"La Penita",2,1,1,1,1,1,0,2,2,2,5,5,NA,NA,5,5,NA,NA,1,3,NA,NA,"38",NA,"3","3","",2,1,2,1,5,5,NA,NA,5,5,5,NA,NA,NA,5,5,NA,4,2,NA,NA,6,6,1,4,6,NA,1,1,1,1,1,0,0,0,"no"
"868",67,21,"voluntary","no","female",3,3,5,4,2,3,NA,NA,NA,NA,NA,NA,NA,NA,NA,NA,NA,NA,NA,NA,NA,NA,NA,NA,NA,NA,NA,NA,NA,NA,NA,NA,NA,NA,NA,NA,NA,NA,NA,NA,NA,NA,NA,NA,NA,NA,NA,NA,NA,NA,NA,NA,NA,NA,NA,NA,NA,NA,NA,NA,NA,NA,NA,NA,NA,NA,NA,NA,NA,"",3,5,2,2,3,"","",NA,"",NA,NA,NA,NA,NA,NA,NA,NA,NA,2,5,5,1,1,2,1,5,5,1,1,3,2,"67",4,"","1","1",5,3,2,1,2,1,1,4,3,2,1,4,5,1,3,2,2,4,1,NA,NA,NA,NA,NA,NA,NA,NA,NA,NA,NA,NA,NA,NA,NA,NA,"no"
"869",43,12,"voluntary","yes","female",1,4,4,5,5,5,1,NA,4,20,NA,NA,0,0,1,0,0,0,0,1,0,0,0,0,0,0,0,0,0,0,0,0,0,0,0,0,1,0,0,0,0,1,NA,NA,NA,NA,NA,NA,NA,NA,NA,NA,NA,NA,NA,NA,NA,NA,NA,NA,NA,NA,NA,NA,NA,NA,NA,NA,NA,"2",1,1,1,1,5,"1","0",1,"San Antonio, TX",2,1,1,1,1,0,1,1,1,1,5,5,3,5,5,5,1,5,1,1,3,3,"43",2,"3","","",2,1,2,2,5,5,1,3,5,5,5,5,5,1,1,5,2,4,2,3,2,3,3,3,3,3,1,NA,NA,NA,NA,NA,NA,NA,NA,"no"
"870",61,NA,"voluntary","yes","male",1,5,5,5,5,4,1,NA,5,12,NA,NA,0,1,0,0,0,0,0,0,0,0,0,0,0,0,0,0,0,0,0,0,0,0,NA,NA,NA,NA,NA,NA,NA,1,NA,NA,NA,NA,NA,NA,NA,NA,NA,NA,NA,NA,NA,NA,NA,NA,NA,NA,NA,NA,NA,NA,NA,NA,NA,NA,NA,"2",5,5,5,5,5,"3","0",NA,"",2,2,1,1,1,1,1,1,2,2,4,5,2,4,4,4,5,5,1,1,3,2,"61",1,"","2","",NA,4,1,1,4,5,5,5,5,5,5,5,5,5,5,5,2,4,2,1,3,3,3,6,3,3,1,NA,NA,NA,NA,NA,NA,NA,NA,"yes"
"871",46,12,"voluntary","yes","female",NA,5,5,5,4,3,1,NA,3,15,NA,NA,0,1,1,0,0,0,0,0,0,0,0,0,0,0,0,0,0,0,0,0,0,0,0,0,0,0,0,1,0,1,NA,NA,NA,NA,NA,NA,NA,NA,NA,NA,NA,NA,NA,NA,NA,NA,NA,NA,NA,NA,NA,NA,NA,NA,NA,NA,NA,"2",3,3,3,4,4,"2","0",NA,"Waco, Tx.",3,2,1,1,1,1,0,1,2,1,NA,4,2,1,3,3,2,4,1,2,3,3,"46",2,"","2","",2,7,2,1,4,1,3,3,5,5,5,2,2,1,1,2,2,5,2,6,6,2,6,3,6,2,1,NA,NA,NA,NA,NA,NA,NA,NA,"no"
"872",67,12,"voluntary","no","male",1,5,5,2,5,1,NA,NA,NA,NA,NA,NA,NA,NA,NA,NA,NA,NA,NA,NA,NA,NA,NA,NA,NA,NA,NA,NA,NA,NA,NA,NA,NA,NA,NA,NA,NA,NA,NA,NA,NA,NA,NA,NA,NA,NA,NA,NA,NA,NA,NA,NA,NA,NA,NA,NA,NA,NA,NA,NA,NA,NA,NA,NA,NA,NA,NA,NA,NA,"",5,5,5,5,5,"","",NA,"",NA,NA,NA,NA,NA,NA,NA,NA,NA,2,5,5,1,5,5,1,5,5,1,1,3,2,"67",1,"","","2",2,1,1,5,1,1,5,5,1,1,1,1,1,1,1,1,1,4,1,NA,NA,NA,NA,NA,NA,NA,NA,NA,NA,NA,NA,NA,NA,NA,NA,"no"
"873",52,12,"voluntary","no","male",1,5,4,5,2,5,NA,NA,NA,NA,NA,NA,NA,NA,NA,NA,NA,NA,NA,NA,NA,NA,NA,NA,NA,NA,NA,NA,NA,NA,NA,NA,NA,NA,NA,NA,NA,NA,NA,NA,NA,NA,NA,NA,NA,NA,NA,NA,NA,NA,NA,NA,NA,NA,NA,NA,NA,NA,NA,NA,NA,NA,NA,NA,NA,NA,NA,NA,NA,"",5,5,5,5,5,"","",NA,"",NA,NA,NA,NA,NA,NA,NA,NA,NA,2,4,4,1,4,4,4,5,5,1,1,3,2,"52",2,"","2","",2,7,1,5,1,1,1,1,1,1,1,5,3,5,4,5,1,4,1,NA,NA,NA,NA,NA,NA,NA,NA,NA,NA,NA,NA,NA,NA,NA,NA,"no"
"874",60,16,"voluntary","no","female",1,2,3,1,4,2,NA,NA,NA,NA,NA,NA,NA,NA,NA,NA,NA,NA,NA,NA,NA,NA,NA,NA,NA,NA,NA,NA,NA,NA,NA,NA,NA,NA,NA,NA,NA,NA,NA,NA,NA,NA,NA,NA,NA,NA,NA,NA,NA,NA,NA,NA,NA,NA,NA,NA,NA,NA,NA,NA,NA,NA,NA,NA,NA,NA,NA,NA,NA,"",2,1,1,1,1,"","",NA,"",NA,NA,NA,NA,NA,NA,NA,NA,NA,1,3,4,1,1,1,1,1,4,1,2,2,2,"60",1,"","2","",3,5,2,1,1,1,4,1,1,1,1,1,1,1,1,1,2,5,1,NA,NA,NA,NA,NA,NA,NA,NA,NA,NA,NA,NA,NA,NA,NA,NA,"no"
"875",53,16,"voluntary","no","male",3,3,3,2,4,1,NA,NA,NA,NA,NA,NA,NA,NA,NA,NA,NA,NA,NA,NA,NA,NA,NA,NA,NA,NA,NA,NA,NA,NA,NA,NA,NA,NA,NA,NA,NA,NA,NA,NA,NA,NA,NA,NA,NA,NA,NA,NA,NA,NA,NA,NA,NA,NA,NA,NA,NA,NA,NA,NA,NA,NA,NA,NA,NA,NA,NA,NA,NA,"",5,1,1,3,5,"","",NA,"",NA,NA,NA,NA,NA,NA,NA,NA,NA,2,4,5,1,1,4,3,5,5,1,1,3,3,"53",2,"0","0","0",3,8,1,1,1,5,3,5,3,5,5,1,1,1,4,5,2,5,1,NA,NA,NA,NA,NA,NA,NA,NA,NA,NA,NA,NA,NA,NA,NA,NA,"no"
"876",36,18,"voluntary","no","female",1,5,5,3,3,2,NA,NA,NA,NA,NA,NA,NA,NA,NA,NA,NA,NA,NA,NA,NA,NA,NA,NA,NA,NA,NA,NA,NA,NA,NA,NA,NA,NA,NA,NA,NA,NA,NA,NA,NA,NA,NA,NA,NA,NA,NA,NA,NA,NA,NA,NA,NA,NA,NA,NA,NA,NA,NA,NA,NA,NA,NA,NA,NA,NA,NA,NA,NA,"",5,5,5,5,5,"","",NA,"",NA,NA,NA,NA,NA,NA,NA,NA,NA,2,3,5,1,1,2,1,1,4,1,2,3,2,"36",1,"2","2","",4,NA,2,1,1,1,1,5,3,1,4,1,1,3,4,1,NA,5,1,NA,NA,NA,NA,NA,NA,NA,NA,NA,NA,NA,NA,NA,NA,NA,NA,"yes"
"877",48,18,"voluntary","no","male",4,5,5,5,2,2,NA,NA,NA,NA,NA,NA,NA,NA,NA,NA,NA,NA,NA,NA,NA,NA,NA,NA,NA,NA,NA,NA,NA,NA,NA,NA,NA,NA,NA,NA,NA,NA,NA,NA,NA,NA,NA,NA,NA,NA,NA,NA,NA,NA,NA,NA,NA,NA,NA,NA,NA,NA,NA,NA,NA,NA,NA,NA,NA,NA,NA,NA,NA,"",5,5,5,5,5,"","",NA,"",NA,NA,NA,NA,NA,NA,NA,NA,NA,2,2,4,1,1,3,3,2,4,1,1,2,2,"48",1,"2","2","",4,8,1,5,1,2,3,3,4,2,4,5,3,2,3,2,1,5,1,NA,NA,NA,NA,NA,NA,NA,NA,NA,NA,NA,NA,NA,NA,NA,NA,"no"
"878",57,12,"voluntary","no","male",1,1,1,1,1,1,NA,NA,NA,NA,NA,NA,NA,NA,NA,NA,NA,NA,NA,NA,NA,NA,NA,NA,NA,NA,NA,NA,NA,NA,NA,NA,NA,NA,NA,NA,NA,NA,NA,NA,NA,NA,NA,NA,NA,NA,NA,NA,NA,NA,NA,NA,NA,NA,NA,NA,NA,NA,NA,NA,NA,NA,NA,NA,NA,NA,NA,NA,NA,"",5,2,2,5,5,"","",NA,"",NA,NA,NA,NA,NA,NA,NA,NA,NA,2,3,3,1,1,2,3,3,5,1,1,3,1,"57",2,"","1","",2,3,1,1,1,1,1,1,1,2,2,1,1,1,1,1,2,5,1,NA,NA,NA,NA,NA,NA,NA,NA,NA,NA,NA,NA,NA,NA,NA,NA,"no"
"879",49,21,"voluntary","yes","female",3,4,4,4,3,2,1,NA,5,5,NA,NA,1,0,0,0,1,0,0,0,0,0,0,0,0,0,0,0,0,0,0,0,0,0,0,0,0,0,0,1,0,1,NA,NA,NA,NA,NA,NA,NA,NA,NA,NA,NA,NA,NA,NA,NA,NA,NA,NA,NA,NA,NA,NA,NA,NA,NA,NA,NA,"1",4,5,5,5,5,"3","0",NA,"Shiner, TX",2,1,1,1,0,0,1,1,2,2,4,4,1,2,4,3,4,5,1,1,3,1,"49",1,"2","","",5,7,2,1,5,4,5,5,5,4,4,5,5,5,5,5,2,4,2,1,1,6,6,6,6,6,1,NA,NA,NA,NA,NA,NA,NA,NA,"no"
"880",59,16,"voluntary","no","male",1,3,4,3,2,4,NA,NA,NA,NA,NA,NA,NA,NA,NA,NA,NA,NA,NA,NA,NA,NA,NA,NA,NA,NA,NA,NA,NA,NA,NA,NA,NA,NA,NA,NA,NA,NA,NA,NA,NA,NA,NA,NA,NA,NA,NA,NA,NA,NA,NA,NA,NA,NA,NA,NA,NA,NA,NA,NA,NA,NA,NA,NA,NA,NA,NA,NA,NA,"",3,2,2,3,4,"","",NA,"",NA,NA,NA,NA,NA,NA,NA,NA,NA,2,5,5,1,2,3,2,3,5,1,1,2,1,"59",1,"","2","",3,6,1,1,2,1,3,4,3,2,3,5,2,5,2,2,2,5,1,NA,NA,NA,NA,NA,NA,NA,NA,NA,NA,NA,NA,NA,NA,NA,NA,"no"
"881",61,21,"voluntary","yes",NA,2,5,2,1,5,2,1,NA,4,21,NA,NA,0,0,0,0,0,0,0,1,0,0,0,0,0,0,0,0,0,0,0,0,0,0,1,0,0,0,1,0,0,1,NA,NA,NA,NA,NA,NA,NA,NA,NA,NA,NA,NA,NA,NA,NA,NA,NA,NA,NA,NA,NA,NA,NA,NA,NA,NA,NA,"1",5,5,5,3,4,"2","0",NA,"Killeen, TX",2,2,1,1,1,1,1,1,1,2,5,5,3,4,3,4,2,5,1,1,1,1,"61",1,"","2","",5,5,NA,1,5,3,3,4,5,5,5,1,1,3,4,2,2,4,2,2,2,6,6,6,6,1,2,1,1,0,0,0,0,0,0,"no"
"882",70,NA,"voluntary","yes","male",1,1,3,1,1,2,1,NA,4,15,NA,NA,0,1,0,0,0,0,0,0,0,0,0,1,0,0,0,0,0,0,0,0,0,0,0,0,0,0,0,1,0,1,NA,NA,NA,NA,NA,NA,NA,NA,NA,NA,NA,NA,NA,NA,NA,NA,NA,NA,NA,NA,NA,NA,NA,NA,NA,NA,NA,"2",5,1,1,3,3,"2","0",NA,"Shiner, Tx",2,1,1,1,0,0,0,1,1,2,2,2,2,3,2,2,1,5,1,1,3,1,"70",1,"","","2",NA,NA,1,1,1,1,3,3,3,3,3,3,3,1,1,1,2,NA,2,1,1,2,5,5,5,1,1,NA,NA,NA,NA,NA,NA,NA,NA,"no"
"883",56,16,"voluntary","no","male",1,5,5,5,2,4,NA,NA,NA,NA,NA,NA,NA,NA,NA,NA,NA,NA,NA,NA,NA,NA,NA,NA,NA,NA,NA,NA,NA,NA,NA,NA,NA,NA,NA,NA,NA,NA,NA,NA,NA,NA,NA,NA,NA,NA,NA,NA,NA,NA,NA,NA,NA,NA,NA,NA,NA,NA,NA,NA,NA,NA,NA,NA,NA,NA,NA,NA,NA,"",5,2,2,5,3,"","",NA,"",NA,NA,NA,NA,NA,NA,NA,NA,NA,2,3,3,1,1,2,1,1,3,1,1,3,1,"56",1,"","2","",3,8,1,1,1,1,1,1,2,2,2,2,1,3,3,1,2,5,1,NA,NA,NA,NA,NA,NA,NA,NA,NA,NA,NA,NA,NA,NA,NA,NA,"no"
"884",65,16,"voluntary","no","female",NA,4,4,4,NA,3,NA,NA,NA,NA,NA,NA,NA,NA,NA,NA,NA,NA,NA,NA,NA,NA,NA,NA,NA,NA,NA,NA,NA,NA,NA,NA,NA,NA,NA,NA,NA,NA,NA,NA,NA,NA,NA,NA,NA,NA,NA,NA,NA,NA,NA,NA,NA,NA,NA,NA,NA,NA,NA,NA,NA,NA,NA,NA,NA,NA,NA,NA,NA,"",4,2,2,4,4,"","",NA,"",NA,NA,NA,NA,NA,NA,NA,NA,NA,2,4,5,2,2,3,1,3,5,1,1,2,2,"65",1,"","1","1",3,6,2,1,3,4,4,4,3,3,3,3,3,3,4,4,1,5,1,NA,NA,NA,NA,NA,NA,NA,NA,NA,NA,NA,NA,NA,NA,NA,NA,"no"
"885",61,21,"voluntary","no","male",1,2,1,1,1,2,NA,NA,NA,NA,NA,NA,NA,NA,NA,NA,NA,NA,NA,NA,NA,NA,NA,NA,NA,NA,NA,NA,NA,NA,NA,NA,NA,NA,NA,NA,NA,NA,NA,NA,NA,NA,NA,NA,NA,NA,NA,NA,NA,NA,NA,NA,NA,NA,NA,NA,NA,NA,NA,NA,NA,NA,NA,NA,NA,NA,NA,NA,NA,"",1,1,1,1,1,"","",NA,"",NA,NA,NA,NA,NA,NA,NA,NA,NA,2,5,5,1,1,5,1,5,5,1,1,3,NA,"61",2,"","","2",5,3,1,1,1,5,5,5,1,1,1,NA,1,5,5,5,2,4,1,NA,NA,NA,NA,NA,NA,NA,NA,NA,NA,NA,NA,NA,NA,NA,NA,"yes"
"886",60,18,"voluntary","no","female",1,3,3,1,1,3,NA,NA,NA,NA,NA,NA,NA,NA,NA,NA,NA,NA,NA,NA,NA,NA,NA,NA,NA,NA,NA,NA,NA,NA,NA,NA,NA,NA,NA,NA,NA,NA,NA,NA,NA,NA,NA,NA,NA,NA,NA,NA,NA,NA,NA,NA,NA,NA,NA,NA,NA,NA,NA,NA,NA,NA,NA,NA,NA,NA,NA,NA,NA,"",4,NA,NA,NA,NA,"","",NA,"",NA,NA,NA,NA,NA,NA,NA,NA,NA,2,3,3,1,5,3,2,1,5,1,1,3,2,"60",1,"","2","",4,8,2,1,1,1,5,5,3,3,4,3,3,1,3,5,2,5,1,NA,NA,NA,NA,NA,NA,NA,NA,NA,NA,NA,NA,NA,NA,NA,NA,"yes"
"887",80,10,"voluntary","no","female",1,5,5,1,1,5,NA,NA,NA,NA,NA,NA,NA,NA,NA,NA,NA,NA,NA,NA,NA,NA,NA,NA,NA,NA,NA,NA,NA,NA,NA,NA,NA,NA,NA,NA,NA,NA,NA,NA,NA,NA,NA,NA,NA,NA,NA,NA,NA,NA,NA,NA,NA,NA,NA,NA,NA,NA,NA,NA,NA,NA,NA,NA,NA,NA,NA,NA,NA,"",3,1,1,3,1,"","",NA,"",NA,NA,NA,NA,NA,NA,NA,NA,NA,2,5,2,1,1,3,1,1,5,1,1,1,1,"80",4,"","1","",1,1,2,1,5,1,1,1,5,4,5,3,1,1,1,1,1,5,1,NA,NA,NA,NA,NA,NA,NA,NA,NA,NA,NA,NA,NA,NA,NA,NA,"no"
"888",43,21,"voluntary","yes","female",2,5,3,5,2,5,1,NA,5,NA,NA,NA,0,0,1,0,1,0,0,1,0,0,0,0,0,0,0,0,1,0,0,0,0,0,0,0,0,0,0,1,0,2,3,5,3,5,5,NA,NA,1,NA,NA,NA,NA,1,NA,NA,NA,NA,NA,NA,NA,NA,1,NA,NA,NA,NA,NA,"1",5,5,5,4,3,"2","0",NA,"Kyle, TX",2,1,1,1,1,0,0,1,2,2,3,3,1,1,3,3,5,5,1,1,2,1,"43",1,"1","2","1",5,7,2,1,3,1,1,4,3,3,4,4,5,4,2,3,1,5,2,1,1,2,1,1,4,3,2,1,0,0,0,0,0,0,0,"no"
"889",74,21,"voluntary","no","female",1,5,1,5,1,1,NA,NA,NA,NA,NA,NA,NA,NA,NA,NA,NA,NA,NA,NA,NA,NA,NA,NA,NA,NA,NA,NA,NA,NA,NA,NA,NA,NA,NA,NA,NA,NA,NA,NA,NA,NA,NA,NA,NA,NA,NA,NA,NA,NA,NA,NA,NA,NA,NA,NA,NA,NA,NA,NA,NA,NA,NA,NA,NA,NA,NA,NA,NA,"",5,1,1,1,1,"","",NA,"",NA,NA,NA,NA,NA,NA,NA,NA,NA,2,4,5,1,2,2,2,5,4,1,1,3,2,"74",1,"","","2",5,7,2,1,1,1,1,4,1,2,3,4,1,3,5,1,2,4,1,NA,NA,NA,NA,NA,NA,NA,NA,NA,NA,NA,NA,NA,NA,NA,NA,"no"
"890",60,12,"voluntary","yes","female",2,4,4,4,1,2,1,NA,5,5,NA,NA,0,1,0,0,0,0,0,0,0,0,0,1,0,0,0,0,0,0,0,1,0,0,1,0,1,0,1,1,1,1,NA,NA,NA,NA,NA,NA,NA,NA,NA,NA,NA,NA,NA,NA,NA,NA,NA,NA,NA,NA,NA,NA,NA,NA,NA,NA,NA,"2",5,1,1,1,4,"3","0",NA,"Hallettsville, TX",2,1,1,1,1,1,1,2,1,2,4,4,1,3,3,3,3,5,1,1,3,1,"60",1,"1","3","",2,NA,2,NA,4,4,5,5,4,4,4,5,1,5,4,5,2,5,2,3,5,6,6,6,6,6,2,1,0,1,0,1,0,0,0,"yes"
"891",60,16,"voluntary","no","female",1,1,1,1,1,2,NA,NA,NA,NA,NA,NA,NA,NA,NA,NA,NA,NA,NA,NA,NA,NA,NA,NA,NA,NA,NA,NA,NA,NA,NA,NA,NA,NA,NA,NA,NA,NA,NA,NA,NA,NA,NA,NA,NA,NA,NA,NA,NA,NA,NA,NA,NA,NA,NA,NA,NA,NA,NA,NA,NA,NA,NA,NA,NA,NA,NA,NA,NA,"",5,1,2,3,4,"","",NA,"",NA,NA,NA,NA,NA,NA,NA,NA,NA,2,5,5,1,2,4,5,3,5,1,1,3,1,"60",1,"4","3","1",3,7,2,5,1,1,4,3,1,2,1,3,3,5,5,5,1,4,1,NA,NA,NA,NA,NA,NA,NA,NA,NA,NA,NA,NA,NA,NA,NA,NA,"no"
"892",83,18,"voluntary","no","female",1,5,5,1,1,1,NA,NA,NA,NA,NA,NA,NA,NA,NA,NA,NA,NA,NA,NA,NA,NA,NA,NA,NA,NA,NA,NA,NA,NA,NA,NA,NA,NA,NA,NA,NA,NA,NA,NA,NA,NA,NA,NA,NA,NA,NA,NA,NA,NA,NA,NA,NA,NA,NA,NA,NA,NA,NA,NA,NA,NA,NA,NA,NA,NA,NA,NA,NA,"",5,5,5,1,5,"","",NA,"",NA,NA,NA,NA,NA,NA,NA,NA,NA,1,5,5,1,1,1,1,5,5,1,1,2,2,"83",3,"","","1",4,6,2,1,1,1,1,1,1,1,1,1,1,1,1,5,2,5,1,NA,NA,NA,NA,NA,NA,NA,NA,NA,NA,NA,NA,NA,NA,NA,NA,"no"
"893",71,21,"voluntary","no","male",3,3,3,5,NA,3,NA,NA,NA,NA,NA,NA,NA,NA,NA,NA,NA,NA,NA,NA,NA,NA,NA,NA,NA,NA,NA,NA,NA,NA,NA,NA,NA,NA,NA,NA,NA,NA,NA,NA,NA,NA,NA,NA,NA,NA,NA,NA,NA,NA,NA,NA,NA,NA,NA,NA,NA,NA,NA,NA,NA,NA,NA,NA,NA,NA,NA,NA,NA,"",5,1,3,5,3,"","",NA,"",NA,NA,NA,NA,NA,NA,NA,NA,NA,2,5,5,1,1,2,1,1,5,1,1,3,1,"71",1,"2","2","1",5,7,1,1,NA,3,1,5,NA,NA,NA,NA,NA,5,5,1,2,5,1,NA,NA,NA,NA,NA,NA,NA,NA,NA,NA,NA,NA,NA,NA,NA,NA,"no"
"894",NA,NA,"voluntary","not applicable",NA,NA,NA,NA,NA,NA,NA,NA,NA,NA,NA,NA,NA,NA,NA,NA,NA,NA,NA,NA,NA,NA,NA,NA,NA,NA,NA,NA,NA,NA,NA,NA,NA,NA,NA,NA,NA,NA,NA,NA,NA,NA,NA,NA,NA,NA,NA,NA,NA,NA,NA,NA,NA,NA,NA,NA,NA,NA,NA,NA,NA,NA,NA,NA,NA,NA,NA,NA,NA,NA,"",NA,NA,NA,NA,NA,"","",NA,"",NA,NA,NA,NA,NA,NA,NA,NA,NA,NA,NA,NA,NA,NA,NA,NA,NA,NA,NA,NA,NA,NA,"",NA,"","","",NA,NA,NA,NA,NA,NA,NA,NA,NA,NA,NA,NA,NA,NA,NA,NA,NA,NA,NA,NA,NA,NA,NA,NA,NA,NA,NA,NA,NA,NA,NA,NA,NA,NA,NA,"no"
"895",65,21,"voluntary","no","female",1,5,5,5,1,5,NA,NA,NA,NA,NA,NA,NA,NA,NA,NA,NA,NA,NA,NA,NA,NA,NA,NA,NA,NA,NA,NA,NA,NA,NA,NA,NA,NA,NA,NA,NA,NA,NA,NA,NA,NA,NA,NA,NA,NA,NA,NA,NA,NA,NA,NA,NA,NA,NA,NA,NA,NA,NA,NA,NA,NA,NA,NA,NA,NA,NA,NA,NA,"",5,5,5,5,NA,"","",NA,"",NA,NA,NA,NA,NA,NA,NA,NA,NA,2,5,4,1,2,3,1,5,5,1,1,3,1,"65",3,"0","1","0",5,5,2,1,1,1,1,5,1,1,1,5,5,5,5,2,2,4,1,NA,NA,NA,NA,NA,NA,NA,NA,NA,NA,NA,NA,NA,NA,NA,NA,"no"
"896",37,16,"voluntary","yes","female",NA,3,3,4,2,1,1,NA,4,21,NA,NA,1,1,0,0,0,0,0,0,0,0,0,0,0,0,0,0,1,0,0,0,0,0,0,0,0,0,0,1,0,1,NA,NA,NA,NA,NA,NA,NA,NA,NA,NA,NA,NA,NA,NA,NA,NA,NA,NA,NA,NA,NA,NA,NA,NA,NA,NA,NA,"1",1,1,1,1,2,"2","0",NA,"Stockdale",2,1,1,1,1,0,0,1,2,1,3,5,1,2,3,3,2,4,1,1,3,1,"37",1,"1","2","",3,1,2,1,1,2,3,3,3,1,5,1,2,2,2,2,2,4,2,1,1,4,5,1,2,4,1,NA,NA,NA,NA,NA,NA,NA,NA,"no"
"897",70,12,"voluntary","yes","female",1,5,2,1,1,3,1,NA,4,6,NA,NA,0,1,0,0,0,0,0,0,0,0,1,0,0,0,0,0,0,0,0,1,0,0,0,0,0,0,0,1,0,1,NA,NA,NA,NA,NA,NA,NA,NA,NA,NA,NA,NA,NA,NA,NA,NA,NA,NA,NA,NA,NA,NA,NA,NA,NA,NA,NA,"1",2,2,2,2,2,"1","0",NA,"Moulton, Texas",1,1,1,1,1,1,1,1,1,2,1,1,1,1,1,1,3,5,1,1,2,1,"70",4,"","","1",2,1,2,5,2,1,1,1,5,5,5,4,1,1,1,1,1,4,2,6,2,6,3,1,1,1,1,NA,NA,NA,NA,NA,NA,NA,NA,"no"
"898",86,16,"voluntary","no","female",NA,4,5,5,NA,3,NA,NA,NA,NA,NA,NA,NA,NA,NA,NA,NA,NA,NA,NA,NA,NA,NA,NA,NA,NA,NA,NA,NA,NA,NA,NA,NA,NA,NA,NA,NA,NA,NA,NA,NA,NA,NA,NA,NA,NA,NA,NA,NA,NA,NA,NA,NA,NA,NA,NA,NA,NA,NA,NA,NA,NA,NA,NA,NA,NA,NA,NA,NA,"",NA,4,NA,NA,4,"","",NA,"",NA,NA,NA,NA,NA,NA,NA,NA,NA,2,5,5,1,1,1,1,1,5,1,1,2,3,"86",3,"","","1",3,1,2,1,1,1,1,1,2,3,2,NA,1,2,1,3,2,5,1,NA,NA,NA,NA,NA,NA,NA,NA,NA,NA,NA,NA,NA,NA,NA,NA,"no"
"899",81,21,"voluntary","yes","male",1,2,2,1,1,1,1,NA,4,10,NA,NA,0,1,0,0,0,0,0,0,0,0,0,0,0,0,0,0,0,0,0,0,0,0,0,0,0,0,0,1,0,1,NA,NA,NA,NA,NA,NA,NA,NA,NA,NA,NA,NA,NA,NA,NA,NA,NA,NA,NA,NA,NA,NA,NA,NA,NA,NA,NA,"1",5,3,1,4,5,"3","0",NA,"New Braunfels",2,1,1,1,1,1,1,1,1,2,4,3,1,1,3,1,4,5,1,1,3,1,"81",1,"","","2",5,NA,1,1,1,1,3,3,3,3,NA,4,4,1,4,1,2,5,2,1,2,2,4,1,2,1,1,NA,NA,NA,NA,NA,NA,NA,NA,"no"
"900",73,21,"voluntary","yes","male",1,5,2,4,1,3,1,NA,4,6,NA,NA,0,1,1,0,0,0,0,0,0,0,0,0,0,0,0,0,0,0,0,0,0,0,0,0,0,0,0,1,0,1,NA,NA,NA,NA,NA,NA,NA,NA,NA,NA,NA,NA,NA,NA,NA,NA,NA,NA,NA,NA,NA,NA,NA,NA,NA,NA,NA,"1",5,5,5,5,4,"3","0",NA,"Waco, TX",2,1,1,1,1,0,0,1,1,2,2,2,1,1,2,1,2,5,1,1,2,1,"73",1,"","","2",5,8,1,1,2,1,5,5,4,4,4,4,5,1,4,1,2,5,2,4,2,3,4,5,4,1,2,1,0,0,0,1,0,0,0,"no"
"901",51,16,"voluntary","yes","female",1,3,4,1,2,5,1,NA,3,12,NA,NA,0,0,0,0,0,0,0,0,0,0,0,0,0,0,0,0,0,0,0,1,0,0,0,0,0,0,0,1,0,1,NA,NA,NA,NA,NA,NA,NA,NA,NA,NA,NA,NA,NA,NA,NA,NA,NA,NA,NA,NA,NA,NA,NA,NA,NA,NA,NA,"2",5,1,1,1,5,"2","0",NA,"Hondo, TX",2,2,1,1,1,1,0,1,2,2,3,3,1,5,5,5,5,5,1,1,1,1,"51",1,"","4","",3,8,2,1,5,1,2,2,5,5,5,5,5,1,5,1,2,4,2,2,2,5,6,6,6,2,1,NA,NA,NA,NA,NA,NA,NA,NA,"no"
"902",84,16,"voluntary","yes","female",NA,NA,NA,NA,NA,2,1,NA,NA,NA,NA,NA,0,1,0,0,0,0,0,0,0,0,0,0,0,0,0,0,0,0,0,0,0,0,0,0,0,0,0,1,0,1,NA,NA,NA,NA,NA,NA,NA,NA,NA,NA,NA,NA,NA,NA,NA,NA,NA,NA,NA,NA,NA,NA,NA,NA,NA,NA,NA,"0",3,NA,NA,NA,NA,"1","0",1,"Caldwell, Tx.",2,1,1,NA,NA,NA,NA,1,NA,2,3,NA,NA,NA,3,NA,NA,3,1,1,3,NA,"84",4,"","","1",3,1,2,1,NA,1,2,2,4,NA,NA,4,NA,NA,4,4,2,4,2,NA,NA,NA,5,3,NA,NA,1,NA,NA,NA,NA,NA,NA,NA,NA,"no"
"903",68,16,"voluntary","yes","male",1,1,1,1,1,2,NA,NA,NA,NA,NA,NA,0,1,0,0,0,0,0,0,0,0,0,0,0,0,0,0,0,0,0,0,0,0,0,0,0,1,0,0,0,1,NA,NA,NA,NA,NA,NA,NA,NA,NA,NA,NA,NA,NA,NA,NA,NA,NA,NA,NA,NA,NA,NA,NA,NA,NA,NA,NA,"1",2,1,1,1,2,"2","0",NA,"Hallettsville, TX",2,1,1,1,1,1,1,1,1,2,5,NA,1,5,5,1,1,5,NA,1,3,2,"68",1,"","1","",3,3,1,1,1,1,1,1,1,1,3,3,3,1,1,1,2,4,2,1,1,1,3,5,2,1,1,NA,NA,NA,NA,NA,NA,NA,NA,"no"
"904",60,16,"voluntary","no","female",2,4,4,4,1,3,NA,NA,NA,NA,NA,NA,NA,NA,NA,NA,NA,NA,NA,NA,NA,NA,NA,NA,NA,NA,NA,NA,NA,NA,NA,NA,NA,NA,NA,NA,NA,NA,NA,NA,NA,NA,NA,NA,NA,NA,NA,NA,NA,NA,NA,NA,NA,NA,NA,NA,NA,NA,NA,NA,NA,NA,NA,NA,NA,NA,NA,NA,NA,"",4,1,1,1,1,"","",NA,"",NA,NA,NA,NA,NA,NA,NA,NA,NA,2,5,5,1,4,4,1,1,5,1,1,2,2,"60",4,"","1","",3,3,2,1,1,1,1,1,1,1,1,1,1,1,5,1,2,4,1,NA,NA,NA,NA,NA,NA,NA,NA,NA,NA,NA,NA,NA,NA,NA,NA,"no"
"905",64,18,"voluntary","yes","male",1,5,3,1,1,5,0,1,1,13,NA,NA,0,1,0,0,0,0,0,0,0,0,0,0,0,0,0,0,0,0,0,0,0,0,0,0,0,1,1,1,0,1,NA,NA,NA,NA,NA,NA,NA,NA,NA,NA,NA,NA,NA,NA,NA,NA,NA,NA,NA,NA,NA,NA,NA,NA,NA,NA,NA,"1",1,1,1,2,1,"2","0",NA,"Flower Mound",2,1,1,1,1,0,0,1,1,2,3,3,1,1,1,1,3,5,1,1,1,1,"64",1,"","3","",4,2,1,NA,1,3,5,5,2,3,3,1,1,5,4,5,NA,5,2,1,1,1,4,5,5,5,1,NA,NA,NA,NA,NA,NA,NA,NA,"no"
"906",75,16,"voluntary","no","male",1,4,5,4,1,4,NA,NA,NA,NA,NA,NA,NA,NA,NA,NA,NA,NA,NA,NA,NA,NA,NA,NA,NA,NA,NA,NA,NA,NA,NA,NA,NA,NA,NA,NA,NA,NA,NA,NA,NA,NA,NA,NA,NA,NA,NA,NA,NA,NA,NA,NA,NA,NA,NA,NA,NA,NA,NA,NA,NA,NA,NA,NA,NA,NA,NA,NA,NA,"",5,5,5,5,5,"","",NA,"",NA,NA,NA,NA,NA,NA,NA,NA,NA,2,4,4,1,1,3,2,2,5,1,1,3,1,"75",1,"","1","2",3,6,1,1,3,1,5,5,3,3,3,5,5,4,4,3,2,4,1,NA,NA,NA,NA,NA,NA,NA,NA,NA,NA,NA,NA,NA,NA,NA,NA,"no"
"907",NA,21,"voluntary","yes","male",1,3,4,5,1,1,1,NA,3,19,NA,NA,0,0,0,0,0,0,0,0,0,0,0,0,0,0,0,0,0,0,0,1,0,0,0,0,0,0,0,1,0,1,NA,NA,NA,NA,NA,NA,NA,NA,NA,NA,NA,NA,NA,NA,NA,NA,NA,NA,NA,NA,NA,NA,NA,NA,NA,NA,NA,"1",1,1,1,1,1,"1","0",NA,"Houston",2,1,1,1,0,0,0,1,1,1,3,2,1,1,3,3,3,5,1,2,3,2,"",2,"","1","",5,NA,1,1,1,1,1,3,1,1,4,4,1,1,1,1,2,4,2,3,2,1,6,1,2,1,1,NA,NA,NA,NA,NA,NA,NA,NA,"no"
